{
  "type": "FeatureCollection",
  "name": "territory-520",
  "features": [
    {
      "type": "Feature",
      "properties": {
        "Name": "(Allegiance of Golden Horde to Yuan Dynasty)",
        "FromYear": 1294,
        "ToYear": 1304,
        "Area": 19183977.96806769,
        "Type": "RELATION",
        "Wikipedia": "Golden Horde",
        "Wikidata": "Q79965",
        "SeshatID": "ru_golden_horde;cn_yuan_dyn",
        "Components": "Yuan Dynasty;Golden Horde",
        "MemberOf": ""
      },
      "geometry": {
        "type": "MultiPolygon",
        "coordinates": [
          [
            [
              [
                35.01994323730469,
                45.300437927246094
              ],
              [
                36.42308807373047,
                45.431331634521484
              ],
              [
                36.37263107299805,
                45.10417556762695
              ],
              [
                35.87525939941406,
                45.03877639770508
              ],
              [
                35.732418060302734,
                45.169586181640625
              ],
              [
                35.40727996826172,
                45.169586181640625
              ],
              [
                35.297096252441406,
                44.973392486572266
              ],
              [
                34.45737838745117,
                44.77729415893555
              ],
              [
                34.376285552978516,
                44.77729415893555
              ],
              [
                34.03373718261719,
                44.64661407470703
              ],
              [
                33.55644607543945,
                44.71194839477539
              ],
              [
                33.56534957885742,
                44.77729415893555
              ],
              [
                33.61005401611328,
                45.10417556762695
              ],
              [
                33.465389251708984,
                45.23500442504883
              ],
              [
                33.221439361572266,
                45.23500442504883
              ],
              [
                32.60533905029297,
                45.496795654296875
              ],
              [
                33.70957565307617,
                45.82429504394531
              ],
              [
                33.73704528808594,
                46.02093505859375
              ],
              [
                34.15492630004883,
                46.08650588989258
              ],
              [
                34.544586181640625,
                45.95537567138672
              ],
              [
                34.74187088012695,
                45.62776184082031
              ],
              [
                34.82337951660156,
                45.62776184082031
              ],
              [
                34.98639678955078,
                45.62776184082031
              ],
              [
                35.01994323730469,
                45.300437927246094
              ]
            ]
          ],
          [
            [
              [
                29.66587257385254,
                45.431331634521484
              ],
              [
                29.658414840698242,
                45.36587905883789
              ],
              [
                29.57703399658203,
                45.36587905883789
              ],
              [
                29.58445930480957,
                45.431331634521484
              ],
              [
                29.66587257385254,
                45.431331634521484
              ]
            ]
          ],
          [
            [
              [
                53.18265914916992,
                46.02093505859375
              ],
              [
                53.16569900512695,
                45.95537567138672
              ],
              [
                53.08402633666992,
                45.95537567138672
              ],
              [
                53.100955963134766,
                46.02093505859375
              ],
              [
                53.18265914916992,
                46.02093505859375
              ]
            ]
          ],
          [
            [
              [
                47.289119720458984,
                45.23500442504883
              ],
              [
                47.09792709350586,
                45.10417556762695
              ],
              [
                47.04105758666992,
                44.842647552490234
              ],
              [
                46.688507080078125,
                44.71194839477539
              ],
              [
                46.63267517089844,
                44.45067596435547
              ],
              [
                47.00926971435547,
                44.32010269165039
              ],
              [
                47.34308624267578,
                43.99384307861328
              ],
              [
                47.33984375,
                43.6026611328125
              ],
              [
                47.459136962890625,
                43.407203674316406
              ],
              [
                47.40385437011719,
                43.146724700927734
              ],
              [
                47.39011001586914,
                43.08163070678711
              ],
              [
                46.16054153442383,
                42.56119155883789
              ],
              [
                45.40181350708008,
                42.36617660522461
              ],
              [
                45.20412826538086,
                42.17123794555664
              ],
              [
                44.20914077758789,
                41.97637939453125
              ],
              [
                43.93391418457031,
                41.781593322753906
              ],
              [
                43.44394302368164,
                41.71668243408203
              ],
              [
                43.068695068359375,
                41.84651184082031
              ],
              [
                41.792869567871094,
                41.84651184082031
              ],
              [
                41.713130950927734,
                41.84651184082031
              ],
              [
                41.81525421142578,
                41.97637939453125
              ],
              [
                41.73545837402344,
                41.97637939453125
              ],
              [
                41.75791549682617,
                42.10627746582031
              ],
              [
                41.598209381103516,
                42.10627746582031
              ],
              [
                41.700584411621094,
                42.236209869384766
              ],
              [
                41.48331832885742,
                42.36617660522461
              ],
              [
                41.608699798583984,
                42.62621307373047
              ],
              [
                41.3337516784668,
                42.88639831542969
              ],
              [
                41.173343658447266,
                42.88639831542969
              ],
              [
                41.11582565307617,
                43.016544342041016
              ],
              [
                40.81732177734375,
                43.146724700927734
              ],
              [
                40.41570281982422,
                43.146724700927734
              ],
              [
                40.219173431396484,
                43.407203674316406
              ],
              [
                39.75851058959961,
                43.53750228881836
              ],
              [
                39.06172180175781,
                44.18956756591797
              ],
              [
                38.21527862548828,
                44.45067596435547
              ],
              [
                38.014862060546875,
                44.71194839477539
              ],
              [
                37.52848815917969,
                44.71194839477539
              ],
              [
                37.25600814819336,
                45.03877639770508
              ],
              [
                36.778892517089844,
                45.10417556762695
              ],
              [
                36.74873733520508,
                45.431331634521484
              ],
              [
                36.911563873291016,
                45.431331634521484
              ],
              [
                36.972293853759766,
                45.300437927246094
              ],
              [
                37.704429626464844,
                45.300437927246094
              ],
              [
                37.747013092041016,
                45.56227111816406
              ],
              [
                37.59468460083008,
                45.62776184082031
              ],
              [
                37.7577018737793,
                45.62776184082031
              ],
              [
                37.89311981201172,
                45.95537567138672
              ],
              [
                38.334564208984375,
                46.1520881652832
              ],
              [
                38.36785888671875,
                46.348915100097656
              ],
              [
                37.89856719970703,
                46.480194091796875
              ],
              [
                37.83858108520508,
                46.61152267456055
              ],
              [
                38.494598388671875,
                46.61152267456055
              ],
              [
                38.62202453613281,
                46.87434005737305
              ],
              [
                38.78630065917969,
                46.87434005737305
              ],
              [
                38.89152145385742,
                47.005828857421875
              ],
              [
                39.12647247314453,
                46.94007873535156
              ],
              [
                39.26741409301758,
                47.26897048950195
              ],
              [
                39.1968879699707,
                47.33478927612305
              ],
              [
                38.6794548034668,
                47.20316696166992
              ],
              [
                37.51609802246094,
                47.13737487792969
              ],
              [
                37.16523361206055,
                47.005828857421875
              ],
              [
                37.2257080078125,
                46.87434005737305
              ],
              [
                36.90787887573242,
                46.94007873535156
              ],
              [
                36.80437088012695,
                46.808616638183594
              ],
              [
                35.634639739990234,
                46.677207946777344
              ],
              [
                35.24697494506836,
                46.283294677734375
              ],
              [
                34.75596237182617,
                46.283294677734375
              ],
              [
                34.736690521240234,
                46.1520881652832
              ],
              [
                34.0825309753418,
                46.1520881652832
              ],
              [
                34.019439697265625,
                46.283294677734375
              ],
              [
                33.610260009765625,
                46.283294677734375
              ],
              [
                33.59191131591797,
                46.1520881652832
              ],
              [
                32.946651458740234,
                46.21768569946289
              ],
              [
                32.84713363647461,
                46.08650588989258
              ],
              [
                32.683658599853516,
                46.08650588989258
              ],
              [
                32.0639533996582,
                46.348915100097656
              ],
              [
                31.81834602355957,
                46.348915100097656
              ],
              [
                31.835351943969727,
                46.480194091796875
              ],
              [
                32.16309356689453,
                46.480194091796875
              ],
              [
                32.18914794921875,
                46.677207946777344
              ],
              [
                32.03373336791992,
                46.74290466308594
              ],
              [
                31.787527084350586,
                46.74290466308594
              ],
              [
                31.606428146362305,
                46.61152267456055
              ],
              [
                30.87657928466797,
                46.677207946777344
              ],
              [
                30.297666549682617,
                45.95537567138672
              ],
              [
                30.044963836669922,
                45.889827728271484
              ],
              [
                29.85890007019043,
                45.693260192871094
              ],
              [
                29.614274978637695,
                45.693260192871094
              ],
              [
                29.591896057128906,
                45.496795654296875
              ],
              [
                29.58445930480957,
                45.431331634521484
              ],
              [
                29.095985412597656,
                45.431331634521484
              ],
              [
                28.667741775512695,
                45.23500442504883
              ],
              [
                28.34939956665039,
                45.300437927246094
              ],
              [
                28.281864166259766,
                45.431331634521484
              ],
              [
                27.77996253967285,
                45.300437927246094
              ],
              [
                27.69861602783203,
                45.300437927246094
              ],
              [
                27.549152374267578,
                45.431331634521484
              ],
              [
                27.054250717163086,
                45.36587905883789
              ],
              [
                26.584705352783203,
                45.56227111816406
              ],
              [
                26.521955490112305,
                45.75876998901367
              ],
              [
                26.34644317626953,
                45.62776184082031
              ],
              [
                26.02040672302246,
                45.62776184082031
              ],
              [
                25.787790298461914,
                45.75876998901367
              ],
              [
                25.70621681213379,
                45.75876998901367
              ],
              [
                25.72406005859375,
                45.95537567138672
              ],
              [
                25.905540466308594,
                46.1520881652832
              ],
              [
                25.748003005981445,
                46.21768569946289
              ],
              [
                25.708343505859375,
                46.677207946777344
              ],
              [
                25.41004753112793,
                47.005828857421875
              ],
              [
                25.428136825561523,
                47.20316696166992
              ],
              [
                25.263525009155273,
                47.20316696166992
              ],
              [
                25.205156326293945,
                47.46647262573242
              ],
              [
                24.887176513671875,
                47.598209381103516
              ],
              [
                24.90500259399414,
                47.79592514038086
              ],
              [
                24.987621307373047,
                47.79592514038086
              ],
              [
                25.01179313659668,
                48.059749603271484
              ],
              [
                25.629480361938477,
                48.455936431884766
              ],
              [
                25.565889358520508,
                48.654239654541016
              ],
              [
                25.246307373046875,
                48.786521911621094
              ],
              [
                25.26561164855957,
                48.98506164550781
              ],
              [
                25.952173233032227,
                49.18375015258789
              ],
              [
                26.22332000732422,
                49.38258361816406
              ],
              [
                26.189617156982422,
                49.84712600708008
              ],
              [
                26.029254913330078,
                49.91355895996094
              ],
              [
                25.967002868652344,
                50.11296081542969
              ],
              [
                25.799171447753906,
                50.11296081542969
              ],
              [
                25.820768356323242,
                50.312522888183594
              ],
              [
                25.659879684448242,
                50.37908172607422
              ],
              [
                25.69625473022461,
                50.71213912963867
              ],
              [
                25.964094161987305,
                50.84549331665039
              ],
              [
                25.98684310913086,
                51.04566955566406
              ],
              [
                26.493730545043945,
                51.04566955566406
              ],
              [
                26.594114303588867,
                51.17921447753906
              ],
              [
                27.211034774780273,
                51.37968063354492
              ],
              [
                27.914833068847656,
                51.580322265625
              ],
              [
                28.412189483642578,
                52.11625671386719
              ],
              [
                29.26380729675293,
                52.11625671386719
              ],
              [
                29.300537109375,
                51.78114318847656
              ],
              [
                29.67665672302246,
                51.44654083251953
              ],
              [
                30.26978302001953,
                51.44654083251953
              ],
              [
                30.334653854370117,
                51.31283950805664
              ],
              [
                30.503950119018555,
                51.31283950805664
              ],
              [
                30.598634719848633,
                51.37968063354492
              ],
              [
                30.52397918701172,
                51.44654083251953
              ],
              [
                30.58497428894043,
                51.84812545776367
              ],
              [
                30.43545913696289,
                51.98215103149414
              ],
              [
                30.456069946289062,
                52.11625671386719
              ],
              [
                30.95645523071289,
                52.0491943359375
              ],
              [
                31.298606872558594,
                52.586299896240234
              ],
              [
                31.48065757751465,
                52.653533935546875
              ],
              [
                31.514217376708984,
                52.85536575317383
              ],
              [
                31.902822494506836,
                53.124786376953125
              ],
              [
                34.00101089477539,
                53.32708740234375
              ],
              [
                34.98178482055664,
                53.93522644042969
              ],
              [
                35.009151458740234,
                54.07062530517578
              ],
              [
                35.91665267944336,
                54.681121826171875
              ],
              [
                35.9458122253418,
                54.817054748535156
              ],
              [
                36.49785232543945,
                54.95309066772461
              ],
              [
                36.64551544189453,
                55.225467681884766
              ],
              [
                36.73283386230469,
                55.225467681884766
              ],
              [
                36.820152282714844,
                55.225467681884766
              ],
              [
                36.861549377441406,
                55.021148681640625
              ],
              [
                37.194801330566406,
                54.95309066772461
              ],
              [
                37.312904357910156,
                55.089229583740234
              ],
              [
                38.12992477416992,
                55.225467681884766
              ],
              [
                38.94492721557617,
                55.70311737060547
              ],
              [
                39.295616149902344,
                55.70311737060547
              ],
              [
                39.3297233581543,
                55.83982467651367
              ],
              [
                39.94414138793945,
                55.83982467651367
              ],
              [
                40.15491485595703,
                55.97663879394531
              ],
              [
                40.33198165893555,
                56.319149017333984
              ],
              [
                41.975399017333984,
                56.524986267089844
              ],
              [
                41.956363677978516,
                56.45634460449219
              ],
              [
                42.04460525512695,
                56.45634460449219
              ],
              [
                42.05680847167969,
                56.182064056396484
              ],
              [
                42.21389389038086,
                56.11355972290039
              ],
              [
                42.19496536254883,
                56.04508590698242
              ],
              [
                42.22627258300781,
                55.83982467651367
              ],
              [
                42.314048767089844,
                55.83982467651367
              ],
              [
                45.293216705322266,
                56.11355972290039
              ],
              [
                45.754180908203125,
                56.182064056396484
              ],
              [
                45.884613037109375,
                56.319149017333984
              ],
              [
                46.85411834716797,
                56.319149017333984
              ],
              [
                47.53795623779297,
                56.524986267089844
              ],
              [
                47.956809997558594,
                56.45634460449219
              ],
              [
                48.267154693603516,
                56.59365463256836
              ],
              [
                49.238975524902344,
                56.59365463256836
              ],
              [
                49.215553283691406,
                56.524986267089844
              ],
              [
                49.98637390136719,
                56.45634460449219
              ],
              [
                49.96261215209961,
                56.387733459472656
              ],
              [
                50.29146194458008,
                56.319149017333984
              ],
              [
                50.572059631347656,
                56.11355972290039
              ],
              [
                51.075782775878906,
                56.04508590698242
              ],
              [
                51.05168914794922,
                55.97663879394531
              ],
              [
                51.818092346191406,
                55.90821838378906
              ],
              [
                51.793670654296875,
                55.83982467651367
              ],
              [
                52.271060943603516,
                55.70311737060547
              ],
              [
                52.30965042114258,
                55.56651306152344
              ],
              [
                52.48479080200195,
                55.56651306152344
              ],
              [
                52.52324676513672,
                55.430015563964844
              ],
              [
                52.698184967041016,
                55.430015563964844
              ],
              [
                52.64914321899414,
                55.29362487792969
              ],
              [
                53.32541275024414,
                54.74907684326172
              ],
              [
                53.99642562866211,
                54.681121826171875
              ],
              [
                53.971736907958984,
                54.613189697265625
              ],
              [
                55.36170959472656,
                54.613189697265625
              ],
              [
                57.031272888183594,
                54.88506317138672
              ],
              [
                57.25898361206055,
                55.021148681640625
              ],
              [
                58.04349899291992,
                55.021148681640625
              ],
              [
                58.1855354309082,
                55.15733337402344
              ],
              [
                59.40485382080078,
                55.36180877685547
              ],
              [
                59.66554260253906,
                55.56651306152344
              ],
              [
                60.570526123046875,
                55.63479995727539
              ],
              [
                60.51203918457031,
                55.498252868652344
              ],
              [
                60.59955978393555,
                55.498252868652344
              ],
              [
                61.183876037597656,
                55.63479995727539
              ],
              [
                61.97246170043945,
                55.63479995727539
              ],
              [
                62.67768096923828,
                55.83982467651367
              ],
              [
                62.9461784362793,
                56.04508590698242
              ],
              [
                63.178741455078125,
                55.97663879394531
              ],
              [
                64.39337921142578,
                56.319149017333984
              ],
              [
                66.43299865722656,
                56.524986267089844
              ],
              [
                66.39936828613281,
                56.45634460449219
              ],
              [
                66.840576171875,
                56.45634460449219
              ],
              [
                66.86121368408203,
                56.319149017333984
              ],
              [
                67.15953826904297,
                56.387733459472656
              ],
              [
                67.12562561035156,
                56.319149017333984
              ],
              [
                67.7964859008789,
                56.25059127807617
              ],
              [
                67.76234436035156,
                56.182064056396484
              ],
              [
                68.7840576171875,
                56.11355972290039
              ],
              [
                68.7494888305664,
                56.04508590698242
              ],
              [
                70.12104034423828,
                55.97663879394531
              ],
              [
                70.08583068847656,
                55.90821838378906
              ],
              [
                70.5604248046875,
                55.97663879394531
              ],
              [
                70.48959350585938,
                55.83982467651367
              ],
              [
                74.80274963378906,
                55.70311737060547
              ],
              [
                74.76512145996094,
                55.63479995727539
              ],
              [
                75.50411987304688,
                55.70311737060547
              ],
              [
                75.4660873413086,
                55.63479995727539
              ],
              [
                76.78040313720703,
                55.63479995727539
              ],
              [
                76.74171447753906,
                55.56651306152344
              ],
              [
                77.1795654296875,
                55.56651306152344
              ],
              [
                77.14073181152344,
                55.498252868652344
              ],
              [
                78.58898162841797,
                55.430015563964844
              ],
              [
                78.54950714111328,
                55.36180877685547
              ],
              [
                79.86797332763672,
                55.225467681884766
              ],
              [
                79.8280258178711,
                55.15733337402344
              ],
              [
                80.31149291992188,
                55.089229583740234
              ],
              [
                80.27146911621094,
                55.021148681640625
              ],
              [
                80.53297424316406,
                55.021148681640625
              ],
              [
                80.49291229248047,
                54.95309066772461
              ],
              [
                80.7542724609375,
                54.95309066772461
              ],
              [
                80.71417236328125,
                54.88506317138672
              ],
              [
                80.93524932861328,
                54.817054748535156
              ],
              [
                81.02227020263672,
                54.817054748535156
              ],
              [
                81.10929107666016,
                54.817054748535156
              ],
              [
                82.06651306152344,
                54.817054748535156
              ],
              [
                84.10415649414062,
                55.15733337402344
              ],
              [
                84.53854370117188,
                55.29362487792969
              ],
              [
                84.62433624267578,
                55.430015563964844
              ],
              [
                84.75621795654297,
                55.36180877685547
              ],
              [
                85.32359313964844,
                55.56651306152344
              ],
              [
                88.09349822998047,
                57.21294021606445
              ],
              [
                88.14799499511719,
                57.41988754272461
              ],
              [
                88.55998229980469,
                57.62710189819336
              ],
              [
                88.75521087646484,
                57.903804779052734
              ],
              [
                89.06349182128906,
                57.8345832824707
              ],
              [
                89.69869995117188,
                57.97305679321289
              ],
              [
                93.8438949584961,
                58.2503662109375
              ],
              [
                96.178466796875,
                58.59769821166992
              ],
              [
                98.4635009765625,
                59.08528518676758
              ],
              [
                100.77677154541016,
                59.36461639404297
              ],
              [
                102.83013153076172,
                59.434532165527344
              ],
              [
                109.38520812988281,
                60.628211975097656
              ],
              [
                109.77144622802734,
                60.83990478515625
              ],
              [
                109.97901916503906,
                60.76930236816406
              ],
              [
                113.64596557617188,
                61.40604019165039
              ],
              [
                117.39707946777344,
                61.547950744628906
              ],
              [
                117.32254028320312,
                61.47697448730469
              ],
              [
                119.37259674072266,
                61.40604019165039
              ],
              [
                119.4649658203125,
                61.40604019165039
              ],
              [
                125.78296661376953,
                61.193458557128906
              ],
              [
                125.70343780517578,
                61.12267303466797
              ],
              [
                135.93345642089844,
                61.05192565917969
              ],
              [
                135.84732055664062,
                60.9812126159668
              ],
              [
                139.8979034423828,
                60.91054153442383
              ],
              [
                139.80941772460938,
                60.83990478515625
              ],
              [
                139.99313354492188,
                60.83990478515625
              ],
              [
                139.90478515625,
                60.76930236816406
              ],
              [
                140.08837890625,
                60.76930236816406
              ],
              [
                140.00013732910156,
                60.69873809814453
              ],
              [
                140.18359375,
                60.69873809814453
              ],
              [
                140.09547424316406,
                60.628211975097656
              ],
              [
                140.19082641601562,
                60.557716369628906
              ],
              [
                139.1715545654297,
                59.504478454589844
              ],
              [
                139.26844787597656,
                59.434532165527344
              ],
              [
                138.6083221435547,
                58.80647277832031
              ],
              [
                138.6984405517578,
                58.80647277832031
              ],
              [
                137.44993591308594,
                57.41988754272461
              ],
              [
                137.53892517089844,
                57.41988754272461
              ],
              [
                135.18763732910156,
                55.021148681640625
              ],
              [
                135.27481079101562,
                55.021148681640625
              ],
              [
                135.23583984375,
                54.817054748535156
              ],
              [
                135.6869659423828,
                54.74907684326172
              ],
              [
                135.6161651611328,
                54.681121826171875
              ],
              [
                136.9199981689453,
                54.681121826171875
              ],
              [
                136.84866333007812,
                54.613189697265625
              ],
              [
                136.95118713378906,
                54.545284271240234
              ],
              [
                136.809326171875,
                54.4095458984375
              ],
              [
                136.9120635986328,
                54.341712951660156
              ],
              [
                136.6818084716797,
                53.86756134033203
              ],
              [
                137.0271759033203,
                53.86756134033203
              ],
              [
                137.2366485595703,
                54.07062530517578
              ],
              [
                137.85813903808594,
                54.00291442871094
              ],
              [
                137.2677001953125,
                53.597137451171875
              ],
              [
                138.09605407714844,
                53.732303619384766
              ],
              [
                138.37677001953125,
                54.00291442871094
              ],
              [
                138.6204376220703,
                54.07062530517578
              ],
              [
                138.51837158203125,
                54.138362884521484
              ],
              [
                138.73233032226562,
                54.341712951660156
              ],
              [
                140.0325164794922,
                54.341712951660156
              ],
              [
                139.96026611328125,
                54.27390670776367
              ],
              [
                140.13352966308594,
                54.27390670776367
              ],
              [
                140.07598876953125,
                54.138362884521484
              ],
              [
                140.2490692138672,
                54.138362884521484
              ],
              [
                140.20689392089844,
                53.93522644042969
              ],
              [
                140.58224487304688,
                53.799922943115234
              ],
              [
                140.5110626220703,
                53.732303619384766
              ],
              [
                140.76980590820312,
                53.732303619384766
              ],
              [
                140.69869995117188,
                53.664710998535156
              ],
              [
                140.87110900878906,
                53.664710998535156
              ],
              [
                140.80010986328125,
                53.597137451171875
              ],
              [
                140.98765563964844,
                53.52959060668945
              ],
              [
                140.91696166992188,
                53.462066650390625
              ],
              [
                141.46395874023438,
                53.32708740234375
              ],
              [
                141.1139678955078,
                52.99003219604492
              ],
              [
                141.3017120361328,
                52.92268753051758
              ],
              [
                141.23243713378906,
                52.85536575317383
              ],
              [
                141.3512420654297,
                52.720787048339844
              ],
              [
                141.1456756591797,
                52.51908493041992
              ],
              [
                141.23109436035156,
                52.51908493041992
              ],
              [
                141.19793701171875,
                52.31757736206055
              ],
              [
                141.55662536621094,
                52.250450134277344
              ],
              [
                141.3546142578125,
                52.0491943359375
              ],
              [
                141.45787048339844,
                51.98215103149414
              ],
              [
                140.95657348632812,
                51.64724349975586
              ],
              [
                140.82566833496094,
                51.51342010498047
              ],
              [
                140.93002319335938,
                51.44654083251953
              ],
              [
                140.65115356445312,
                51.24601745605469
              ],
              [
                140.77642822265625,
                51.112430572509766
              ],
              [
                140.48045349121094,
                50.71213912963867
              ],
              [
                140.56472778320312,
                50.71213912963867
              ],
              [
                140.4396209716797,
                50.578861236572266
              ],
              [
                140.54571533203125,
                50.51224899291992
              ],
              [
                140.42181396484375,
                50.37908172607422
              ],
              [
                140.50588989257812,
                50.37908172607422
              ],
              [
                140.48951721191406,
                50.17946243286133
              ],
              [
                140.74139404296875,
                50.17946243286133
              ],
              [
                140.43783569335938,
                49.84712600708008
              ],
              [
                140.5929718017578,
                49.64793395996094
              ],
              [
                140.38092041015625,
                49.316287994384766
              ],
              [
                140.46437072753906,
                49.316287994384766
              ],
              [
                140.2825469970703,
                48.91886520385742
              ],
              [
                140.36578369140625,
                48.91886520385742
              ],
              [
                140.19395446777344,
                48.72037124633789
              ],
              [
                140.27706909179688,
                48.72037124633789
              ],
              [
                140.16339111328125,
                48.5881233215332
              ],
              [
                140.24642944335938,
                48.5881233215332
              ],
              [
                140.02110290527344,
                48.323814392089844
              ],
              [
                139.35755920410156,
                47.92780685424805
              ],
              [
                138.8994903564453,
                47.26897048950195
              ],
              [
                138.62857055664062,
                47.13737487792969
              ],
              [
                138.41775512695312,
                46.87434005737305
              ],
              [
                138.49989318847656,
                46.87434005737305
              ],
              [
                138.34307861328125,
                46.677207946777344
              ],
              [
                138.42510986328125,
                46.677207946777344
              ],
              [
                137.8590850830078,
                45.95537567138672
              ],
              [
                136.71914672851562,
                45.10417556762695
              ],
              [
                136.1484375,
                44.45067596435547
              ],
              [
                135.986572265625,
                44.45067596435547
              ],
              [
                135.28416442871094,
                43.6026611328125
              ],
              [
                134.22183227539062,
                43.016544342041016
              ],
              [
                133.2723388671875,
                42.691246032714844
              ],
              [
                132.95187377929688,
                42.691246032714844
              ],
              [
                132.99696350097656,
                42.75628662109375
              ],
              [
                132.5611114501953,
                42.82133865356445
              ],
              [
                132.60623168945312,
                42.88639831542969
              ],
              [
                132.20521545410156,
                42.88639831542969
              ],
              [
                132.27102661132812,
                43.211830139160156
              ],
              [
                132.0999298095703,
                43.08163070678711
              ],
              [
                131.77874755859375,
                43.08163070678711
              ],
              [
                131.9146728515625,
                43.276947021484375
              ],
              [
                131.75390625,
                43.276947021484375
              ],
              [
                131.22511291503906,
                42.62621307373047
              ],
              [
                130.90475463867188,
                42.62621307373047
              ],
              [
                130.60537719726562,
                42.30118942260742
              ],
              [
                130.32212829589844,
                42.236209869384766
              ],
              [
                129.7823486328125,
                41.781593322753906
              ],
              [
                129.69317626953125,
                41.521995544433594
              ],
              [
                129.8822021484375,
                41.19768524169922
              ],
              [
                129.75584411621094,
                40.873565673828125
              ],
              [
                129.23776245117188,
                40.6791877746582
              ],
              [
                129.0777130126953,
                40.42012023925781
              ],
              [
                128.6822052001953,
                40.29063034057617
              ],
              [
                128.3679962158203,
                40.031734466552734
              ],
              [
                127.9345932006836,
                39.9670295715332
              ],
              [
                127.58325958251953,
                39.77294921875
              ],
              [
                127.665283203125,
                39.64360046386719
              ],
              [
                127.48323059082031,
                39.19107437133789
              ],
              [
                127.79782104492188,
                39.19107437133789
              ],
              [
                127.92344665527344,
                38.997230529785156
              ],
              [
                128.36380004882812,
                38.80344009399414
              ],
              [
                128.83999633789062,
                37.96426773071289
              ],
              [
                129.10020446777344,
                37.5772590637207
              ],
              [
                129.2563018798828,
                37.5772590637207
              ],
              [
                129.4748077392578,
                37.254878997802734
              ],
              [
                129.40687561035156,
                37.12596130371094
              ],
              [
                129.52882385253906,
                37.06150817871094
              ],
              [
                129.39639282226562,
                36.3527946472168
              ],
              [
                129.47402954101562,
                36.3527946472168
              ],
              [
                129.42141723632812,
                36.09519577026367
              ],
              [
                129.57652282714844,
                36.09519577026367
              ],
              [
                129.6669158935547,
                35.9664192199707
              ],
              [
                129.5386505126953,
                35.708900451660156
              ],
              [
                129.61607360839844,
                35.708900451660156
              ],
              [
                129.14712524414062,
                35.065311431884766
              ],
              [
                128.52938842773438,
                35.065311431884766
              ],
              [
                128.5451202392578,
                34.93662643432617
              ],
              [
                128.80740356445312,
                35.00096893310547
              ],
              [
                128.6848602294922,
                34.743614196777344
              ],
              [
                128.32968139648438,
                34.80794906616211
              ],
              [
                128.31358337402344,
                34.93662643432617
              ],
              [
                128.08206176757812,
                34.93662643432617
              ],
              [
                128.0679168701172,
                34.743614196777344
              ],
              [
                127.75946044921875,
                34.743614196777344
              ],
              [
                127.37831115722656,
                34.42197799682617
              ],
              [
                127.22427368164062,
                34.42197799682617
              ],
              [
                127.12974548339844,
                34.55062484741211
              ],
              [
                127.29676055908203,
                34.743614196777344
              ],
              [
                127.21964263916016,
                34.743614196777344
              ],
              [
                127.02291107177734,
                34.48630142211914
              ],
              [
                126.62617492675781,
                34.2933349609375
              ],
              [
                126.42462921142578,
                34.3576545715332
              ],
              [
                126.48365783691406,
                34.48630142211914
              ],
              [
                126.3476333618164,
                34.3576545715332
              ],
              [
                126.11663818359375,
                34.3576545715332
              ],
              [
                126.4784164428711,
                34.80794906616211
              ],
              [
                126.1998062133789,
                34.87228775024414
              ],
              [
                126.38115692138672,
                35.258358001708984
              ],
              [
                126.30387878417969,
                35.258358001708984
              ],
              [
                126.51919555664062,
                35.708900451660156
              ],
              [
                126.76777648925781,
                35.902034759521484
              ],
              [
                126.61280822753906,
                35.902034759521484
              ],
              [
                126.67567443847656,
                36.03080368041992
              ],
              [
                126.52062225341797,
                36.03080368041992
              ],
              [
                126.42864227294922,
                36.15959167480469
              ],
              [
                126.45157623291016,
                36.67487716674805
              ],
              [
                126.26383972167969,
                36.61045455932617
              ],
              [
                126.04977416992188,
                36.80373764038086
              ],
              [
                126.30320739746094,
                36.9970588684082
              ],
              [
                126.64752197265625,
                37.06150817871094
              ],
              [
                126.7022933959961,
                37.3193473815918
              ],
              [
                126.53524017333984,
                37.44829177856445
              ],
              [
                126.6025161743164,
                37.5772590637207
              ],
              [
                126.24594116210938,
                37.641746520996094
              ],
              [
                126.34768676757812,
                37.835243225097656
              ],
              [
                125.84493255615234,
                37.7707405090332
              ],
              [
                125.83466339111328,
                37.89975357055664
              ],
              [
                125.6783218383789,
                37.89975357055664
              ],
              [
                125.38711547851562,
                37.641746520996094
              ],
              [
                125.23096466064453,
                37.641746520996094
              ],
              [
                125.29808044433594,
                37.7707405090332
              ],
              [
                125.20932006835938,
                37.89975357055664
              ],
              [
                124.89665222167969,
                37.89975357055664
              ],
              [
                125.07669067382812,
                38.09331130981445
              ],
              [
                124.76374053955078,
                38.09331130981445
              ],
              [
                124.86637115478516,
                38.28691864013672
              ],
              [
                124.7880630493164,
                38.28691864013672
              ],
              [
                124.96138000488281,
                38.60969924926758
              ],
              [
                125.15330505371094,
                38.67427444458008
              ],
              [
                125.18850708007812,
                38.738853454589844
              ],
              [
                125.03155517578125,
                38.738853454589844
              ],
              [
                125.39002990722656,
                39.38497543334961
              ],
              [
                125.30574798583984,
                39.51427459716797
              ],
              [
                124.86974334716797,
                39.57893371582031
              ],
              [
                124.86456298828125,
                39.70827102661133
              ],
              [
                124.51239776611328,
                39.64360046386719
              ],
              [
                124.3446044921875,
                39.90232849121094
              ],
              [
                124.03396606445312,
                39.77294921875
              ],
              [
                123.32411193847656,
                39.77294921875
              ],
              [
                122.51297760009766,
                39.449623107910156
              ],
              [
                122.17044830322266,
                39.25570297241211
              ],
              [
                122.0653076171875,
                39.06184005737305
              ],
              [
                121.71622467041016,
                38.997230529785156
              ],
              [
                121.42170715332031,
                38.738853454589844
              ],
              [
                121.02933502197266,
                38.738853454589844
              ],
              [
                121.20073699951172,
                39.06184005737305
              ],
              [
                121.51512908935547,
                39.06184005737305
              ],
              [
                121.69013214111328,
                39.38497543334961
              ],
              [
                121.2965316772461,
                39.38497543334961
              ],
              [
                121.20963287353516,
                39.51427459716797
              ],
              [
                121.28069305419922,
                39.64360046386719
              ],
              [
                121.43833923339844,
                39.64360046386719
              ],
              [
                121.50332641601562,
                39.90232849121094
              ],
              [
                121.7764663696289,
                39.9670295715332
              ],
              [
                122.23056030273438,
                40.4848747253418
              ],
              [
                122.10609436035156,
                40.6791877746582
              ],
              [
                121.82695770263672,
                40.74397277832031
              ],
              [
                121.82366180419922,
                40.873565673828125
              ],
              [
                121.1097640991211,
                40.873565673828125
              ],
              [
                120.9967269897461,
                40.6791877746582
              ],
              [
                120.64734649658203,
                40.4848747253418
              ],
              [
                120.50029754638672,
                40.225894927978516
              ],
              [
                119.38044738769531,
                39.77294921875
              ],
              [
                119.21530151367188,
                39.320335388183594
              ],
              [
                118.98941802978516,
                39.19107437133789
              ],
              [
                118.44984436035156,
                39.06184005737305
              ],
              [
                118.0568618774414,
                39.06184005737305
              ],
              [
                118.04566192626953,
                39.19107437133789
              ],
              [
                117.77603912353516,
                39.1264533996582
              ],
              [
                117.57643127441406,
                38.738853454589844
              ],
              [
                117.6549072265625,
                38.738853454589844
              ],
              [
                117.60245513916016,
                38.48057174682617
              ],
              [
                117.75920867919922,
                38.48057174682617
              ],
              [
                117.77266693115234,
                38.351463317871094
              ],
              [
                118.05360412597656,
                38.28691864013672
              ],
              [
                118.06742095947266,
                38.157840728759766
              ],
              [
                118.58300018310547,
                38.09331130981445
              ],
              [
                118.64759826660156,
                38.22237777709961
              ],
              [
                118.80416870117188,
                38.22237777709961
              ],
              [
                118.77176666259766,
                38.157840728759766
              ],
              [
                119.4571304321289,
                37.96426773071289
              ],
              [
                119.3928451538086,
                37.835243225097656
              ],
              [
                119.23655700683594,
                37.835243225097656
              ],
              [
                118.98403930664062,
                37.3193473815918
              ],
              [
                119.13996124267578,
                37.3193473815918
              ],
              [
                119.15568542480469,
                37.1904182434082
              ],
              [
                119.70111083984375,
                37.1904182434082
              ],
              [
                119.82661437988281,
                37.44829177856445
              ],
              [
                120.20220184326172,
                37.5772590637207
              ],
              [
                120.18807220458984,
                37.706241607666016
              ],
              [
                120.75377655029297,
                37.89975357055664
              ],
              [
                121.11202239990234,
                37.835243225097656
              ],
              [
                121.17103576660156,
                37.641746520996094
              ],
              [
                121.48333740234375,
                37.641746520996094
              ],
              [
                121.49687957763672,
                37.51277160644531
              ],
              [
                122.15351867675781,
                37.5772590637207
              ],
              [
                122.1211166381836,
                37.51277160644531
              ],
              [
                122.71288299560547,
                37.44829177856445
              ],
              [
                122.47421264648438,
                37.12596130371094
              ],
              [
                122.56636810302734,
                36.9970588684082
              ],
              [
                122.39389038085938,
                36.80373764038086
              ],
              [
                121.91207885742188,
                36.932613372802734
              ],
              [
                121.21208190917969,
                36.61045455932617
              ],
              [
                120.97892761230469,
                36.61045455932617
              ],
              [
                120.96481323242188,
                36.417205810546875
              ],
              [
                120.73184967041016,
                36.417205810546875
              ],
              [
                120.65852355957031,
                36.09519577026367
              ],
              [
                120.31848907470703,
                36.03080368041992
              ],
              [
                119.98648071289062,
                35.644527435302734
              ],
              [
                119.61874389648438,
                35.51579284667969
              ],
              [
                119.22760772705078,
                34.80794906616211
              ],
              [
                119.45901489257812,
                34.80794906616211
              ],
              [
                119.43090057373047,
                34.743614196777344
              ],
              [
                119.71125030517578,
                34.679283142089844
              ],
              [
                119.73230743408203,
                34.55062484741211
              ],
              [
                120.3418197631836,
                34.3576545715332
              ],
              [
                120.48936462402344,
                34.164703369140625
              ],
              [
                120.55045318603516,
                33.5859489440918
              ],
              [
                120.92630004882812,
                33.20018768310547
              ],
              [
                120.91920471191406,
                32.62162780761719
              ],
              [
                121.40264892578125,
                32.493072509765625
              ],
              [
                121.50330352783203,
                32.171695709228516
              ],
              [
                121.9613265991211,
                31.978878021240234
              ],
              [
                121.93677520751953,
                31.7217960357666
              ],
              [
                121.83556365966797,
                31.65752601623535
              ],
              [
                121.96309661865234,
                31.593257904052734
              ],
              [
                121.91353607177734,
                31.464719772338867
              ],
              [
                121.58425903320312,
                31.40045166015625
              ],
              [
                121.73657989501953,
                31.40045166015625
              ],
              [
                121.99526977539062,
                31.079113006591797
              ],
              [
                121.89926147460938,
                30.822044372558594
              ],
              [
                121.51921844482422,
                30.822044372558594
              ],
              [
                121.19719696044922,
                30.564971923828125
              ],
              [
                121.04530334472656,
                30.564971923828125
              ],
              [
                120.67976379394531,
                30.179353713989258
              ],
              [
                120.80880737304688,
                30.115081787109375
              ],
              [
                121.10469055175781,
                30.307893753051758
              ],
              [
                121.48409271240234,
                30.307893753051758
              ],
              [
                121.6202392578125,
                30.050809860229492
              ],
              [
                122.02978515625,
                29.922264099121094
              ],
              [
                121.864501953125,
                29.665164947509766
              ],
              [
                122.01595306396484,
                29.665164947509766
              ],
              [
                121.93843078613281,
                29.21521759033203
              ],
              [
                121.71156311035156,
                29.21521759033203
              ],
              [
                121.74463653564453,
                29.536611557006836
              ],
              [
                121.57134246826172,
                29.472333908081055
              ],
              [
                121.64702606201172,
                29.472333908081055
              ],
              [
                121.53888702392578,
                29.150936126708984
              ],
              [
                121.74431610107422,
                29.08665657043457
              ],
              [
                121.7143325805664,
                28.765243530273438
              ],
              [
                121.52177429199219,
                28.636676788330078
              ],
              [
                121.65211486816406,
                28.572391510009766
              ],
              [
                121.64590454101562,
                28.315250396728516
              ],
              [
                121.15326690673828,
                28.186676025390625
              ],
              [
                121.1933822631836,
                28.315250396728516
              ],
              [
                121.11795806884766,
                28.315250396728516
              ],
              [
                121.03816223144531,
                28.058101654052734
              ],
              [
                120.86773681640625,
                27.993812561035156
              ],
              [
                120.71461486816406,
                27.736658096313477
              ],
              [
                120.65725708007812,
                27.54378890991211
              ],
              [
                120.73251342773438,
                27.54378890991211
              ],
              [
                120.54503631591797,
                27.158044815063477
              ],
              [
                120.39466857910156,
                27.158044815063477
              ],
              [
                120.24666595458984,
                26.900876998901367
              ],
              [
                120.09639739990234,
                26.900876998901367
              ],
              [
                120.06058502197266,
                26.772293090820312
              ],
              [
                120.21080017089844,
                26.772293090820312
              ],
              [
                120.1576919555664,
                26.57941436767578
              ],
              [
                119.83992767333984,
                26.515121459960938
              ],
              [
                119.93810272216797,
                26.32224464416504
              ],
              [
                119.5870132446289,
                26.129364013671875
              ],
              [
                119.77836608886719,
                26.000778198242188
              ],
              [
                119.52989959716797,
                25.615020751953125
              ],
              [
                119.90438079833984,
                25.615020751953125
              ],
              [
                119.87213897705078,
                25.48643684387207
              ],
              [
                119.46599578857422,
                25.357851028442383
              ],
              [
                119.42289733886719,
                25.48643684387207
              ],
              [
                119.27314758300781,
                25.48643684387207
              ],
              [
                119.39114379882812,
                25.357851028442383
              ],
              [
                119.34419250488281,
                25.164974212646484
              ],
              [
                119.02947998046875,
                25.100683212280273
              ],
              [
                119.07367706298828,
                24.97209930419922
              ],
              [
                118.8191146850586,
                24.843517303466797
              ],
              [
                118.75972747802734,
                24.586353302001953
              ],
              [
                118.14736938476562,
                24.522062301635742
              ],
              [
                118.07573699951172,
                24.200613021850586
              ],
              [
                117.72126770019531,
                23.943456649780273
              ],
              [
                117.69377136230469,
                23.814878463745117
              ],
              [
                117.46995544433594,
                23.814878463745117
              ],
              [
                117.1788330078125,
                23.493436813354492
              ],
              [
                116.8938980102539,
                23.557723999023438
              ],
              [
                116.7796401977539,
                23.36486053466797
              ],
              [
                116.81497955322266,
                23.171995162963867
              ],
              [
                116.59144592285156,
                23.171995162963867
              ],
              [
                116.54004669189453,
                22.914846420288086
              ],
              [
                115.69562530517578,
                22.786272048950195
              ],
              [
                115.67061614990234,
                22.657697677612305
              ],
              [
                115.37285614013672,
                22.657697677612305
              ],
              [
                115.17442321777344,
                22.786272048950195
              ],
              [
                114.90156555175781,
                22.529123306274414
              ],
              [
                114.75272369384766,
                22.529123306274414
              ],
              [
                114.64081573486328,
                22.72198486328125
              ],
              [
                114.53111267089844,
                22.143402099609375
              ],
              [
                114.37039184570312,
                22.079116821289062
              ],
              [
                113.99858856201172,
                22.079116821289062
              ],
              [
                113.99634552001953,
                22.46483612060547
              ],
              [
                113.78524017333984,
                22.529123306274414
              ],
              [
                113.7474365234375,
                22.72198486328125
              ],
              [
                113.59854125976562,
                22.72198486328125
              ],
              [
                113.69869995117188,
                22.46483612060547
              ],
              [
                113.63867950439453,
                22.143402099609375
              ],
              [
                113.41557312011719,
                22.143402099609375
              ],
              [
                113.31752014160156,
                22.014829635620117
              ],
              [
                113.10626220703125,
                22.079116821289062
              ],
              [
                113.07096862792969,
                21.88625717163086
              ],
              [
                112.77362823486328,
                21.88625717163086
              ],
              [
                112.44146728515625,
                21.693397521972656
              ],
              [
                111.85850524902344,
                21.7576847076416
              ],
              [
                111.6640625,
                21.500539779663086
              ],
              [
                110.98419189453125,
                21.43625259399414
              ],
              [
                110.73885345458984,
                21.307680130004883
              ],
              [
                110.71642303466797,
                21.179107666015625
              ],
              [
                110.41944885253906,
                21.179107666015625
              ],
              [
                110.48252868652344,
                21.114822387695312
              ],
              [
                110.36384582519531,
                20.857677459716797
              ],
              [
                110.61627197265625,
                20.60053253173828
              ],
              [
                110.48687744140625,
                20.279102325439453
              ],
              [
                109.88289642333984,
                20.214815139770508
              ],
              [
                109.9267807006836,
                20.471960067749023
              ],
              [
                109.7894515991211,
                20.53624725341797
              ],
              [
                109.7702407836914,
                20.857677459716797
              ],
              [
                109.69603729248047,
                20.857677459716797
              ],
              [
                109.87005615234375,
                21.43625259399414
              ],
              [
                109.80696105957031,
                21.500539779663086
              ],
              [
                109.11621856689453,
                21.371967315673828
              ],
              [
                109.08638000488281,
                21.629112243652344
              ],
              [
                108.65169525146484,
                21.693397521972656
              ],
              [
                108.55519104003906,
                21.5648250579834
              ],
              [
                108.17271423339844,
                21.500539779663086
              ],
              [
                108.09842681884766,
                21.500539779663086
              ],
              [
                107.97187042236328,
                21.629112243652344
              ],
              [
                107.58939361572266,
                21.5648250579834
              ],
              [
                107.4627456665039,
                21.693397521972656
              ],
              [
                107.23982238769531,
                21.693397521972656
              ],
              [
                106.71125030517578,
                22.079116821289062
              ],
              [
                106.60701751708984,
                22.33626365661621
              ],
              [
                106.77223205566406,
                22.85055923461914
              ],
              [
                106.70928955078125,
                22.914846420288086
              ],
              [
                106.32543182373047,
                22.85055923461914
              ],
              [
                106.19947814941406,
                22.97913360595703
              ],
              [
                105.75257110595703,
                22.97913360595703
              ],
              [
                105.43790435791016,
                23.30057144165039
              ],
              [
                105.21431732177734,
                23.30057144165039
              ],
              [
                104.95609283447266,
                23.107707977294922
              ],
              [
                104.83610534667969,
                22.85055923461914
              ],
              [
                104.51583099365234,
                22.72198486328125
              ],
              [
                104.15472412109375,
                22.786272048950195
              ],
              [
                104.0359878540039,
                22.529123306274414
              ],
              [
                103.88714599609375,
                22.529123306274414
              ],
              [
                103.77134704589844,
                22.72198486328125
              ],
              [
                103.53697204589844,
                22.657697677612305
              ],
              [
                103.32465362548828,
                22.72198486328125
              ],
              [
                103.21734619140625,
                22.529123306274414
              ],
              [
                102.91966247558594,
                22.529123306274414
              ],
              [
                102.86701202392578,
                22.657697677612305
              ],
              [
                102.58016967773438,
                22.72198486328125
              ],
              [
                102.15396881103516,
                22.400548934936523
              ],
              [
                101.71820831298828,
                22.46483612060547
              ],
              [
                101.64425659179688,
                22.014829635620117
              ],
              [
                101.87920379638672,
                21.629112243652344
              ],
              [
                101.88160705566406,
                21.179107666015625
              ],
              [
                101.3619155883789,
                21.179107666015625
              ],
              [
                101.31816864013672,
                21.371967315673828
              ],
              [
                101.17981719970703,
                21.43625259399414
              ],
              [
                101.15673828125,
                21.7576847076416
              ],
              [
                100.74431610107422,
                21.500539779663086
              ],
              [
                100.22432708740234,
                21.500539779663086
              ],
              [
                100.03181457519531,
                21.693397521972656
              ],
              [
                100.07260131835938,
                21.950544357299805
              ],
              [
                99.94442749023438,
                22.079116821289062
              ],
              [
                99.28540802001953,
                22.143402099609375
              ],
              [
                99.57035827636719,
                22.97913360595703
              ],
              [
                99.00663757324219,
                23.171995162963867
              ],
              [
                98.87066650390625,
                23.68630027770996
              ],
              [
                98.7326431274414,
                23.75058937072754
              ],
              [
                98.95002746582031,
                24.136323928833008
              ],
              [
                99.08069610595703,
                25.229267120361328
              ],
              [
                99.005859375,
                25.229267120361328
              ],
              [
                99.0441665649414,
                25.422143936157227
              ],
              [
                98.87154388427734,
                25.67931365966797
              ],
              [
                98.89795684814453,
                25.807899475097656
              ],
              [
                98.68645477294922,
                25.8721923828125
              ],
              [
                98.83740234375,
                26.57941436767578
              ],
              [
                98.7623291015625,
                26.57941436767578
              ],
              [
                98.81936645507812,
                26.836584091186523
              ],
              [
                98.74424743652344,
                26.836584091186523
              ],
              [
                98.78654479980469,
                27.35091781616211
              ],
              [
                98.56119537353516,
                27.6723690032959
              ],
              [
                98.32012176513672,
                27.608078002929688
              ],
              [
                98.17091369628906,
                27.92952537536621
              ],
              [
                97.4198989868164,
                28.25096321105957
              ],
              [
                97.34449005126953,
                28.25096321105957
              ],
              [
                96.86382293701172,
                28.44382095336914
              ],
              [
                96.3954086303711,
                28.379535675048828
              ],
              [
                96.38323211669922,
                28.636676788330078
              ],
              [
                96.18873596191406,
                28.765243530273438
              ],
              [
                95.58457946777344,
                28.765243530273438
              ],
              [
                94.76673126220703,
                28.508106231689453
              ],
              [
                94.38845825195312,
                28.186676025390625
              ],
              [
                93.560546875,
                27.865236282348633
              ],
              [
                93.2015380859375,
                27.608078002929688
              ],
              [
                92.2701416015625,
                27.4794979095459
              ],
              [
                92.09185028076172,
                27.35091781616211
              ],
              [
                91.72953796386719,
                27.41520881652832
              ],
              [
                91.60681915283203,
                27.54378890991211
              ],
              [
                91.63074493408203,
                27.993812561035156
              ],
              [
                91.19298553466797,
                28.058101654052734
              ],
              [
                90.93831634521484,
                27.92952537536621
              ],
              [
                90.81615447998047,
                28.058101654052734
              ],
              [
                90.36395263671875,
                28.058101654052734
              ],
              [
                90.33158874511719,
                28.25096321105957
              ],
              [
                90.19522094726562,
                28.315250396728516
              ],
              [
                89.96895599365234,
                28.315250396728516
              ],
              [
                89.62443542480469,
                28.12238883972168
              ],
              [
                88.8706283569336,
                28.12238883972168
              ],
              [
                88.84268188476562,
                27.993812561035156
              ],
              [
                88.5551528930664,
                28.058101654052734
              ],
              [
                88.21238708496094,
                27.865236282348633
              ],
              [
                87.74687194824219,
                27.800947189331055
              ],
              [
                87.37030792236328,
                27.800947189331055
              ],
              [
                86.82172393798828,
                28.058101654052734
              ],
              [
                86.34259796142578,
                27.92952537536621
              ],
              [
                86.2323226928711,
                28.12238883972168
              ],
              [
                85.96589660644531,
                27.92952537536621
              ],
              [
                85.745361328125,
                28.315250396728516
              ],
              [
                85.1419906616211,
                28.315250396728516
              ],
              [
                85.0937728881836,
                28.44382095336914
              ],
              [
                85.19670867919922,
                28.572391510009766
              ],
              [
                84.74384307861328,
                28.572391510009766
              ],
              [
                84.69590759277344,
                28.700960159301758
              ],
              [
                84.4076919555664,
                28.765243530273438
              ],
              [
                84.23683166503906,
                29.022375106811523
              ],
              [
                83.58460235595703,
                29.150936126708984
              ],
              [
                83.26295471191406,
                29.40805435180664
              ],
              [
                82.45887756347656,
                29.536611557006836
              ],
              [
                81.9858169555664,
                29.79371452331543
              ],
              [
                81.75855255126953,
                29.79371452331543
              ],
              [
                81.37571716308594,
                30.115081787109375
              ],
              [
                81.0723876953125,
                30.115081787109375
              ],
              [
                80.8416519165039,
                30.436433792114258
              ],
              [
                80.26356506347656,
                30.564971923828125
              ],
              [
                79.97239685058594,
                30.950578689575195
              ],
              [
                79.4549560546875,
                31.014846801757812
              ],
              [
                79.10343933105469,
                31.464719772338867
              ],
              [
                78.82906341552734,
                31.593257904052734
              ],
              [
                78.75285339355469,
                31.593257904052734
              ],
              [
                78.75325775146484,
                31.91460609436035
              ],
              [
                78.5552978515625,
                32.043148040771484
              ],
              [
                78.54139709472656,
                32.30024337768555
              ],
              [
                78.46499633789062,
                32.30024337768555
              ],
              [
                78.52821350097656,
                32.557350158691406
              ],
              [
                78.69712829589844,
                32.62162780761719
              ],
              [
                78.80223846435547,
                32.428794860839844
              ],
              [
                79.01564025878906,
                32.36451721191406
              ],
              [
                79.35331726074219,
                32.493072509765625
              ],
              [
                79.57101440429688,
                32.75019073486328
              ],
              [
                79.18309020996094,
                33.32876968383789
              ],
              [
                78.90959167480469,
                33.45735549926758
              ],
              [
                79.01982116699219,
                33.5859489440918
              ],
              [
                79.0617904663086,
                34.03607940673828
              ],
              [
                79.3521957397461,
                33.971771240234375
              ],
              [
                79.54047393798828,
                34.10039138793945
              ],
              [
                79.55061340332031,
                34.42197799682617
              ],
              [
                80.11954498291016,
                34.80794906616211
              ],
              [
                80.28716278076172,
                35.12965774536133
              ],
              [
                80.20992279052734,
                35.12965774536133
              ],
              [
                80.24267578125,
                35.51579284667969
              ],
              [
                79.67899322509766,
                35.708900451660156
              ],
              [
                79.44332122802734,
                35.9664192199707
              ],
              [
                79.49940490722656,
                36.15959167480469
              ],
              [
                79.69229888916016,
                36.28839111328125
              ],
              [
                80.39008331298828,
                36.5460319519043
              ],
              [
                81.26437377929688,
                36.61045455932617
              ],
              [
                81.71249389648438,
                36.80373764038086
              ],
              [
                82.1014175415039,
                36.80373764038086
              ],
              [
                85.1133804321289,
                37.44829177856445
              ],
              [
                85.35621643066406,
                37.706241607666016
              ],
              [
                85.81294250488281,
                37.89975357055664
              ],
              [
                86.08140563964844,
                38.22237777709961
              ],
              [
                86.77645874023438,
                38.416015625
              ],
              [
                87.66171264648438,
                38.48057174682617
              ],
              [
                88.7458267211914,
                38.8680305480957
              ],
              [
                89.13844299316406,
                38.8680305480957
              ],
              [
                90.56585693359375,
                39.70827102661133
              ],
              [
                90.82918548583984,
                40.355369567871094
              ],
              [
                90.72469329833984,
                40.4848747253418
              ],
              [
                90.77880096435547,
                40.614410400390625
              ],
              [
                90.64751434326172,
                40.6791877746582
              ],
              [
                90.70207214355469,
                40.80876541137695
              ],
              [
                90.57084655761719,
                40.873565673828125
              ],
              [
                90.62584686279297,
                41.00318908691406
              ],
              [
                90.49466705322266,
                41.06801223754883
              ],
              [
                90.45655059814453,
                41.71668243408203
              ],
              [
                90.37686920166016,
                41.71668243408203
              ],
              [
                90.4622802734375,
                41.911441802978516
              ],
              [
                90.35997772216797,
                42.041324615478516
              ],
              [
                90.41753387451172,
                42.17123794555664
              ],
              [
                90.337646484375,
                42.17123794555664
              ],
              [
                90.39546203613281,
                42.30118942260742
              ],
              [
                90.31552124023438,
                42.30118942260742
              ],
              [
                90.4027328491211,
                42.496177673339844
              ],
              [
                90.30107879638672,
                42.62621307373047
              ],
              [
                90.35977935791016,
                42.75628662109375
              ],
              [
                90.2796401977539,
                42.75628662109375
              ],
              [
                90.33856964111328,
                42.88639831542969
              ],
              [
                90.25836944580078,
                42.88639831542969
              ],
              [
                90.27593231201172,
                43.276947021484375
              ],
              [
                90.19554901123047,
                43.276947021484375
              ],
              [
                90.28536987304688,
                43.472347259521484
              ],
              [
                90.20489501953125,
                43.472347259521484
              ],
              [
                90.29522705078125,
                43.6678352355957
              ],
              [
                90.21466064453125,
                43.6678352355957
              ],
              [
                90.3309097290039,
                44.77729415893555
              ],
              [
                89.90609741210938,
                44.908016204833984
              ],
              [
                89.93704986572266,
                44.973392486572266
              ],
              [
                89.6934814453125,
                44.973392486572266
              ],
              [
                89.46122741699219,
                45.169586181640625
              ],
              [
                89.21737670898438,
                45.169586181640625
              ],
              [
                88.98453521728516,
                45.36587905883789
              ],
              [
                88.44551849365234,
                45.431331634521484
              ],
              [
                88.21177673339844,
                45.62776184082031
              ],
              [
                87.9163589477539,
                45.693260192871094
              ],
              [
                87.94703674316406,
                45.75876998901367
              ],
              [
                87.51875305175781,
                45.889827728271484
              ],
              [
                87.54942321777344,
                45.95537567138672
              ],
              [
                86.72171783447266,
                46.283294677734375
              ],
              [
                86.59892272949219,
                46.54585266113281
              ],
              [
                86.43498992919922,
                46.54585266113281
              ],
              [
                86.36344146728516,
                46.74290466308594
              ],
              [
                86.19930267333984,
                46.74290466308594
              ],
              [
                86.12783813476562,
                46.94007873535156
              ],
              [
                85.96349334716797,
                46.94007873535156
              ],
              [
                85.89212799072266,
                47.13737487792969
              ],
              [
                85.72757720947266,
                47.13737487792969
              ],
              [
                85.73870849609375,
                47.33478927612305
              ],
              [
                85.55406188964844,
                47.46647262573242
              ],
              [
                85.61689758300781,
                47.598209381103516
              ],
              [
                85.5149154663086,
                47.730003356933594
              ],
              [
                85.3497543334961,
                47.730003356933594
              ],
              [
                85.17304229736328,
                47.53233337402344
              ],
              [
                83.97834014892578,
                47.26897048950195
              ],
              [
                83.36394500732422,
                47.005828857421875
              ],
              [
                80.88964080810547,
                46.61152267456055
              ],
              [
                80.750732421875,
                46.480194091796875
              ],
              [
                80.04412841796875,
                46.74290466308594
              ],
              [
                80.0724868774414,
                46.808616638183594
              ],
              [
                79.60565948486328,
                46.677207946777344
              ],
              [
                79.30550384521484,
                46.74290466308594
              ],
              [
                79.33355712890625,
                46.808616638183594
              ],
              [
                78.70458984375,
                46.87434005737305
              ],
              [
                78.10157012939453,
                46.61152267456055
              ],
              [
                77.91033172607422,
                46.74290466308594
              ],
              [
                76.73442077636719,
                46.677207946777344
              ],
              [
                76.76136779785156,
                46.74290466308594
              ],
              [
                76.35102081298828,
                46.74290466308594
              ],
              [
                76.32263946533203,
                46.87434005737305
              ],
              [
                74.59777069091797,
                46.87434005737305
              ],
              [
                74.43742370605469,
                46.677207946777344
              ],
              [
                74.35539245605469,
                46.677207946777344
              ],
              [
                73.88894653320312,
                46.74290466308594
              ],
              [
                73.91477966308594,
                46.808616638183594
              ],
              [
                73.17585754394531,
                46.808616638183594
              ],
              [
                72.0334243774414,
                46.61152267456055
              ],
              [
                70.95574951171875,
                45.693260192871094
              ],
              [
                69.97750091552734,
                44.32010269165039
              ],
              [
                61.95561981201172,
                43.73301696777344
              ],
              [
                61.7556266784668,
                43.6026611328125
              ],
              [
                61.52179718017578,
                43.08163070678711
              ],
              [
                61.20567321777344,
                42.82133865356445
              ],
              [
                61.13116455078125,
                42.56119155883789
              ],
              [
                60.781185150146484,
                42.17123794555664
              ],
              [
                60.60334777832031,
                42.10627746582031
              ],
              [
                60.451820373535156,
                41.84651184082031
              ],
              [
                59.49873352050781,
                41.26253128051758
              ],
              [
                58.82558822631836,
                40.80876541137695
              ],
              [
                56.35368347167969,
                40.42012023925781
              ],
              [
                56.13896179199219,
                39.8376350402832
              ],
              [
                55.95176315307617,
                39.70827102661133
              ],
              [
                55.89362335205078,
                39.449623107910156
              ],
              [
                55.45184326171875,
                38.8680305480957
              ],
              [
                53.946529388427734,
                38.80344009399414
              ],
              [
                53.959896087646484,
                38.8680305480957
              ],
              [
                53.98678207397461,
                38.997230529785156
              ],
              [
                53.726463317871094,
                39.25570297241211
              ],
              [
                53.13750457763672,
                39.449623107910156
              ],
              [
                53.54492950439453,
                39.51427459716797
              ],
              [
                53.498451232910156,
                40.031734466552734
              ],
              [
                52.78766632080078,
                40.031734466552734
              ],
              [
                52.71352767944336,
                40.42012023925781
              ],
              [
                52.792659759521484,
                40.42012023925781
              ],
              [
                52.89295959472656,
                40.873565673828125
              ],
              [
                52.97228240966797,
                40.873565673828125
              ],
              [
                52.943321228027344,
                40.74397277832031
              ],
              [
                53.33966064453125,
                40.74397277832031
              ],
              [
                53.448211669921875,
                40.873565673828125
              ],
              [
                53.40435791015625,
                40.6791877746582
              ],
              [
                54.370140075683594,
                40.74397277832031
              ],
              [
                54.40007400512695,
                40.873565673828125
              ],
              [
                54.66834259033203,
                41.00318908691406
              ],
              [
                54.729549407958984,
                41.26253128051758
              ],
              [
                54.090518951416016,
                41.586883544921875
              ],
              [
                53.91130447387695,
                42.17123794555664
              ],
              [
                53.19236373901367,
                42.17123794555664
              ],
              [
                52.811973571777344,
                41.911441802978516
              ],
              [
                52.80158615112305,
                41.521995544433594
              ],
              [
                52.721988677978516,
                41.521995544433594
              ],
              [
                52.49290466308594,
                41.911441802978516
              ],
              [
                52.52302169799805,
                42.041324615478516
              ],
              [
                52.44319534301758,
                42.041324615478516
              ],
              [
                52.679012298583984,
                42.36617660522461
              ],
              [
                52.78733444213867,
                42.82133865356445
              ],
              [
                52.41746520996094,
                42.95146560668945
              ],
              [
                51.936058044433594,
                42.95146560668945
              ],
              [
                51.772151947021484,
                43.276947021484375
              ],
              [
                51.43531036376953,
                43.211830139160156
              ],
              [
                51.30513381958008,
                43.342071533203125
              ],
              [
                51.31692886352539,
                43.73301696777344
              ],
              [
                51.040714263916016,
                43.92862319946289
              ],
              [
                51.07164001464844,
                44.05907440185547
              ],
              [
                50.87572479248047,
                44.25482940673828
              ],
              [
                50.19388198852539,
                44.45067596435547
              ],
              [
                50.224510192871094,
                44.58129119873047
              ],
              [
                50.40192413330078,
                44.64661407470703
              ],
              [
                50.85692596435547,
                44.5159797668457
              ],
              [
                51.42369842529297,
                44.5159797668457
              ],
              [
                51.47117233276367,
                44.71194839477539
              ],
              [
                51.016197204589844,
                44.842647552490234
              ],
              [
                51.0634765625,
                45.03877639770508
              ],
              [
                51.468292236328125,
                45.36587905883789
              ],
              [
                51.87519073486328,
                45.36587905883789
              ],
              [
                52.086769104003906,
                45.23500442504883
              ],
              [
                53.8757209777832,
                45.23500442504883
              ],
              [
                53.80810546875,
                44.973392486572266
              ],
              [
                54.29523849487305,
                44.973392486572266
              ],
              [
                54.363616943359375,
                45.23500442504883
              ],
              [
                54.21808624267578,
                45.300437927246094
              ],
              [
                54.286781311035156,
                45.56227111816406
              ],
              [
                53.87939453125,
                45.56227111816406
              ],
              [
                53.66555404663086,
                45.36587905883789
              ],
              [
                53.42141342163086,
                45.36587905883789
              ],
              [
                53.06462860107422,
                45.56227111816406
              ],
              [
                53.067134857177734,
                45.889827728271484
              ],
              [
                53.247371673583984,
                45.95537567138672
              ],
              [
                53.34987258911133,
                46.348915100097656
              ],
              [
                53.26800537109375,
                46.348915100097656
              ],
              [
                53.27227020263672,
                46.677207946777344
              ],
              [
                53.19023513793945,
                46.677207946777344
              ],
              [
                53.242305755615234,
                46.87434005737305
              ],
              [
                53.112831115722656,
                47.005828857421875
              ],
              [
                51.862857818603516,
                46.94007873535156
              ],
              [
                51.81448745727539,
                47.07159423828125
              ],
              [
                51.58463668823242,
                47.13737487792969
              ],
              [
                50.84418869018555,
                47.13737487792969
              ],
              [
                50.3016242980957,
                46.94007873535156
              ],
              [
                49.990848541259766,
                46.677207946777344
              ],
              [
                49.303199768066406,
                46.54585266113281
              ],
              [
                49.06181335449219,
                46.21768569946289
              ],
              [
                48.6375732421875,
                46.1520881652832
              ],
              [
                48.59209442138672,
                45.95537567138672
              ],
              [
                48.34708023071289,
                45.95537567138672
              ],
              [
                48.05744171142578,
                45.75876998901367
              ],
              [
                47.56800079345703,
                45.75876998901367
              ],
              [
                47.47183609008789,
                45.693260192871094
              ],
              [
                47.52421569824219,
                45.56227111816406
              ],
              [
                47.509674072265625,
                45.496795654296875
              ],
              [
                47.48066329956055,
                45.36587905883789
              ],
              [
                47.332332611083984,
                45.431331634521484
              ],
              [
                47.289119720458984,
                45.23500442504883
              ]
            ]
          ],
          [
            [
              [
                51.09994125366211,
                56.11355972290039
              ],
              [
                51.187923431396484,
                56.11355972290039
              ],
              [
                51.16371154785156,
                56.04508590698242
              ],
              [
                51.075782775878906,
                56.04508590698242
              ],
              [
                51.09994125366211,
                56.11355972290039
              ]
            ]
          ],
          [
            [
              [
                109.24968719482422,
                18.2219181060791
              ],
              [
                109.12333679199219,
                18.350492477416992
              ],
              [
                108.76459503173828,
                18.414779663085938
              ],
              [
                108.63818359375,
                18.543354034423828
              ],
              [
                108.70427703857422,
                19.379087448120117
              ],
              [
                109.20277404785156,
                19.700523376464844
              ],
              [
                109.2463607788086,
                19.95766830444336
              ],
              [
                110.15737915039062,
                20.08624267578125
              ],
              [
                110.59095001220703,
                20.021955490112305
              ],
              [
                110.613037109375,
                20.150527954101562
              ],
              [
                110.90947723388672,
                20.150527954101562
              ],
              [
                111.08741760253906,
                19.893383026123047
              ],
              [
                111.03193664550781,
                19.571949005126953
              ],
              [
                110.88386535644531,
                19.571949005126953
              ],
              [
                110.85066986083984,
                19.379087448120117
              ],
              [
                110.68057250976562,
                19.25051498413086
              ],
              [
                110.50775909423828,
                18.67193031311035
              ],
              [
                110.1902847290039,
                18.543354034423828
              ],
              [
                110.1794204711914,
                18.479066848754883
              ],
              [
                109.86219787597656,
                18.350492477416992
              ],
              [
                109.84064483642578,
                18.2219181060791
              ],
              [
                109.24968719482422,
                18.2219181060791
              ]
            ]
          ],
          [
            [
              [
                121.97661590576172,
                29.986536026000977
              ],
              [
                122.02213287353516,
                30.115081787109375
              ],
              [
                122.04503631591797,
                30.179353713989258
              ],
              [
                122.2725830078125,
                30.179353713989258
              ],
              [
                122.27982330322266,
                29.986536026000977
              ],
              [
                121.97661590576172,
                29.986536026000977
              ]
            ]
          ],
          [
            [
              [
                126.35626983642578,
                33.52165222167969
              ],
              [
                126.99883270263672,
                33.5859489440918
              ],
              [
                126.7801284790039,
                33.26447677612305
              ],
              [
                126.70345306396484,
                33.26447677612305
              ],
              [
                126.1387710571289,
                33.20018768310547
              ],
              [
                126.35626983642578,
                33.52165222167969
              ]
            ]
          ]
        ]
      }
    }
  ]
}