{
  "type": "FeatureCollection",
  "name": "territory-653",
  "features": [
    {
      "type": "Feature",
      "properties": {
        "Name": "(Personal union of Spanish Empire with Habsburg Monarchy)",
        "FromYear": 1556,
        "ToYear": 1563,
        "Area": 5297870.0870422935,
        "Type": "RELATION",
        "Wikipedia": "Charles V, Holy Roman Emperor",
        "Wikidata": "Q32500",
        "SeshatID": "es_spanish_emp_1;at_habsburg_1",
        "Components": "(Spanish Empire);(Habsburg Monarchy);Kingdom of Spain;Spanish Empire;Habsburg Monarchy",
        "MemberOf": ""
      },
      "geometry": {
        "type": "MultiPolygon",
        "coordinates": [
          [
            [
              [
                -58.38331985473633,
                -25.68657684326172
              ],
              [
                -58.161617279052734,
                -25.236528396606445
              ],
              [
                -58.001914978027344,
                -25.172237396240234
              ],
              [
                -58.05679702758789,
                -25.04365348815918
              ],
              [
                -57.887508392333984,
                -24.915069580078125
              ],
              [
                -57.85835266113281,
                -24.722196578979492
              ],
              [
                -57.502620697021484,
                -24.336454391479492
              ],
              [
                -57.2692985534668,
                -24.272165298461914
              ],
              [
                -56.99840545654297,
                -24.46503448486328
              ],
              [
                -57.026634216308594,
                -24.65790557861328
              ],
              [
                -57.19520568847656,
                -24.786487579345703
              ],
              [
                -57.149436950683594,
                -24.979360580444336
              ],
              [
                -57.30880355834961,
                -25.04365348815918
              ],
              [
                -57.34846115112305,
                -25.30082130432129
              ],
              [
                -57.50821304321289,
                -25.365114212036133
              ],
              [
                -57.890380859375,
                -25.87945556640625
              ],
              [
                -57.90095901489258,
                -25.943748474121094
              ],
              [
                -58.26564025878906,
                -26.329505920410156
              ],
              [
                -58.3099365234375,
                -26.58667755126953
              ],
              [
                -58.8242073059082,
                -26.522384643554688
              ],
              [
                -58.8328857421875,
                -26.136627197265625
              ],
              [
                -58.38331985473633,
                -25.68657684326172
              ]
            ]
          ],
          [
            [
              [
                -75.3443374633789,
                -10.836090087890625
              ],
              [
                -75.33930206298828,
                -10.771801948547363
              ],
              [
                -75.26614379882812,
                -10.771801948547363
              ],
              [
                -75.27117156982422,
                -10.836090087890625
              ],
              [
                -75.3443374633789,
                -10.836090087890625
              ]
            ]
          ],
          [
            [
              [
                -105.2906265258789,
                23.107707977294922
              ],
              [
                -104.86127471923828,
                22.85055923461914
              ],
              [
                -104.81925964355469,
                22.657697677612305
              ],
              [
                -105.01478576660156,
                22.529123306274414
              ],
              [
                -104.9872055053711,
                22.400548934936523
              ],
              [
                -104.71710205078125,
                22.529123306274414
              ],
              [
                -104.33769989013672,
                22.143402099609375
              ],
              [
                -104.11459350585938,
                22.143402099609375
              ],
              [
                -104.08074951171875,
                22.33626365661621
              ],
              [
                -104.1961441040039,
                22.529123306274414
              ],
              [
                -103.91219329833984,
                22.59341049194336
              ],
              [
                -103.78317260742188,
                22.33626365661621
              ],
              [
                -103.8575668334961,
                22.33626365661621
              ],
              [
                -103.80372619628906,
                22.079116821289062
              ],
              [
                -103.72936248779297,
                22.079116821289062
              ],
              [
                -103.72233581542969,
                22.400548934936523
              ],
              [
                -103.57353210449219,
                22.400548934936523
              ],
              [
                -103.45866394042969,
                22.20768928527832
              ],
              [
                -103.47970581054688,
                21.950544357299805
              ],
              [
                -103.33102416992188,
                21.950544357299805
              ],
              [
                -103.14778900146484,
                22.143402099609375
              ],
              [
                -102.9725112915039,
                22.014829635620117
              ],
              [
                -102.88094329833984,
                21.5648250579834
              ],
              [
                -102.71945190429688,
                21.500539779663086
              ],
              [
                -102.59392547607422,
                21.24339485168457
              ],
              [
                -102.3839111328125,
                21.307680130004883
              ],
              [
                -102.12310028076172,
                21.114822387695312
              ],
              [
                -101.74099731445312,
                21.43625259399414
              ],
              [
                -101.76655578613281,
                21.5648250579834
              ],
              [
                -101.5436782836914,
                21.5648250579834
              ],
              [
                -101.25741577148438,
                21.24339485168457
              ],
              [
                -101.04724884033203,
                21.307680130004883
              ],
              [
                -100.51458740234375,
                20.857677459716797
              ],
              [
                -100.30431365966797,
                20.921964645385742
              ],
              [
                -100.20545196533203,
                21.179107666015625
              ],
              [
                -99.90847778320312,
                21.179107666015625
              ],
              [
                -99.64871978759766,
                20.986249923706055
              ],
              [
                -99.28990936279297,
                21.050535202026367
              ],
              [
                -99.1911849975586,
                20.921964645385742
              ],
              [
                -99.04276275634766,
                20.921964645385742
              ],
              [
                -98.8568115234375,
                21.114822387695312
              ],
              [
                -98.6474380493164,
                20.793392181396484
              ],
              [
                -98.42486572265625,
                20.793392181396484
              ],
              [
                -98.34939575195312,
                21.179107666015625
              ],
              [
                -97.34651184082031,
                21.371967315673828
              ],
              [
                -97.07746887207031,
                20.72910499572754
              ],
              [
                -96.51469421386719,
                20.08624267578125
              ],
              [
                -96.25057983398438,
                19.443374633789062
              ],
              [
                -95.76676940917969,
                18.800504684448242
              ],
              [
                -94.77217102050781,
                18.607641220092773
              ],
              [
                -94.48452758789062,
                18.2219181060791
              ],
              [
                -94.04130554199219,
                18.2219181060791
              ],
              [
                -93.49372100830078,
                18.479066848754883
              ],
              [
                -92.61772155761719,
                18.543354034423828
              ],
              [
                -92.50244903564453,
                18.736217498779297
              ],
              [
                -91.83705139160156,
                18.736217498779297
              ],
              [
                -91.79398345947266,
                18.479066848754883
              ],
              [
                -91.49837493896484,
                18.479066848754883
              ],
              [
                -91.44587707519531,
                18.607641220092773
              ],
              [
                -91.29804229736328,
                18.607641220092773
              ],
              [
                -91.35189819335938,
                18.929079055786133
              ],
              [
                -90.81432342529297,
                19.25051498413086
              ],
              [
                -90.74271392822266,
                19.700523376464844
              ],
              [
                -90.47938537597656,
                19.893383026123047
              ],
              [
                -90.49354553222656,
                20.40767478942871
              ],
              [
                -90.41940307617188,
                20.40767478942871
              ],
              [
                -90.3199234008789,
                21.114822387695312
              ],
              [
                -90.17145538330078,
                21.114822387695312
              ],
              [
                -89.9826889038086,
                21.307680130004883
              ],
              [
                -89.1771240234375,
                21.371967315673828
              ],
              [
                -88.47954559326172,
                21.629112243652344
              ],
              [
                -87.3426742553711,
                21.500539779663086
              ],
              [
                -87.2164306640625,
                21.629112243652344
              ],
              [
                -86.91922760009766,
                21.629112243652344
              ],
              [
                -86.74839782714844,
                21.500539779663086
              ],
              [
                -86.66070556640625,
                20.986249923706055
              ],
              [
                -86.85083770751953,
                20.793392181396484
              ],
              [
                -86.82926940917969,
                20.664819717407227
              ],
              [
                -87.04102325439453,
                20.60053253173828
              ],
              [
                -87.34735107421875,
                20.214815139770508
              ],
              [
                -87.29402160644531,
                19.893383026123047
              ],
              [
                -87.54778289794922,
                19.6362361907959
              ],
              [
                -87.38911437988281,
                19.571949005126953
              ],
              [
                -87.36799621582031,
                19.443374633789062
              ],
              [
                -87.49495697021484,
                19.314802169799805
              ],
              [
                -87.45301055908203,
                19.057653427124023
              ],
              [
                -87.7293930053711,
                18.479066848754883
              ],
              [
                -87.69865417480469,
                18.286205291748047
              ],
              [
                -87.91007232666016,
                18.2219181060791
              ],
              [
                -88.03532409667969,
                18.543354034423828
              ],
              [
                -87.96141052246094,
                18.543354034423828
              ],
              [
                -87.99251556396484,
                18.736217498779297
              ],
              [
                -88.12997436523438,
                18.67193031311035
              ],
              [
                -88.17279815673828,
                18.479066848754883
              ],
              [
                -88.2467041015625,
                18.479066848754883
              ],
              [
                -88.3945083618164,
                18.479066848754883
              ],
              [
                -88.75556182861328,
                17.964767456054688
              ],
              [
                -89.05091857910156,
                17.964767456054688
              ],
              [
                -89.16804504394531,
                17.77190399169922
              ],
              [
                -90.57054138183594,
                17.77190399169922
              ],
              [
                -90.60244750976562,
                16.550434112548828
              ],
              [
                -90.35283660888672,
                16.35757064819336
              ],
              [
                -90.37967681884766,
                16.036130905151367
              ],
              [
                -90.00240325927734,
                15.971842765808105
              ],
              [
                -89.99325561523438,
                15.907554626464844
              ],
              [
                -90.2721176147461,
                15.26467514038086
              ],
              [
                -89.91310119628906,
                15.328963279724121
              ],
              [
                -89.89584350585938,
                15.200387001037598
              ],
              [
                -89.45467376708984,
                15.200387001037598
              ],
              [
                -89.03923034667969,
                15.393251419067383
              ],
              [
                -89.0184555053711,
                15.77897834777832
              ],
              [
                -88.94486236572266,
                15.77897834777832
              ],
              [
                -89.03642272949219,
                15.907554626464844
              ],
              [
                -88.30039978027344,
                15.907554626464844
              ],
              [
                -88.20897674560547,
                15.77897834777832
              ],
              [
                -87.98821258544922,
                15.77897834777832
              ],
              [
                -87.93238830566406,
                15.907554626464844
              ],
              [
                -87.49076843261719,
                15.907554626464844
              ],
              [
                -87.25232696533203,
                15.77897834777832
              ],
              [
                -86.4428482055664,
                15.77897834777832
              ],
              [
                -85.8802719116211,
                15.971842765808105
              ],
              [
                -85.86832427978516,
                15.328963279724121
              ],
              [
                -85.68842315673828,
                15.07181167602539
              ],
              [
                -85.06068420410156,
                14.750371932983398
              ],
              [
                -84.81712341308594,
                14.55750846862793
              ],
              [
                -84.79447174072266,
                14.364645004272461
              ],
              [
                -84.58161926269531,
                14.428933143615723
              ],
              [
                -84.55197143554688,
                14.171781539916992
              ],
              [
                -84.7576904296875,
                14.043206214904785
              ],
              [
                -84.74332427978516,
                13.914630889892578
              ],
              [
                -84.9422836303711,
                13.721768379211426
              ],
              [
                -84.92146301269531,
                13.528904914855957
              ],
              [
                -84.66767120361328,
                13.207467079162598
              ],
              [
                -84.73441314697266,
                13.143178939819336
              ],
              [
                -84.63513946533203,
                12.886029243469238
              ],
              [
                -84.78176879882812,
                12.886029243469238
              ],
              [
                -84.75031280517578,
                12.564591407775879
              ],
              [
                -84.67701721191406,
                12.564591407775879
              ],
              [
                -84.6290054321289,
                12.050291061401367
              ],
              [
                -84.47671508789062,
                11.986002922058105
              ],
              [
                -84.5384750366211,
                11.857428550720215
              ],
              [
                -84.42103576660156,
                11.343128204345703
              ],
              [
                -84.02884674072266,
                11.021690368652344
              ],
              [
                -83.74128723144531,
                11.085978507995605
              ],
              [
                -83.58470153808594,
                10.957403182983398
              ],
              [
                -83.5647201538086,
                10.7002534866333
              ],
              [
                -83.23410034179688,
                10.185953140258789
              ],
              [
                -82.8504638671875,
                9.928803443908691
              ],
              [
                -82.84166717529297,
                9.800228118896484
              ],
              [
                -82.60948944091797,
                9.607365608215332
              ],
              [
                -82.30876159667969,
                9.478790283203125
              ],
              [
                -82.20748138427734,
                9.028778076171875
              ],
              [
                -81.83834838867188,
                8.964489936828613
              ],
              [
                -81.92312622070312,
                9.157352447509766
              ],
              [
                -81.77700805664062,
                9.157352447509766
              ],
              [
                -81.46550750732422,
                8.835914611816406
              ],
              [
                -81.02725982666016,
                8.835914611816406
              ],
              [
                -80.53499603271484,
                9.157352447509766
              ],
              [
                -79.95831298828125,
                9.285927772521973
              ],
              [
                -79.68607330322266,
                9.607365608215332
              ],
              [
                -78.95521545410156,
                9.607365608215332
              ],
              [
                -78.94718170166016,
                9.478790283203125
              ],
              [
                -78.50871276855469,
                9.478790283203125
              ],
              [
                -77.98551940917969,
                9.285927772521973
              ],
              [
                -77.7439956665039,
                8.900202751159668
              ],
              [
                -77.5141830444336,
                8.707340240478516
              ],
              [
                -77.29507446289062,
                8.707340240478516
              ],
              [
                -77.1319580078125,
                8.385902404785156
              ],
              [
                -76.8301010131836,
                8.193038940429688
              ],
              [
                -76.92643737792969,
                8.643052101135254
              ],
              [
                -76.29025268554688,
                9.028778076171875
              ],
              [
                -76.09332275390625,
                9.41450309753418
              ],
              [
                -75.65867614746094,
                9.478790283203125
              ],
              [
                -75.63796997070312,
                10.314528465270996
              ],
              [
                -75.4959716796875,
                10.378815650939941
              ],
              [
                -75.5777359008789,
                10.507390975952148
              ],
              [
                -75.44463348388672,
                10.7002534866333
              ],
              [
                -75.22962188720703,
                10.764540672302246
              ],
              [
                -75.23863220214844,
                10.893115997314453
              ],
              [
                -74.96434783935547,
                11.15026569366455
              ],
              [
                -74.52061462402344,
                11.085978507995605
              ],
              [
                -74.36063385009766,
                10.893115997314453
              ],
              [
                -74.17333221435547,
                11.343128204345703
              ],
              [
                -73.15324401855469,
                11.407415390014648
              ],
              [
                -72.81107330322266,
                11.728853225708008
              ],
              [
                -72.23989868164062,
                11.92171573638916
              ],
              [
                -72.19175720214844,
                12.24315357208252
              ],
              [
                -71.90381622314453,
                12.307440757751465
              ],
              [
                -71.84087371826172,
                12.436016082763672
              ],
              [
                -71.32791900634766,
                12.436016082763672
              ],
              [
                -71.09784698486328,
                12.307440757751465
              ],
              [
                -71.07292938232422,
                11.986002922058105
              ],
              [
                -71.27811431884766,
                11.793140411376953
              ],
              [
                -71.9228286743164,
                11.6002779006958
              ],
              [
                -71.82191467285156,
                11.214552879333496
              ],
              [
                -71.59342193603516,
                11.085978507995605
              ],
              [
                -71.6491470336914,
                10.828827857971191
              ],
              [
                -71.50282287597656,
                10.828827857971191
              ],
              [
                -71.01683044433594,
                11.214552879333496
              ],
              [
                -70.15194702148438,
                11.407415390014648
              ],
              [
                -70.08782958984375,
                11.535990715026855
              ],
              [
                -69.79044342041016,
                11.47170352935791
              ],
              [
                -69.73094940185547,
                11.664566040039062
              ],
              [
                -69.57991027832031,
                11.6002779006958
              ],
              [
                -69.5708236694336,
                11.47170352935791
              ],
              [
                -69.13607788085938,
                11.535990715026855
              ],
              [
                -69.40233612060547,
                11.15026569366455
              ],
              [
                -70.2718505859375,
                11.021690368652344
              ],
              [
                -70.8359375,
                10.7002534866333
              ],
              [
                -70.87669372558594,
                10.185953140258789
              ],
              [
                -70.48828125,
                9.800228118896484
              ],
              [
                -70.400634765625,
                9.543078422546387
              ],
              [
                -70.61276245117188,
                9.41450309753418
              ],
              [
                -70.81134033203125,
                9.028778076171875
              ],
              [
                -70.7316665649414,
                8.900202751159668
              ],
              [
                -71.23001098632812,
                8.643052101135254
              ],
              [
                -71.88729095458984,
                8.643052101135254
              ],
              [
                -71.8937759399414,
                8.771627426147461
              ],
              [
                -72.03985595703125,
                8.771627426147461
              ],
              [
                -72.0999984741211,
                8.514476776123047
              ],
              [
                -72.2428970336914,
                8.450189590454102
              ],
              [
                -72.49395751953125,
                7.550163269042969
              ],
              [
                -72.64264678955078,
                7.614450931549072
              ],
              [
                -72.77782440185547,
                7.357300281524658
              ],
              [
                -72.76752471923828,
                7.100150108337402
              ],
              [
                -72.91596984863281,
                7.164437294006348
              ],
              [
                -72.98141479492188,
                6.971574783325195
              ],
              [
                -73.0269775390625,
                6.200123310089111
              ],
              [
                -72.95197296142578,
                6.135835647583008
              ],
              [
                -73.09371185302734,
                6.007260322570801
              ],
              [
                -73.15689849853516,
                5.685822010040283
              ],
              [
                -73.30083465576172,
                5.62153434753418
              ],
              [
                -73.5785140991211,
                5.10723352432251
              ],
              [
                -73.7242660522461,
                5.10723352432251
              ],
              [
                -73.79239654541016,
                4.914370536804199
              ],
              [
                -74.14936065673828,
                4.592932224273682
              ],
              [
                -74.3587646484375,
                4.142918586730957
              ],
              [
                -74.35414123535156,
                3.885768175125122
              ],
              [
                -74.49874114990234,
                3.821480512619019
              ],
              [
                -74.78152465820312,
                3.242892026901245
              ],
              [
                -74.99839782714844,
                3.114316701889038
              ],
              [
                -74.99620056152344,
                2.921453714370728
              ],
              [
                -75.14253997802734,
                2.985741376876831
              ],
              [
                -75.21331787109375,
                2.7928786277771
              ],
              [
                -75.43052673339844,
                2.664303302764893
              ],
              [
                -75.42940521240234,
                2.535728216171265
              ],
              [
                -75.79110717773438,
                2.214290142059326
              ],
              [
                -75.86251831054688,
                1.957139730453491
              ],
              [
                -76.22520446777344,
                1.571414232254028
              ],
              [
                -76.15213012695312,
                1.378551483154297
              ],
              [
                -76.37045288085938,
                1.314263939857483
              ],
              [
                -76.29766845703125,
                1.185688734054565
              ],
              [
                -76.4433364868164,
                1.057113647460938
              ],
              [
                -76.44368743896484,
                0.864250957965851
              ],
              [
                -76.58942413330078,
                0.799963414669037
              ],
              [
                -76.809326171875,
                0.414238125085831
              ],
              [
                -76.73768615722656,
                0.221375524997711
              ],
              [
                -76.88323974609375,
                0.221375524997711
              ],
              [
                -76.95689392089844,
                0.092800483107567
              ],
              [
                -76.8700180053711,
                -0.100062072277069
              ],
              [
                -77.01556396484375,
                -0.100062072277069
              ],
              [
                -77.1644058227539,
                -0.485787272453308
              ],
              [
                -77.09429931640625,
                -0.742937445640564
              ],
              [
                -77.31413269042969,
                -0.871512532234192
              ],
              [
                -77.24375915527344,
                -1.064375281333923
              ],
              [
                -77.38932800292969,
                -1.064375281333923
              ],
              [
                -77.5404052734375,
                -1.450100660324097
              ],
              [
                -77.6243896484375,
                -2.092976570129395
              ],
              [
                -77.55284881591797,
                -2.157264232635498
              ],
              [
                -77.62564849853516,
                -2.157264232635498
              ],
              [
                -77.63813018798828,
                -2.735852479934692
              ],
              [
                -77.71094512939453,
                -2.735852479934692
              ],
              [
                -77.64275360107422,
                -2.928715467453003
              ],
              [
                -77.78839111328125,
                -2.928715467453003
              ],
              [
                -77.79663848876953,
                -3.250153541564941
              ],
              [
                -77.86946105957031,
                -3.250153541564941
              ],
              [
                -77.8503189086914,
                -4.921631813049316
              ],
              [
                -77.71700286865234,
                -5.243070125579834
              ],
              [
                -77.8084716796875,
                -5.693083763122559
              ],
              [
                -77.60677337646484,
                -6.078809261322021
              ],
              [
                -77.68858337402344,
                -6.271672248840332
              ],
              [
                -77.48517608642578,
                -6.59311056137085
              ],
              [
                -77.49799346923828,
                -6.850261211395264
              ],
              [
                -76.83528137207031,
                -8.071725845336914
              ],
              [
                -76.62390899658203,
                -8.200301170349121
              ],
              [
                -76.56256103515625,
                -8.393163681030273
              ],
              [
                -76.343505859375,
                -8.393163681030273
              ],
              [
                -76.24238586425781,
                -9.100326538085938
              ],
              [
                -76.0492172241211,
                -9.486052513122559
              ],
              [
                -75.9074935913086,
                -9.550339698791504
              ],
              [
                -75.92098236083984,
                -9.743202209472656
              ],
              [
                -75.52918243408203,
                -10.386076927185059
              ],
              [
                -75.48060607910156,
                -10.707514762878418
              ],
              [
                -75.33429718017578,
                -10.707514762878418
              ],
              [
                -75.41749572753906,
                -10.836090087890625
              ],
              [
                -75.16622924804688,
                -11.35038948059082
              ],
              [
                -74.66446685791016,
                -11.478964805603027
              ],
              [
                -73.8692855834961,
                -12.443277359008789
              ],
              [
                -73.44715118408203,
                -12.636139869689941
              ],
              [
                -73.45307159423828,
                -12.700428009033203
              ],
              [
                -73.75225830078125,
                -12.764715194702148
              ],
              [
                -73.78271484375,
                -13.086153030395508
              ],
              [
                -73.59405517578125,
                -13.407590866088867
              ],
              [
                -73.30062103271484,
                -13.407590866088867
              ],
              [
                -73.06173706054688,
                -13.214728355407715
              ],
              [
                -73.16580963134766,
                -12.764715194702148
              ],
              [
                -73.0925064086914,
                -12.764715194702148
              ],
              [
                -72.5119857788086,
                -12.82900333404541
              ],
              [
                -71.7354736328125,
                -13.15044116973877
              ],
              [
                -71.64409637451172,
                -12.9575777053833
              ],
              [
                -71.50341796875,
                -13.021865844726562
              ],
              [
                -71.49152374267578,
                -12.893290519714355
              ],
              [
                -71.2598648071289,
                -12.764715194702148
              ],
              [
                -70.67342376708984,
                -12.764715194702148
              ],
              [
                -70.39178466796875,
                -12.893290519714355
              ],
              [
                -69.37694549560547,
                -13.021865844726562
              ],
              [
                -69.24199676513672,
                -13.15044116973877
              ],
              [
                -69.01612854003906,
                -13.086153030395508
              ],
              [
                -69.02787780761719,
                -13.214728355407715
              ],
              [
                -68.74040985107422,
                -13.279016494750977
              ],
              [
                -68.37367248535156,
                -13.279016494750977
              ],
              [
                -68.09209442138672,
                -13.407590866088867
              ],
              [
                -67.96334838867188,
                -13.600454330444336
              ],
              [
                -67.81659698486328,
                -13.600454330444336
              ],
              [
                -67.68807983398438,
                -13.793316841125488
              ],
              [
                -66.76472473144531,
                -14.114755630493164
              ],
              [
                -66.42914581298828,
                -14.43619441986084
              ],
              [
                -66.00123596191406,
                -14.564769744873047
              ],
              [
                -65.66643524169922,
                -14.886209487915039
              ],
              [
                -64.8711166381836,
                -15.014784812927246
              ],
              [
                -64.31629180908203,
                -15.336224555969238
              ],
              [
                -63.80149459838867,
                -15.336224555969238
              ],
              [
                -63.74817657470703,
                -15.529088973999023
              ],
              [
                -63.12021255493164,
                -15.850528717041016
              ],
              [
                -62.58721923828125,
                -16.364831924438477
              ],
              [
                -62.55661392211914,
                -16.750560760498047
              ],
              [
                -62.48291778564453,
                -16.750560760498047
              ],
              [
                -62.5793571472168,
                -17.586301803588867
              ],
              [
                -62.98307418823242,
                -18.486328125
              ],
              [
                -63.004878997802734,
                -19.257776260375977
              ],
              [
                -62.93088150024414,
                -19.257776260375977
              ],
              [
                -63.12708282470703,
                -20.222076416015625
              ],
              [
                -63.201202392578125,
                -20.222076416015625
              ],
              [
                -63.1766242980957,
                -20.6077938079834
              ],
              [
                -63.3249626159668,
                -20.6077938079834
              ],
              [
                -63.432533264160156,
                -20.864938735961914
              ],
              [
                -63.40042495727539,
                -21.186368942260742
              ],
              [
                -63.548912048339844,
                -21.186368942260742
              ],
              [
                -63.657283782958984,
                -21.443513870239258
              ],
              [
                -63.80978012084961,
                -22.022090911865234
              ],
              [
                -63.744239807128906,
                -22.08637809753418
              ],
              [
                -63.91962432861328,
                -22.279237747192383
              ],
              [
                -64.0757827758789,
                -22.857820510864258
              ],
              [
                -64.84109497070312,
                -23.50069808959961
              ],
              [
                -65.05941772460938,
                -23.95071792602539
              ],
              [
                -65.06664276123047,
                -24.46503448486328
              ],
              [
                -65.14134979248047,
                -24.46503448486328
              ],
              [
                -65.2706298828125,
                -25.236528396606445
              ],
              [
                -65.44268798828125,
                -25.365114212036133
              ],
              [
                -65.6844711303711,
                -25.87945556640625
              ],
              [
                -65.68097686767578,
                -26.265213012695312
              ],
              [
                -65.75598907470703,
                -26.265213012695312
              ],
              [
                -66.26313018798828,
                -28.386796951293945
              ],
              [
                -66.33856201171875,
                -28.386796951293945
              ],
              [
                -66.34877014160156,
                -28.772504806518555
              ],
              [
                -66.52890014648438,
                -28.901071548461914
              ],
              [
                -66.66287994384766,
                -29.47959327697754
              ],
              [
                -66.73856353759766,
                -29.47959327697754
              ],
              [
                -67.12086486816406,
                -31.022106170654297
              ],
              [
                -67.30651092529297,
                -31.1506404876709
              ],
              [
                -67.74171447753906,
                -31.921865463256836
              ],
              [
                -67.73625183105469,
                -32.178955078125
              ],
              [
                -68.46904754638672,
                -33.65751266479492
              ],
              [
                -69.32035064697266,
                -34.42924118041992
              ],
              [
                -69.78667449951172,
                -34.68655014038086
              ],
              [
                -70.47866821289062,
                -35.39434051513672
              ],
              [
                -70.52934265136719,
                -35.78054428100586
              ],
              [
                -70.75908660888672,
                -36.23126220703125
              ],
              [
                -70.6814956665039,
                -36.23126220703125
              ],
              [
                -70.89215850830078,
                -36.61772918701172
              ],
              [
                -70.8144302368164,
                -36.61772918701172
              ],
              [
                -70.97260284423828,
                -37.06878662109375
              ],
              [
                -70.89472961425781,
                -37.06878662109375
              ],
              [
                -71.22129821777344,
                -37.9715576171875
              ],
              [
                -71.14310455322266,
                -37.9715576171875
              ],
              [
                -71.41461944580078,
                -38.48786163330078
              ],
              [
                -71.33623504638672,
                -38.48786163330078
              ],
              [
                -71.60657501220703,
                -39.586238861083984
              ],
              [
                -72.0263442993164,
                -39.84494400024414
              ],
              [
                -72.1057357788086,
                -40.03904342651367
              ],
              [
                -72.61087036132812,
                -40.492191314697266
              ],
              [
                -72.58654022216797,
                -40.621726989746094
              ],
              [
                -72.77257537841797,
                -40.68650436401367
              ],
              [
                -73.23497772216797,
                -41.20500946044922
              ],
              [
                -73.77622985839844,
                -41.529327392578125
              ],
              [
                -73.7547378540039,
                -41.65911102294922
              ],
              [
                -73.91405487060547,
                -41.65911102294922
              ],
              [
                -74.09463500976562,
                -41.529327392578125
              ],
              [
                -74.03657531738281,
                -41.399574279785156
              ],
              [
                -74.13784790039062,
                -41.26985549926758
              ],
              [
                -73.90122985839844,
                -40.36268615722656
              ],
              [
                -73.98033905029297,
                -40.36268615722656
              ],
              [
                -73.81615447998047,
                -39.97433853149414
              ],
              [
                -73.52547454833984,
                -39.84494400024414
              ],
              [
                -73.57758331298828,
                -39.78025817871094
              ],
              [
                -73.36626434326172,
                -39.45692443847656
              ],
              [
                -73.44501495361328,
                -39.45692443847656
              ],
              [
                -73.42035675048828,
                -39.0045280456543
              ],
              [
                -73.68513488769531,
                -38.68156814575195
              ],
              [
                -73.6344985961914,
                -38.552425384521484
              ],
              [
                -73.74090576171875,
                -38.42330551147461
              ],
              [
                -73.61634826660156,
                -38.10060119628906
              ],
              [
                -73.83074951171875,
                -37.842533111572266
              ],
              [
                -73.76325988769531,
                -37.45557403564453
              ],
              [
                -73.84127044677734,
                -37.45557403564453
              ],
              [
                -73.74562072753906,
                -37.19770050048828
              ],
              [
                -73.33240509033203,
                -37.133243560791016
              ],
              [
                -73.24687194824219,
                -36.68215560913086
              ],
              [
                -72.97697448730469,
                -36.360069274902344
              ],
              [
                -72.76463317871094,
                -35.52306365966797
              ],
              [
                -72.42416381835938,
                -35.20127487182617
              ],
              [
                -72.10264587402344,
                -33.979034423828125
              ],
              [
                -71.9082260131836,
                -33.85042190551758
              ],
              [
                -71.8076400756836,
                -33.52891540527344
              ],
              [
                -71.92125701904297,
                -33.40032196044922
              ],
              [
                -71.6297378540039,
                -32.69316864013672
              ],
              [
                -71.70624542236328,
                -32.69316864013672
              ],
              [
                -71.6109848022461,
                -32.37178039550781
              ],
              [
                -71.76494598388672,
                -32.114681243896484
              ],
              [
                -71.71183013916016,
                -31.664785385131836
              ],
              [
                -71.82779693603516,
                -31.53624725341797
              ],
              [
                -71.77355194091797,
                -31.343442916870117
              ],
              [
                -71.84969329833984,
                -31.343442916870117
              ],
              [
                -71.8597640991211,
                -30.829303741455078
              ],
              [
                -71.93577575683594,
                -30.829303741455078
              ],
              [
                -71.79762268066406,
                -30.315153121948242
              ],
              [
                -71.62892150878906,
                -30.250883102416992
              ],
              [
                -71.42005920410156,
                -29.7367000579834
              ],
              [
                -71.49579620361328,
                -29.7367000579834
              ],
              [
                -71.49042510986328,
                -29.415315628051758
              ],
              [
                -71.72916412353516,
                -29.1581974029541
              ],
              [
                -71.6507339477539,
                -28.836788177490234
              ],
              [
                -71.31739044189453,
                -28.386796951293945
              ],
              [
                -71.2601547241211,
                -27.808208465576172
              ],
              [
                -71.18484497070312,
                -27.808208465576172
              ],
              [
                -70.7818603515625,
                -26.265213012695312
              ],
              [
                -70.8934326171875,
                -26.07233428955078
              ],
              [
                -70.88081359863281,
                -25.622283935546875
              ],
              [
                -70.61961364746094,
                -25.429405212402344
              ],
              [
                -70.57182312011719,
                -25.172237396240234
              ],
              [
                -70.73779296875,
                -24.850778579711914
              ],
              [
                -70.62429809570312,
                -23.757850646972656
              ],
              [
                -70.528564453125,
                -23.629274368286133
              ],
              [
                -70.80585479736328,
                -23.50069808959961
              ],
              [
                -70.75408172607422,
                -23.179258346557617
              ],
              [
                -70.51019287109375,
                -23.050682067871094
              ],
              [
                -70.39552307128906,
                -22.793533325195312
              ],
              [
                -70.26895141601562,
                -21.957805633544922
              ],
              [
                -70.18431091308594,
                -21.379228591918945
              ],
              [
                -70.25858306884766,
                -21.379228591918945
              ],
              [
                -70.22156524658203,
                -21.12208366394043
              ],
              [
                -70.2957992553711,
                -21.12208366394043
              ],
              [
                -70.29682922363281,
                -20.6077938079834
              ],
              [
                -70.3709945678711,
                -20.6077938079834
              ],
              [
                -70.2628173828125,
                -19.83635711669922
              ],
              [
                -70.33688354492188,
                -19.83635711669922
              ],
              [
                -70.30113220214844,
                -19.57921028137207
              ],
              [
                -70.37517547607422,
                -19.57921028137207
              ],
              [
                -70.43451690673828,
                -18.93634033203125
              ],
              [
                -70.50847625732422,
                -18.93634033203125
              ],
              [
                -70.43856048583984,
                -18.422040939331055
              ],
              [
                -70.58634948730469,
                -18.422040939331055
              ],
              [
                -70.97771453857422,
                -18.03631591796875
              ],
              [
                -71.3297119140625,
                -17.90774154663086
              ],
              [
                -71.49990844726562,
                -17.522014617919922
              ],
              [
                -71.63900756835938,
                -17.457727432250977
              ],
              [
                -71.62213134765625,
                -17.329151153564453
              ],
              [
                -72.0478515625,
                -17.20057487487793
              ],
              [
                -72.44017791748047,
                -16.814847946166992
              ],
              [
                -73.0132064819336,
                -16.68627166748047
              ],
              [
                -73.20954895019531,
                -16.493408203125
              ],
              [
                -73.987060546875,
                -16.236255645751953
              ],
              [
                -74.3148422241211,
                -15.914815902709961
              ],
              [
                -74.74047088623047,
                -15.786240577697754
              ],
              [
                -74.79821014404297,
                -15.65766429901123
              ],
              [
                -75.22389221191406,
                -15.529088973999023
              ],
              [
                -75.47163391113281,
                -15.14336109161377
              ],
              [
                -76.08062744140625,
                -14.69334602355957
              ],
              [
                -76.19117736816406,
                -14.371907234191895
              ],
              [
                -76.46356201171875,
                -14.179043769836426
              ],
              [
                -76.4218978881836,
                -13.793316841125488
              ],
              [
                -76.34850311279297,
                -13.793316841125488
              ],
              [
                -76.3817138671875,
                -13.407590866088867
              ],
              [
                -76.64266967773438,
                -13.086153030395508
              ],
              [
                -76.75159454345703,
                -12.700428009033203
              ],
              [
                -76.89202880859375,
                -12.636139869689941
              ],
              [
                -76.94102478027344,
                -12.378990173339844
              ],
              [
                -77.28361511230469,
                -12.12183952331543
              ],
              [
                -77.31663513183594,
                -11.67182731628418
              ],
              [
                -77.8013687133789,
                -11.35038948059082
              ],
              [
                -77.77444458007812,
                -11.028952598571777
              ],
              [
                -78.35681915283203,
                -10.064640045166016
              ],
              [
                -78.34247589111328,
                -9.871777534484863
              ],
              [
                -78.86370849609375,
                -8.971752166748047
              ],
              [
                -78.97621154785156,
                -8.457450866699219
              ],
              [
                -79.59014129638672,
                -7.750287532806396
              ],
              [
                -79.71047973632812,
                -7.30027437210083
              ],
              [
                -79.85286712646484,
                -7.235986709594727
              ],
              [
                -79.98148345947266,
                -6.914548873901367
              ],
              [
                -80.75439453125,
                -6.335959911346436
              ],
              [
                -81.32842254638672,
                -6.143096923828125
              ],
              [
                -81.31636047363281,
                -5.885946750640869
              ],
              [
                -81.02180480957031,
                -5.821659088134766
              ],
              [
                -81.01318359375,
                -5.628796100616455
              ],
              [
                -81.29094696044922,
                -5.307357788085938
              ],
              [
                -81.27531433105469,
                -4.921631813049316
              ],
              [
                -81.4185562133789,
                -4.857344150543213
              ],
              [
                -81.47466278076172,
                -4.407330989837646
              ],
              [
                -81.16791534423828,
                -3.957317352294922
              ],
              [
                -80.94527435302734,
                -3.828742265701294
              ],
              [
                -80.94126892089844,
                -3.700166940689087
              ],
              [
                -80.05075073242188,
                -3.121578216552734
              ],
              [
                -80.04412841796875,
                -2.864427804946899
              ],
              [
                -80.18976593017578,
                -2.864427804946899
              ],
              [
                -80.19469451904297,
                -3.05729079246521
              ],
              [
                -80.41316223144531,
                -3.05729079246521
              ],
              [
                -80.33069610595703,
                -2.671565055847168
              ],
              [
                -80.54913330078125,
                -2.671565055847168
              ],
              [
                -81.12286376953125,
                -2.285839319229126
              ],
              [
                -81.12015533447266,
                -2.157264232635498
              ],
              [
                -80.90043640136719,
                -2.092976570129395
              ],
              [
                -80.96051788330078,
                -1.385813117027283
              ],
              [
                -80.88673400878906,
                -1.321525454521179
              ],
              [
                -81.03038024902344,
                -1.192950367927551
              ],
              [
                -81.02684020996094,
                -0.935800075531006
              ],
              [
                -80.66131591796875,
                -0.807224988937378
              ],
              [
                -80.58253479003906,
                -0.228637129068375
              ],
              [
                -80.2898941040039,
                -0.035774555057287
              ],
              [
                -80.30448913574219,
                0.092800483107567
              ],
              [
                -80.1581039428711,
                0.221375524997711
              ],
              [
                -80.22835540771484,
                0.864250957965851
              ],
              [
                -79.06356811523438,
                1.249976277351379
              ],
              [
                -78.99114227294922,
                1.507126569747925
              ],
              [
                -79.13688659667969,
                1.571414232254028
              ],
              [
                -79.13754272460938,
                1.76427698135376
              ],
              [
                -78.70103454589844,
                1.828564524650574
              ],
              [
                -78.77699279785156,
                2.342865228652954
              ],
              [
                -78.4874038696289,
                2.535728216171265
              ],
              [
                -77.90552520751953,
                2.600015640258789
              ],
              [
                -77.76564025878906,
                3.114316701889038
              ],
              [
                -77.26336669921875,
                3.628617763519287
              ],
              [
                -77.26665496826172,
                3.821480512619019
              ],
              [
                -77.4123306274414,
                3.821480512619019
              ],
              [
                -77.56282806396484,
                4.078630924224854
              ],
              [
                -77.56674194335938,
                4.271493911743164
              ],
              [
                -77.4210433959961,
                4.271493911743164
              ],
              [
                -77.53081512451172,
                5.685822010040283
              ],
              [
                -77.31619262695312,
                5.81439733505249
              ],
              [
                -77.54344177246094,
                6.071547985076904
              ],
              [
                -77.41372680664062,
                6.521561145782471
              ],
              [
                -77.725830078125,
                7.035862445831299
              ],
              [
                -78.33206939697266,
                7.550163269042969
              ],
              [
                -78.49637603759766,
                7.935888767242432
              ],
              [
                -78.5060043334961,
                8.128751754760742
              ],
              [
                -78.2869873046875,
                8.128751754760742
              ],
              [
                -78.23062133789062,
                8.450189590454102
              ],
              [
                -78.522705078125,
                8.450189590454102
              ],
              [
                -78.52961730957031,
                8.578764915466309
              ],
              [
                -79.0625,
                8.964489936828613
              ],
              [
                -79.6431655883789,
                8.900202751159668
              ],
              [
                -79.7675552368164,
                8.514476776123047
              ],
              [
                -79.97621154785156,
                8.321614265441895
              ],
              [
                -80.4108657836914,
                8.25732707977295
              ],
              [
                -80.32125091552734,
                7.935888767242432
              ],
              [
                -80.01974487304688,
                7.743025779724121
              ],
              [
                -80.0045394897461,
                7.421587944030762
              ],
              [
                -80.3664321899414,
                7.357300281524658
              ],
              [
                -80.5766372680664,
                7.164437294006348
              ],
              [
                -80.9414291381836,
                7.164437294006348
              ],
              [
                -81.04794311523438,
                7.871601104736328
              ],
              [
                -81.18123626708984,
                7.614450931549072
              ],
              [
                -81.47315216064453,
                7.614450931549072
              ],
              [
                -81.94063568115234,
                8.193038940429688
              ],
              [
                -82.232666015625,
                8.193038940429688
              ],
              [
                -82.45869445800781,
                8.321614265441895
              ],
              [
                -82.9627456665039,
                8.193038940429688
              ],
              [
                -83.19242095947266,
                8.385902404785156
              ],
              [
                -83.2033920288086,
                8.578764915466309
              ],
              [
                -83.27642059326172,
                8.578764915466309
              ],
              [
                -83.26184844970703,
                8.321614265441895
              ],
              [
                -83.70719146728516,
                8.450189590454102
              ],
              [
                -83.72593688964844,
                8.771627426147461
              ],
              [
                -83.58760070800781,
                8.900202751159668
              ],
              [
                -83.67251586914062,
                9.09306526184082
              ],
              [
                -84.12311553955078,
                9.285927772521973
              ],
              [
                -84.2818603515625,
                9.478790283203125
              ],
              [
                -84.57417297363281,
                9.478790283203125
              ],
              [
                -84.82884979248047,
                9.993090629577637
              ],
              [
                -84.90196228027344,
                9.993090629577637
              ],
              [
                -84.8795166015625,
                9.671652793884277
              ],
              [
                -85.24056243896484,
                9.607365608215332
              ],
              [
                -85.47767639160156,
                9.86451530456543
              ],
              [
                -85.77926635742188,
                9.993090629577637
              ],
              [
                -85.88573455810547,
                10.443102836608887
              ],
              [
                -85.68115997314453,
                10.635965347290039
              ],
              [
                -85.83755493164062,
                10.764540672302246
              ],
              [
                -85.8530044555664,
                10.957403182983398
              ],
              [
                -85.71714782714844,
                11.085978507995605
              ],
              [
                -86.583251953125,
                11.793140411376953
              ],
              [
                -86.92401885986328,
                12.307440757751465
              ],
              [
                -87.54815673828125,
                12.69316577911377
              ],
              [
                -87.66111755371094,
                13.07889175415039
              ],
              [
                -87.44111633300781,
                13.07889175415039
              ],
              [
                -87.2811050415039,
                12.950316429138184
              ],
              [
                -87.46842956542969,
                13.336042404174805
              ],
              [
                -87.7618408203125,
                13.336042404174805
              ],
              [
                -87.74122619628906,
                13.143178939819336
              ],
              [
                -88.84818267822266,
                13.207467079162598
              ],
              [
                -89.24311828613281,
                13.464617729187012
              ],
              [
                -89.9106216430664,
                13.528904914855957
              ],
              [
                -90.46885681152344,
                13.914630889892578
              ],
              [
                -91.3497085571289,
                13.914630889892578
              ],
              [
                -92.47407531738281,
                14.686083793640137
              ],
              [
                -92.75463104248047,
                15.136098861694336
              ],
              [
                -93.8301010131836,
                15.971842765808105
              ],
              [
                -93.9773178100586,
                15.971842765808105
              ],
              [
                -94.15343475341797,
                16.16470718383789
              ],
              [
                -94.6688461303711,
                16.16470718383789
              ],
              [
                -94.77195739746094,
                16.35757064819336
              ],
              [
                -94.95361328125,
                16.100418090820312
              ],
              [
                -95.36624908447266,
                15.907554626464844
              ],
              [
                -96.21102905273438,
                15.650403022766113
              ],
              [
                -96.7260513305664,
                15.650403022766113
              ],
              [
                -97.0493392944336,
                15.843266487121582
              ],
              [
                -97.87862396240234,
                15.971842765808105
              ],
              [
                -98.05585479736328,
                16.16470718383789
              ],
              [
                -98.43414306640625,
                16.228994369506836
              ],
              [
                -98.85388946533203,
                16.550434112548828
              ],
              [
                -99.68539428710938,
                16.67901039123535
              ],
              [
                -100.02298736572266,
                16.9361629486084
              ],
              [
                -101.11003112792969,
                17.257600784301758
              ],
              [
                -101.89891815185547,
                17.964767456054688
              ],
              [
                -102.25653076171875,
                17.90047836303711
              ],
              [
                -103.4346923828125,
                18.286205291748047
              ],
              [
                -103.82637786865234,
                18.800504684448242
              ],
              [
                -104.87382507324219,
                19.25051498413086
              ],
              [
                -105.33133697509766,
                19.700523376464844
              ],
              [
                -105.36910247802734,
                19.893383026123047
              ],
              [
                -105.54254913330078,
                20.021955490112305
              ],
              [
                -105.63154602050781,
                20.471960067749023
              ],
              [
                -105.22492980957031,
                20.664819717407227
              ],
              [
                -105.46028900146484,
                20.72910499572754
              ],
              [
                -105.48603057861328,
                20.857677459716797
              ],
              [
                -105.28923034667969,
                20.986249923706055
              ],
              [
                -105.31514739990234,
                21.114822387695312
              ],
              [
                -105.13148498535156,
                21.307680130004883
              ],
              [
                -105.5344467163086,
                21.821969985961914
              ],
              [
                -105.69853210449219,
                22.59341049194336
              ],
              [
                -106.43732452392578,
                23.236284255981445
              ],
              [
                -106.97566986083984,
                23.943456649780273
              ],
              [
                -107.59268188476562,
                24.329193115234375
              ],
              [
                -107.71582794189453,
                24.522062301635742
              ],
              [
                -107.8652572631836,
                24.522062301635742
              ],
              [
                -108.0394515991211,
                24.907808303833008
              ],
              [
                -107.59078979492188,
                24.907808303833008
              ],
              [
                -107.31659698486328,
                24.714935302734375
              ],
              [
                -107.28379821777344,
                24.586353302001953
              ],
              [
                -106.45329284667969,
                23.943456649780273
              ],
              [
                -106.21309661865234,
                23.557723999023438
              ],
              [
                -106.19818878173828,
                23.493436813354492
              ],
              [
                -106.079345703125,
                23.30057144165039
              ],
              [
                -105.75210571289062,
                23.171995162963867
              ],
              [
                -105.4147720336914,
                22.657697677612305
              ],
              [
                -105.34033203125,
                22.657697677612305
              ],
              [
                -105.2906265258789,
                23.107707977294922
              ]
            ]
          ],
          [
            [
              [
                -76.29765319824219,
                1.249976277351379
              ],
              [
                -76.29766845703125,
                1.314263939857483
              ],
              [
                -76.22488403320312,
                1.314263939857483
              ],
              [
                -76.22486877441406,
                1.249976277351379
              ],
              [
                -76.29765319824219,
                1.249976277351379
              ]
            ]
          ],
          [
            [
              [
                -75.14115142822266,
                2.857166290283203
              ],
              [
                -75.14183807373047,
                2.921453714370728
              ],
              [
                -75.06901550292969,
                2.921453714370728
              ],
              [
                -75.0683364868164,
                2.857166290283203
              ],
              [
                -75.14115142822266,
                2.857166290283203
              ]
            ]
          ],
          [
            [
              [
                -81.68589782714844,
                7.485875606536865
              ],
              [
                -81.61293029785156,
                7.485875606536865
              ],
              [
                -81.60688018798828,
                7.357300281524658
              ],
              [
                -81.89875030517578,
                7.357300281524658
              ],
              [
                -81.91102600097656,
                7.614450931549072
              ],
              [
                -81.69523620605469,
                7.678738594055176
              ],
              [
                -81.68589782714844,
                7.485875606536865
              ]
            ]
          ],
          [
            [
              [
                -78.87763977050781,
                8.25732707977295
              ],
              [
                -79.02702331542969,
                8.321614265441895
              ],
              [
                -78.96083068847656,
                8.450189590454102
              ],
              [
                -78.81478881835938,
                8.450189590454102
              ],
              [
                -78.80462646484375,
                8.25732707977295
              ],
              [
                -78.87763977050781,
                8.25732707977295
              ]
            ]
          ],
          [
            [
              [
                -63.41838455200195,
                10.185953140258789
              ],
              [
                -63.421905517578125,
                10.250240325927734
              ],
              [
                -63.348777770996094,
                10.250240325927734
              ],
              [
                -63.34526443481445,
                10.185953140258789
              ],
              [
                -63.41838455200195,
                10.185953140258789
              ]
            ]
          ],
          [
            [
              [
                -60.9390754699707,
                10.314528465270996
              ],
              [
                -60.99871063232422,
                10.057377815246582
              ],
              [
                -61.72983932495117,
                10.057377815246582
              ],
              [
                -61.666908264160156,
                10.250240325927734
              ],
              [
                -61.45097732543945,
                10.314528465270996
              ],
              [
                -61.45794677734375,
                10.443102836608887
              ],
              [
                -61.46147537231445,
                10.507390975952148
              ],
              [
                -61.61492156982422,
                10.635965347290039
              ],
              [
                -61.552730560302734,
                10.828827857971191
              ],
              [
                -60.89426803588867,
                10.828827857971191
              ],
              [
                -61.026161193847656,
                10.571678161621094
              ],
              [
                -60.9390754699707,
                10.314528465270996
              ]
            ]
          ],
          [
            [
              [
                -61.91484069824219,
                10.764540672302246
              ],
              [
                -61.97705078125,
                10.571678161621094
              ],
              [
                -62.851158142089844,
                10.507390975952148
              ],
              [
                -62.840423583984375,
                10.314528465270996
              ],
              [
                -63.282772064208984,
                10.378815650939941
              ],
              [
                -63.63424301147461,
                10.121665954589844
              ],
              [
                -63.707359313964844,
                10.121665954589844
              ],
              [
                -64.36540985107422,
                10.121665954589844
              ],
              [
                -64.52238464355469,
                10.314528465270996
              ],
              [
                -64.09455871582031,
                10.507390975952148
              ],
              [
                -64.03263092041016,
                10.7002534866333
              ],
              [
                -61.91484069824219,
                10.764540672302246
              ]
            ]
          ],
          [
            [
              [
                -63.75532531738281,
                10.957403182983398
              ],
              [
                -63.96709442138672,
                10.828827857971191
              ],
              [
                -64.04025268554688,
                10.828827857971191
              ],
              [
                -64.26361846923828,
                10.893115997314453
              ],
              [
                -64.3486099243164,
                11.085978507995605
              ],
              [
                -64.05193328857422,
                11.021690368652344
              ],
              [
                -63.844329833984375,
                11.214552879333496
              ],
              [
                -63.75532531738281,
                10.957403182983398
              ]
            ]
          ],
          [
            [
              [
                -68.95360565185547,
                12.050291061401367
              ],
              [
                -68.95840454101562,
                12.114578247070312
              ],
              [
                -69.10977172851562,
                12.178865432739258
              ],
              [
                -69.12454223632812,
                12.37172794342041
              ],
              [
                -68.74346923828125,
                12.178865432739258
              ],
              [
                -68.65585327148438,
                11.986002922058105
              ],
              [
                -68.95360565185547,
                12.050291061401367
              ]
            ]
          ],
          [
            [
              [
                -68.38688659667969,
                12.307440757751465
              ],
              [
                -68.16221618652344,
                12.24315357208252
              ],
              [
                -68.14785766601562,
                12.050291061401367
              ],
              [
                -68.29435729980469,
                12.050291061401367
              ],
              [
                -68.38201141357422,
                12.24315357208252
              ],
              [
                -68.38688659667969,
                12.307440757751465
              ]
            ]
          ],
          [
            [
              [
                -69.78401184082031,
                12.37172794342041
              ],
              [
                -69.93055725097656,
                12.37172794342041
              ],
              [
                -70.01911926269531,
                12.564591407775879
              ],
              [
                -69.87254333496094,
                12.564591407775879
              ],
              [
                -69.78905487060547,
                12.436016082763672
              ],
              [
                -69.78401184082031,
                12.37172794342041
              ]
            ]
          ],
          [
            [
              [
                -77.36641693115234,
                17.836191177368164
              ],
              [
                -77.73553466796875,
                17.836191177368164
              ],
              [
                -78.07617950439453,
                18.157629013061523
              ],
              [
                -78.29776763916016,
                18.157629013061523
              ],
              [
                -78.3900146484375,
                18.286205291748047
              ],
              [
                -78.05752563476562,
                18.543354034423828
              ],
              [
                -77.01364135742188,
                18.479066848754883
              ],
              [
                -76.22962188720703,
                18.157629013061523
              ],
              [
                -76.12023162841797,
                17.90047836303711
              ],
              [
                -76.48053741455078,
                17.836191177368164
              ],
              [
                -76.55435943603516,
                17.836191177368164
              ],
              [
                -76.8585433959961,
                17.90047836303711
              ],
              [
                -77.07112121582031,
                17.836191177368164
              ],
              [
                -77.05337524414062,
                17.707616806030273
              ],
              [
                -77.2748031616211,
                17.707616806030273
              ],
              [
                -77.36641693115234,
                17.836191177368164
              ]
            ]
          ],
          [
            [
              [
                -65.51956176757812,
                18.157629013061523
              ],
              [
                -65.71776580810547,
                17.964767456054688
              ],
              [
                -66.15299987792969,
                17.90047836303711
              ],
              [
                -66.2268295288086,
                17.90047836303711
              ],
              [
                -67.1207046508789,
                17.964767456054688
              ],
              [
                -67.25861358642578,
                18.479066848754883
              ],
              [
                -66.15807342529297,
                18.543354034423828
              ],
              [
                -65.55097198486328,
                18.414779663085938
              ],
              [
                -65.51956176757812,
                18.157629013061523
              ]
            ]
          ],
          [
            [
              [
                -69.12458801269531,
                19.186227798461914
              ],
              [
                -69.48600769042969,
                19.12194061279297
              ],
              [
                -68.5814208984375,
                18.993366241455078
              ],
              [
                -68.56468963623047,
                18.864791870117188
              ],
              [
                -68.24402618408203,
                18.67193031311035
              ],
              [
                -68.28504180908203,
                18.414779663085938
              ],
              [
                -68.43283081054688,
                18.414779663085938
              ],
              [
                -68.55606079101562,
                18.2219181060791
              ],
              [
                -69.09786987304688,
                18.414779663085938
              ],
              [
                -69.83680725097656,
                18.414779663085938
              ],
              [
                -69.95960235595703,
                18.2219181060791
              ],
              [
                -70.5505599975586,
                18.2219181060791
              ],
              [
                -70.56732940673828,
                18.350492477416992
              ],
              [
                -70.71510314941406,
                18.350492477416992
              ],
              [
                -70.99378204345703,
                18.2219181060791
              ],
              [
                -71.27989196777344,
                17.57904052734375
              ],
              [
                -71.59156799316406,
                17.707616806030273
              ],
              [
                -71.7071304321289,
                18.029054641723633
              ],
              [
                -72.10183715820312,
                18.2219181060791
              ],
              [
                -73.65311431884766,
                18.2219181060791
              ],
              [
                -73.70099639892578,
                18.029054641723633
              ],
              [
                -73.92253875732422,
                18.029054641723633
              ],
              [
                -74.17896270751953,
                18.286205291748047
              ],
              [
                -74.40059661865234,
                18.286205291748047
              ],
              [
                -74.4448471069336,
                18.607641220092773
              ],
              [
                -74.24089813232422,
                18.736217498779297
              ],
              [
                -73.1707534790039,
                18.479066848754883
              ],
              [
                -72.30123901367188,
                18.607641220092773
              ],
              [
                -72.71465301513672,
                18.929079055786133
              ],
              [
                -72.79470825195312,
                19.507661819458008
              ],
              [
                -73.40503692626953,
                19.6362361907959
              ],
              [
                -73.43228912353516,
                19.8290958404541
              ],
              [
                -73.22825622558594,
                19.95766830444336
              ],
              [
                -72.63556671142578,
                19.95766830444336
              ],
              [
                -72.39530944824219,
                19.8290958404541
              ],
              [
                -71.71976470947266,
                19.764808654785156
              ],
              [
                -71.67244720458984,
                19.95766830444336
              ],
              [
                -70.78340911865234,
                19.95766830444336
              ],
              [
                -70.77458190917969,
                19.893383026123047
              ],
              [
                -70.22978973388672,
                19.700523376464844
              ],
              [
                -69.8595199584961,
                19.700523376464844
              ],
              [
                -69.6596450805664,
                19.314802169799805
              ],
              [
                -69.07612609863281,
                19.379087448120117
              ],
              [
                -69.12458801269531,
                19.186227798461914
              ]
            ]
          ],
          [
            [
              [
                -72.82740020751953,
                18.67193031311035
              ],
              [
                -72.90132904052734,
                18.67193031311035
              ],
              [
                -73.29744720458984,
                18.864791870117188
              ],
              [
                -73.31520080566406,
                18.993366241455078
              ],
              [
                -72.78861236572266,
                18.929079055786133
              ],
              [
                -72.67955017089844,
                18.67193031311035
              ],
              [
                -72.82740020751953,
                18.67193031311035
              ]
            ]
          ],
          [
            [
              [
                -86.67018127441406,
                20.60053253173828
              ],
              [
                -86.70156860351562,
                20.343387603759766
              ],
              [
                -86.9874267578125,
                20.279102325439453
              ],
              [
                -87.01952362060547,
                20.471960067749023
              ],
              [
                -86.74434661865234,
                20.60053253173828
              ],
              [
                -86.67018127441406,
                20.60053253173828
              ]
            ]
          ],
          [
            [
              [
                -77.52362060546875,
                21.88625717163086
              ],
              [
                -77.66207122802734,
                21.821969985961914
              ],
              [
                -77.0573501586914,
                21.7576847076416
              ],
              [
                -77.02719116210938,
                21.5648250579834
              ],
              [
                -76.79434967041016,
                21.500539779663086
              ],
              [
                -76.77450561523438,
                21.371967315673828
              ],
              [
                -76.24481201171875,
                21.307680130004883
              ],
              [
                -75.9927978515625,
                21.114822387695312
              ],
              [
                -75.63130950927734,
                21.179107666015625
              ],
              [
                -75.4993896484375,
                20.793392181396484
              ],
              [
                -74.74800872802734,
                20.72910499572754
              ],
              [
                -74.32099914550781,
                20.343387603759766
              ],
              [
                -74.09859466552734,
                20.343387603759766
              ],
              [
                -74.07083892822266,
                20.150527954101562
              ],
              [
                -75.20996856689453,
                19.8290958404541
              ],
              [
                -75.7471923828125,
                19.95766830444336
              ],
              [
                -76.4880599975586,
                19.95766830444336
              ],
              [
                -76.91358184814453,
                19.8290958404541
              ],
              [
                -77.65428161621094,
                19.8290958404541
              ],
              [
                -77.68303680419922,
                20.021955490112305
              ],
              [
                -77.55404663085938,
                20.150527954101562
              ],
              [
                -77.13813018798828,
                20.343387603759766
              ],
              [
                -77.18638610839844,
                20.664819717407227
              ],
              [
                -77.92814636230469,
                20.664819717407227
              ],
              [
                -78.2445068359375,
                20.793392181396484
              ],
              [
                -78.66162872314453,
                21.5648250579834
              ],
              [
                -79.24571990966797,
                21.500539779663086
              ],
              [
                -79.6480941772461,
                21.693397521972656
              ],
              [
                -79.94532775878906,
                21.693397521972656
              ],
              [
                -80.36949157714844,
                22.014829635620117
              ],
              [
                -80.88996124267578,
                22.014829635620117
              ],
              [
                -82.04874420166016,
                22.271976470947266
              ],
              [
                -82.08177947998047,
                22.46483612060547
              ],
              [
                -81.63530731201172,
                22.46483612060547
              ],
              [
                -81.74300384521484,
                22.657697677612305
              ],
              [
                -82.63627624511719,
                22.657697677612305
              ],
              [
                -82.9115219116211,
                22.529123306274414
              ],
              [
                -83.02685546875,
                22.33626365661621
              ],
              [
                -83.17564392089844,
                22.33626365661621
              ],
              [
                -83.22785186767578,
                22.20768928527832
              ],
              [
                -83.81177520751953,
                22.143402099609375
              ],
              [
                -83.91641998291016,
                21.88625717163086
              ],
              [
                -84.0760726928711,
                21.950544357299805
              ],
              [
                -84.26617431640625,
                21.7576847076416
              ],
              [
                -84.41481018066406,
                21.7576847076416
              ],
              [
                -84.43675994873047,
                21.88625717163086
              ],
              [
                -84.79740142822266,
                21.821969985961914
              ],
              [
                -84.75626373291016,
                22.014829635620117
              ],
              [
                -84.32123565673828,
                22.079116821289062
              ],
              [
                -84.37725830078125,
                22.400548934936523
              ],
              [
                -83.99913787841797,
                22.786272048950195
              ],
              [
                -83.22618103027344,
                23.043420791625977
              ],
              [
                -82.77921295166016,
                23.043420791625977
              ],
              [
                -82.29248046875,
                23.236284255981445
              ],
              [
                -81.10013580322266,
                23.236284255981445
              ],
              [
                -81.07723999023438,
                23.107707977294922
              ],
              [
                -80.56707763671875,
                23.171995162963867
              ],
              [
                -80.46991729736328,
                23.043420791625977
              ],
              [
                -79.85165405273438,
                22.914846420288086
              ],
              [
                -79.77717590332031,
                22.914846420288086
              ],
              [
                -79.25408935546875,
                22.46483612060547
              ],
              [
                -78.57373046875,
                22.400548934936523
              ],
              [
                -78.00057983398438,
                22.079116821289062
              ],
              [
                -77.63912963867188,
                22.143402099609375
              ],
              [
                -77.52362060546875,
                21.88625717163086
              ]
            ]
          ],
          [
            [
              [
                -82.6635513305664,
                21.950544357299805
              ],
              [
                -82.4932861328125,
                21.821969985961914
              ],
              [
                -82.48255157470703,
                21.7576847076416
              ],
              [
                -82.50363159179688,
                21.43625259399414
              ],
              [
                -82.94928741455078,
                21.43625259399414
              ],
              [
                -83.08789825439453,
                21.821969985961914
              ],
              [
                -83.03526306152344,
                21.950544357299805
              ],
              [
                -82.6635513305664,
                21.950544357299805
              ]
            ]
          ],
          [
            [
              [
                -78.4249267578125,
                22.400548934936523
              ],
              [
                -78.59505462646484,
                22.529123306274414
              ],
              [
                -78.23362731933594,
                22.59341049194336
              ],
              [
                -78.20171356201172,
                22.400548934936523
              ],
              [
                -78.35051727294922,
                22.400548934936523
              ],
              [
                -78.4249267578125,
                22.400548934936523
              ]
            ]
          ],
          [
            [
              [
                -17.997596740722656,
                27.865236282348633
              ],
              [
                -17.846942901611328,
                27.865236282348633
              ],
              [
                -17.90181541442871,
                27.608078002929688
              ],
              [
                -18.057466506958008,
                27.6723690032959
              ],
              [
                -17.992435455322266,
                27.800947189331055
              ],
              [
                -17.997596740722656,
                27.865236282348633
              ]
            ]
          ],
          [
            [
              [
                -15.356483459472656,
                27.800947189331055
              ],
              [
                -15.431796073913574,
                27.800947189331055
              ],
              [
                -15.728307723999023,
                27.736658096313477
              ],
              [
                -15.82758617401123,
                28.058101654052734
              ],
              [
                -15.761932373046875,
                28.186676025390625
              ],
              [
                -15.304783821105957,
                28.12238883972168
              ],
              [
                -15.356483459472656,
                27.800947189331055
              ]
            ]
          ],
          [
            [
              [
                -17.254457473754883,
                27.993812561035156
              ],
              [
                -17.345203399658203,
                28.186676025390625
              ],
              [
                -17.124155044555664,
                28.25096321105957
              ],
              [
                -17.033451080322266,
                28.058101654052734
              ],
              [
                -17.17910385131836,
                27.993812561035156
              ],
              [
                -17.254457473754883,
                27.993812561035156
              ]
            ]
          ],
          [
            [
              [
                -16.64666748046875,
                27.92952537536621
              ],
              [
                -16.908185958862305,
                28.379535675048828
              ],
              [
                -16.390287399291992,
                28.508106231689453
              ],
              [
                -16.39539337158203,
                28.572391510009766
              ],
              [
                -16.09348487854004,
                28.572391510009766
              ],
              [
                -16.083406448364258,
                28.44382095336914
              ],
              [
                -16.365081787109375,
                28.186676025390625
              ],
              [
                -16.355152130126953,
                28.058101654052734
              ],
              [
                -16.64666748046875,
                27.92952537536621
              ]
            ]
          ],
          [
            [
              [
                -14.065006256103516,
                28.700960159301758
              ],
              [
                -13.767658233642578,
                28.765243530273438
              ],
              [
                -13.762985229492188,
                28.700960159301758
              ],
              [
                -13.80622386932373,
                28.25096321105957
              ],
              [
                -14.3202543258667,
                28.058101654052734
              ],
              [
                -14.26330280303955,
                28.315250396728516
              ],
              [
                -14.117085456848145,
                28.379535675048828
              ],
              [
                -14.065006256103516,
                28.700960159301758
              ]
            ]
          ],
          [
            [
              [
                -18.002243041992188,
                28.829526901245117
              ],
              [
                -17.856664657592773,
                28.893810272216797
              ],
              [
                -17.781116485595703,
                28.893810272216797
              ],
              [
                -17.705568313598633,
                28.893810272216797
              ],
              [
                -17.673158645629883,
                28.508106231689453
              ],
              [
                -17.899547576904297,
                28.508106231689453
              ],
              [
                -17.9858341217041,
                28.636676788330078
              ],
              [
                -18.002243041992188,
                28.829526901245117
              ]
            ]
          ],
          [
            [
              [
                -13.857359886169434,
                28.958093643188477
              ],
              [
                -13.862126350402832,
                29.022375106811523
              ],
              [
                -13.649682998657227,
                29.21521759033203
              ],
              [
                -13.422821044921875,
                29.21521759033203
              ],
              [
                -13.474872589111328,
                28.893810272216797
              ],
              [
                -13.847886085510254,
                28.829526901245117
              ],
              [
                -13.857359886169434,
                28.958093643188477
              ]
            ]
          ],
          [
            [
              [
                -2.8270103931427,
                35.258358001708984
              ],
              [
                -2.981565713882446,
                35.258358001708984
              ],
              [
                -2.992615222930908,
                35.45143127441406
              ],
              [
                -2.837937116622925,
                35.45143127441406
              ],
              [
                -2.830641508102417,
                35.32271194458008
              ],
              [
                -2.8270103931427,
                35.258358001708984
              ]
            ]
          ],
          [
            [
              [
                -0.917115688323975,
                35.708900451660156
              ],
              [
                -0.83969384431839,
                35.708900451660156
              ],
              [
                -0.76227205991745,
                35.708900451660156
              ],
              [
                -0.684850215911865,
                35.708900451660156
              ],
              [
                -0.607428431510925,
                35.708900451660156
              ],
              [
                -0.530006587505341,
                35.708900451660156
              ],
              [
                -0.446486860513687,
                35.58015823364258
              ],
              [
                -0.672443270683289,
                35.45143127441406
              ],
              [
                -0.907609820365906,
                35.51579284667969
              ],
              [
                -0.913937389850616,
                35.644527435302734
              ],
              [
                -0.917115688323975,
                35.708900451660156
              ]
            ]
          ],
          [
            [
              [
                1.258725643157959,
                39.1264533996582
              ],
              [
                1.337347388267517,
                39.1264533996582
              ],
              [
                1.651834011077881,
                39.1264533996582
              ],
              [
                1.657540321350098,
                38.997230529785156
              ],
              [
                1.430543661117554,
                38.80344009399414
              ],
              [
                1.273545265197754,
                38.80344009399414
              ],
              [
                1.183109045028687,
                39.06184005737305
              ],
              [
                1.258725643157959,
                39.1264533996582
              ]
            ]
          ],
          [
            [
              [
                2.658556938171387,
                39.51427459716797
              ],
              [
                2.346148252487183,
                39.449623107910156
              ],
              [
                2.338095426559448,
                39.64360046386719
              ],
              [
                2.877186298370361,
                39.9670295715332
              ],
              [
                2.956136703491211,
                39.9670295715332
              ],
              [
                3.19298791885376,
                39.9670295715332
              ],
              [
                3.197866439819336,
                39.8376350402832
              ],
              [
                3.515789270401001,
                39.77294921875
              ],
              [
                3.295835733413696,
                39.320335388183594
              ],
              [
                2.82365870475769,
                39.320335388183594
              ],
              [
                2.658556938171387,
                39.51427459716797
              ]
            ]
          ],
          [
            [
              [
                -1.6829913854599,
                43.276947021484375
              ],
              [
                -1.522224068641663,
                43.276947021484375
              ],
              [
                -1.441840410232544,
                43.276947021484375
              ],
              [
                -1.428432941436768,
                43.08163070678711
              ],
              [
                -1.026964664459229,
                43.08163070678711
              ],
              [
                -0.528801321983337,
                42.82133865356445
              ],
              [
                -0.208102732896805,
                42.82133865356445
              ],
              [
                0.040142297744751,
                42.691246032714844
              ],
              [
                0.196577131748199,
                42.75628662109375
              ],
              [
                0.520835757255554,
                42.691246032714844
              ],
              [
                0.673818349838257,
                42.82133865356445
              ],
              [
                0.994516909122467,
                42.82133865356445
              ],
              [
                1.485537886619568,
                42.62621307373047
              ],
              [
                1.575427651405334,
                42.43117141723633
              ],
              [
                1.80907130241394,
                42.56119155883789
              ],
              [
                2.517835140228271,
                42.82133865356445
              ],
              [
                2.749729871749878,
                43.016544342041016
              ],
              [
                2.990521192550659,
                43.016544342041016
              ],
              [
                2.993316411972046,
                42.95146560668945
              ],
              [
                3.009923458099365,
                42.56119155883789
              ],
              [
                3.178062200546265,
                42.36617660522461
              ],
              [
                3.116764783859253,
                41.911441802978516
              ],
              [
                2.572504997253418,
                41.586883544921875
              ],
              [
                2.333626985549927,
                41.586883544921875
              ],
              [
                2.106574535369873,
                41.32738494873047
              ],
              [
                1.238392949104309,
                41.19768524169922
              ],
              [
                0.695793092250824,
                40.93837356567383
              ],
              [
                0.709256291389465,
                40.6791877746582
              ],
              [
                0.247769102454185,
                40.42012023925781
              ],
              [
                0.182543575763702,
                40.16116714477539
              ],
              [
                -0.126465529203415,
                40.031734466552734
              ],
              [
                -0.345421016216278,
                39.70827102661133
              ],
              [
                -0.313707679510117,
                39.1264533996582
              ],
              [
                0.099359586834908,
                38.738853454589844
              ],
              [
                -0.660861134529114,
                38.28691864013672
              ],
              [
                -0.803495347499847,
                38.028785705566406
              ],
              [
                -0.704753637313843,
                37.641746520996094
              ],
              [
                -1.708719491958618,
                37.44829177856445
              ],
              [
                -1.623468399047852,
                37.3193473815918
              ],
              [
                -1.857354998588562,
                37.3193473815918
              ],
              [
                -2.061630010604858,
                36.80373764038086
              ],
              [
                -2.532132625579834,
                36.8681755065918
              ],
              [
                -2.680080890655518,
                36.73930740356445
              ],
              [
                -4.468626022338867,
                36.73930740356445
              ],
              [
                -4.688807487487793,
                36.5460319519043
              ],
              [
                -5.22819709777832,
                36.48161697387695
              ],
              [
                -5.287947177886963,
                36.2239875793457
              ],
              [
                -5.662277221679688,
                36.03080368041992
              ],
              [
                -5.831079006195068,
                36.2239875793457
              ],
              [
                -6.063849925994873,
                36.2239875793457
              ],
              [
                -6.432291984558105,
                36.9970588684082
              ],
              [
                -6.587993621826172,
                36.9970588684082
              ],
              [
                -6.84182596206665,
                37.254878997802734
              ],
              [
                -7.309464931488037,
                37.254878997802734
              ],
              [
                -7.387404441833496,
                37.254878997802734
              ],
              [
                -7.502705097198486,
                37.706241607666016
              ],
              [
                -7.27909517288208,
                37.835243225097656
              ],
              [
                -7.14418888092041,
                38.09331130981445
              ],
              [
                -6.987714290618896,
                38.09331130981445
              ],
              [
                -6.998411178588867,
                38.22237777709961
              ],
              [
                -7.244168281555176,
                38.351463317871094
              ],
              [
                -7.271727085113525,
                38.67427444458008
              ],
              [
                -7.120340347290039,
                38.738853454589844
              ],
              [
                -6.985427379608154,
                38.997230529785156
              ],
              [
                -7.255166053771973,
                39.38497543334961
              ],
              [
                -7.418391227722168,
                39.449623107910156
              ],
              [
                -7.435848712921143,
                39.64360046386719
              ],
              [
                -6.895466804504395,
                39.77294921875
              ],
              [
                -6.839452266693115,
                40.031734466552734
              ],
              [
                -7.00321626663208,
                40.0964469909668
              ],
              [
                -7.014894485473633,
                40.225894927978516
              ],
              [
                -6.868430137634277,
                40.355369567871094
              ],
              [
                -6.927728176116943,
                41.00318908691406
              ],
              [
                -6.254164218902588,
                41.45711898803711
              ],
              [
                -6.271912097930908,
                41.65177917480469
              ],
              [
                -6.516909122467041,
                41.71668243408203
              ],
              [
                -6.700808048248291,
                41.97637939453125
              ],
              [
                -8.11717414855957,
                41.781593322753906
              ],
              [
                -8.216935157775879,
                41.97637939453125
              ],
              [
                -8.137139320373535,
                41.97637939453125
              ],
              [
                -8.150541305541992,
                42.10627746582031
              ],
              [
                -8.469955444335938,
                42.10627746582031
              ],
              [
                -8.928141593933105,
                41.911441802978516
              ],
              [
                -8.935100555419922,
                41.97637939453125
              ],
              [
                -8.956093788146973,
                42.17123794555664
              ],
              [
                -8.65738296508789,
                42.36617660522461
              ],
              [
                -9.078654289245605,
                42.56119155883789
              ],
              [
                -9.30460262298584,
                43.146724700927734
              ],
              [
                -8.851689338684082,
                43.407203674316406
              ],
              [
                -8.369025230407715,
                43.407203674316406
              ],
              [
                -8.39044189453125,
                43.6026611328125
              ],
              [
                -8.243616104125977,
                43.73301696777344
              ],
              [
                -7.276463031768799,
                43.73301696777344
              ],
              [
                -7.343485832214355,
                43.6026611328125
              ],
              [
                -7.175715446472168,
                43.53750228881836
              ],
              [
                -5.726631164550781,
                43.53750228881836
              ],
              [
                -5.646126270294189,
                43.53750228881836
              ],
              [
                -4.990375518798828,
                43.407203674316406
              ],
              [
                -3.467212915420532,
                43.472347259521484
              ],
              [
                -3.295851230621338,
                43.342071533203125
              ],
              [
                -1.772614240646362,
                43.407203674316406
              ],
              [
                -1.6829913854599,
                43.276947021484375
              ]
            ]
          ],
          [
            [
              [
                3.820104122161865,
                40.0964469909668
              ],
              [
                4.215116024017334,
                40.0964469909668
              ],
              [
                4.302449703216553,
                39.8376350402832
              ],
              [
                3.826826572418213,
                39.90232849121094
              ],
              [
                3.741101741790771,
                40.0964469909668
              ],
              [
                3.820104122161865,
                40.0964469909668
              ]
            ]
          ],
          [
            [
              [
                4.081100463867188,
                45.95537567138672
              ],
              [
                3.985684394836426,
                46.283294677734375
              ],
              [
                4.067520141601562,
                46.283294677734375
              ],
              [
                4.228518962860107,
                46.348915100097656
              ],
              [
                4.400054931640625,
                46.1520881652832
              ],
              [
                4.402639865875244,
                46.08650588989258
              ],
              [
                4.326115131378174,
                45.95537567138672
              ],
              [
                4.081100463867188,
                45.95537567138672
              ]
            ]
          ],
          [
            [
              [
                5.443363189697266,
                46.74290466308594
              ],
              [
                5.432206630706787,
                47.07159423828125
              ],
              [
                5.594502449035645,
                47.13737487792969
              ],
              [
                5.576864242553711,
                47.664100646972656
              ],
              [
                5.822384834289551,
                47.730003356933594
              ],
              [
                5.818123817443848,
                47.86185836791992
              ],
              [
                6.144739151000977,
                47.993770599365234
              ],
              [
                6.890934467315674,
                47.92780685424805
              ],
              [
                6.973622798919678,
                47.92780685424805
              ],
              [
                7.056310653686523,
                47.92780685424805
              ],
              [
                7.218601703643799,
                48.059749603271484
              ],
              [
                7.466878890991211,
                48.059749603271484
              ],
              [
                7.55383825302124,
                47.86185836791992
              ],
              [
                7.555233955383301,
                47.79592514038086
              ],
              [
                7.556626796722412,
                47.730003356933594
              ],
              [
                7.558016777038574,
                47.664100646972656
              ],
              [
                7.559404373168945,
                47.598209381103516
              ],
              [
                7.39728307723999,
                47.46647262573242
              ],
              [
                6.983439445495605,
                47.53233337402344
              ],
              [
                6.989914417266846,
                47.26897048950195
              ],
              [
                6.828584671020508,
                47.13737487792969
              ],
              [
                6.506691455841064,
                46.87434005737305
              ],
              [
                6.185802459716797,
                46.61152267456055
              ],
              [
                6.103800296783447,
                46.61152267456055
              ],
              [
                6.107663631439209,
                46.480194091796875
              ],
              [
                5.788111209869385,
                46.21768569946289
              ],
              [
                5.376893997192383,
                46.283294677734375
              ],
              [
                5.361294269561768,
                46.74290466308594
              ],
              [
                5.443363189697266,
                46.74290466308594
              ]
            ]
          ],
          [
            [
              [
                7.792711734771729,
                48.323814392089844
              ],
              [
                7.796617031097412,
                48.1257438659668
              ],
              [
                7.959747314453125,
                48.257774353027344
              ],
              [
                8.208345413208008,
                48.257774353027344
              ],
              [
                8.210589408874512,
                48.1257438659668
              ],
              [
                8.127795219421387,
                48.1257438659668
              ],
              [
                8.218400955200195,
                47.664100646972656
              ],
              [
                8.054483413696289,
                47.598209381103516
              ],
              [
                8.138138771057129,
                47.53233337402344
              ],
              [
                8.059174537658691,
                47.33478927612305
              ],
              [
                7.72967529296875,
                47.33478927612305
              ],
              [
                7.560789108276367,
                47.53233337402344
              ],
              [
                7.643267631530762,
                47.53233337402344
              ],
              [
                7.725746154785156,
                47.53233337402344
              ],
              [
                7.886958122253418,
                47.730003356933594
              ],
              [
                7.637851715087891,
                47.79592514038086
              ],
              [
                7.628283500671387,
                48.257774353027344
              ],
              [
                7.709810256958008,
                48.323814392089844
              ],
              [
                7.792711734771729,
                48.323814392089844
              ]
            ]
          ],
          [
            [
              [
                8.376178741455078,
                48.1257438659668
              ],
              [
                8.461000442504883,
                47.993770599365234
              ],
              [
                8.21282958984375,
                47.993770599365234
              ],
              [
                8.210589408874512,
                48.1257438659668
              ],
              [
                8.293384552001953,
                48.1257438659668
              ],
              [
                8.376178741455078,
                48.1257438659668
              ]
            ]
          ],
          [
            [
              [
                8.371971130371094,
                48.38986587524414
              ],
              [
                8.455925941467285,
                48.323814392089844
              ],
              [
                8.208345413208008,
                48.257774353027344
              ],
              [
                8.206095695495605,
                48.38986587524414
              ],
              [
                8.289033889770508,
                48.38986587524414
              ],
              [
                8.371971130371094,
                48.38986587524414
              ]
            ]
          ],
          [
            [
              [
                8.45389175415039,
                48.455936431884766
              ],
              [
                8.286852836608887,
                48.52202224731445
              ],
              [
                8.36880874633789,
                48.5881233215332
              ],
              [
                8.451854705810547,
                48.5881233215332
              ],
              [
                8.45389175415039,
                48.455936431884766
              ]
            ]
          ],
          [
            [
              [
                8.617947578430176,
                48.5881233215332
              ],
              [
                8.6170015335083,
                48.654239654541016
              ],
              [
                8.700084686279297,
                48.654239654541016
              ],
              [
                8.700993537902832,
                48.5881233215332
              ],
              [
                8.701903343200684,
                48.52202224731445
              ],
              [
                8.61889362335205,
                48.52202224731445
              ],
              [
                8.535882949829102,
                48.52202224731445
              ],
              [
                8.53490161895752,
                48.5881233215332
              ],
              [
                8.617947578430176,
                48.5881233215332
              ]
            ]
          ],
          [
            [
              [
                6.614560127258301,
                51.98215103149414
              ],
              [
                6.699635028839111,
                51.98215103149414
              ],
              [
                6.533320903778076,
                51.84812545776367
              ],
              [
                6.021216869354248,
                51.91512680053711
              ],
              [
                5.942830562591553,
                51.71418380737305
              ],
              [
                6.114758014678955,
                51.64724349975586
              ],
              [
                6.118994235992432,
                51.51342010498047
              ],
              [
                5.779896259307861,
                51.51342010498047
              ],
              [
                5.784458637237549,
                51.37968063354492
              ],
              [
                5.365976333618164,
                51.24601745605469
              ],
              [
                5.291423320770264,
                50.97892379760742
              ],
              [
                5.206983089447021,
                50.97892379760742
              ],
              [
                5.217134952545166,
                50.71213912963867
              ],
              [
                5.048582077026367,
                50.71213912963867
              ],
              [
                5.058992385864258,
                50.445655822753906
              ],
              [
                5.232241630554199,
                50.312522888183594
              ],
              [
                5.479565620422363,
                50.445655822753906
              ],
              [
                5.902330875396729,
                50.37908172607422
              ],
              [
                5.727356910705566,
                50.578861236572266
              ],
              [
                5.709018707275391,
                51.112430572509766
              ],
              [
                5.871382236480713,
                51.31283950805664
              ],
              [
                6.04067850112915,
                51.31283950805664
              ],
              [
                6.044969081878662,
                51.17921447753906
              ],
              [
                5.960404872894287,
                51.17921447753906
              ],
              [
                6.068368434906006,
                50.445655822753906
              ],
              [
                6.402873992919922,
                50.51224899291992
              ],
              [
                6.07469654083252,
                50.2459831237793
              ],
              [
                6.582399845123291,
                50.11296081542969
              ],
              [
                6.586127281188965,
                49.98000717163086
              ],
              [
                6.340545177459717,
                49.78071212768555
              ],
              [
                6.346458435058594,
                49.58156967163086
              ],
              [
                6.264857769012451,
                49.51522445678711
              ],
              [
                6.356269359588623,
                49.2500114440918
              ],
              [
                6.272853374481201,
                49.2500114440918
              ],
              [
                5.855773448944092,
                49.2500114440918
              ],
              [
                5.85359001159668,
                49.316287994384766
              ],
              [
                6.018386363983154,
                49.38258361816406
              ],
              [
                5.928430557250977,
                49.58156967163086
              ],
              [
                5.677613735198975,
                49.58156967163086
              ],
              [
                5.596318244934082,
                49.51522445678711
              ],
              [
                5.684420585632324,
                49.38258361816406
              ],
              [
                5.68668270111084,
                49.316287994384766
              ],
              [
                5.35286808013916,
                49.316287994384766
              ],
              [
                5.259585380554199,
                49.58156967163086
              ],
              [
                5.175980091094971,
                49.58156967163086
              ],
              [
                5.084731101989746,
                49.78071212768555
              ],
              [
                4.830895900726318,
                49.84712600708008
              ],
              [
                4.736247062683105,
                50.11296081542969
              ],
              [
                4.490188121795654,
                49.98000717163086
              ],
              [
                2.554430246353149,
                50.11296081542969
              ],
              [
                2.378913640975952,
                50.2459831237793
              ],
              [
                2.126928567886353,
                50.2459831237793
              ],
              [
                1.866746544837952,
                50.37908172607422
              ],
              [
                1.854379415512085,
                50.578861236572266
              ],
              [
                2.018708944320679,
                50.64549255371094
              ],
              [
                2.010558843612671,
                50.77880859375
              ],
              [
                2.006469488143921,
                50.84549331665039
              ],
              [
                2.090827465057373,
                50.84549331665039
              ],
              [
                2.074539184570312,
                51.112430572509766
              ],
              [
                2.239571809768677,
                51.17921447753906
              ],
              [
                2.577829360961914,
                51.17921447753906
              ],
              [
                3.155481338500977,
                51.44654083251953
              ],
              [
                3.74860668182373,
                51.44654083251953
              ],
              [
                3.40621018409729,
                51.51342010498047
              ],
              [
                3.399252653121948,
                51.64724349975586
              ],
              [
                3.738690614700317,
                51.64724349975586
              ],
              [
                3.647099733352661,
                51.78114318847656
              ],
              [
                3.81699013710022,
                51.78114318847656
              ],
              [
                3.810401916503906,
                51.91512680053711
              ],
              [
                3.980464458465576,
                51.91512680053711
              ],
              [
                3.974021434783936,
                52.0491943359375
              ],
              [
                4.223166942596436,
                52.18334197998047
              ],
              [
                4.21693229675293,
                52.31757736206055
              ],
              [
                4.463808536529541,
                52.51908493041992
              ],
              [
                4.534325122833252,
                52.85536575317383
              ],
              [
                4.702715873718262,
                52.92268753051758
              ],
              [
                4.608114719390869,
                53.124786376953125
              ],
              [
                4.691011905670166,
                53.192195892333984
              ],
              [
                4.862768650054932,
                53.192195892333984
              ],
              [
                4.785540580749512,
                52.99003219604492
              ],
              [
                5.056382656097412,
                52.653533935546875
              ],
              [
                5.136557102203369,
                52.78806686401367
              ],
              [
                5.390830039978027,
                52.85536575317383
              ],
              [
                5.385728359222412,
                52.99003219604492
              ],
              [
                5.20894193649292,
                53.124786376953125
              ],
              [
                5.542333602905273,
                53.39456558227539
              ],
              [
                6.742867469787598,
                53.52959060668945
              ],
              [
                7.093948841094971,
                53.25962829589844
              ],
              [
                7.179872989654541,
                53.25962829589844
              ],
              [
                7.021557331085205,
                52.720787048339844
              ],
              [
                6.68117618560791,
                52.653533935546875
              ],
              [
                6.68488883972168,
                52.51908493041992
              ],
              [
                6.944602489471436,
                52.38472366333008
              ],
              [
                6.864534378051758,
                52.18334197998047
              ],
              [
                6.779329299926758,
                52.18334197998047
              ],
              [
                6.781125068664551,
                52.11625671386719
              ],
              [
                6.695963382720947,
                52.11625671386719
              ],
              [
                6.697800159454346,
                52.0491943359375
              ],
              [
                6.612682342529297,
                52.0491943359375
              ],
              [
                6.614560127258301,
                51.98215103149414
              ]
            ]
          ],
          [
            [
              [
                16.732860565185547,
                41.19768524169922
              ],
              [
                17.436086654663086,
                40.873565673828125
              ],
              [
                17.510658264160156,
                40.74397277832031
              ],
              [
                17.981229782104492,
                40.614410400390625
              ],
              [
                18.364234924316406,
                40.29063034057617
              ],
              [
                18.435537338256836,
                40.0964469909668
              ],
              [
                18.356534957885742,
                40.0964469909668
              ],
              [
                18.34894371032715,
                39.90232849121094
              ],
              [
                18.11216926574707,
                39.90232849121094
              ],
              [
                17.813072204589844,
                40.355369567871094
              ],
              [
                17.41753578186035,
                40.355369567871094
              ],
              [
                17.345230102539062,
                40.54964065551758
              ],
              [
                17.02848243713379,
                40.54964065551758
              ],
              [
                16.867990493774414,
                40.4848747253418
              ],
              [
                16.945016860961914,
                40.42012023925781
              ],
              [
                16.861696243286133,
                40.29063034057617
              ],
              [
                16.624452590942383,
                40.29063034057617
              ],
              [
                16.697484970092773,
                40.0964469909668
              ],
              [
                16.45665168762207,
                39.9670295715332
              ],
              [
                16.44725799560547,
                39.64360046386719
              ],
              [
                16.916194915771484,
                39.51427459716797
              ],
              [
                17.069679260253906,
                39.38497543334961
              ],
              [
                17.138301849365234,
                39.06184005737305
              ],
              [
                16.502395629882812,
                38.80344009399414
              ],
              [
                16.491945266723633,
                38.416015625
              ],
              [
                15.932764053344727,
                37.96426773071289
              ],
              [
                15.698192596435547,
                37.96426773071289
              ],
              [
                15.62426471710205,
                38.157840728759766
              ],
              [
                15.389483451843262,
                38.157840728759766
              ],
              [
                15.066489219665527,
                37.641746520996094
              ],
              [
                15.059245109558105,
                37.254878997802734
              ],
              [
                15.213889122009277,
                37.1904182434082
              ],
              [
                15.049844741821289,
                36.73930740356445
              ],
              [
                14.661029815673828,
                36.73930740356445
              ],
              [
                14.27791690826416,
                37.12596130371094
              ],
              [
                13.578389167785645,
                37.254878997802734
              ],
              [
                13.192005157470703,
                37.5772590637207
              ],
              [
                12.490468978881836,
                37.706241607666016
              ],
              [
                12.49189567565918,
                37.89975357055664
              ],
              [
                12.649824142456055,
                38.09331130981445
              ],
              [
                13.040358543395996,
                38.028785705566406
              ],
              [
                13.119925498962402,
                38.157840728759766
              ],
              [
                13.354706764221191,
                38.157840728759766
              ],
              [
                13.665236473083496,
                37.96426773071289
              ],
              [
                14.604636192321777,
                38.028785705566406
              ],
              [
                14.763398170471191,
                38.157840728759766
              ],
              [
                15.862062454223633,
                38.28691864013672
              ],
              [
                15.949724197387695,
                38.67427444458008
              ],
              [
                16.265209197998047,
                38.738853454589844
              ],
              [
                15.898874282836914,
                39.77294921875
              ],
              [
                15.665508270263672,
                39.90232849121094
              ],
              [
                15.747773170471191,
                40.031734466552734
              ],
              [
                15.431868553161621,
                40.031734466552734
              ],
              [
                15.199469566345215,
                40.225894927978516
              ],
              [
                15.041359901428223,
                40.225894927978516
              ],
              [
                14.893351554870605,
                40.6791877746582
              ],
              [
                14.417906761169434,
                40.6791877746582
              ],
              [
                14.421854972839355,
                40.873565673828125
              ],
              [
                14.104567527770996,
                40.873565673828125
              ],
              [
                13.950616836547852,
                41.132843017578125
              ],
              [
                13.791753768920898,
                41.132843017578125
              ],
              [
                13.792884826660156,
                41.19768524169922
              ],
              [
                14.03740406036377,
                41.521995544433594
              ],
              [
                13.96146297454834,
                41.71668243408203
              ],
              [
                13.804443359375,
                41.84651184082031
              ],
              [
                13.40574836730957,
                41.84651184082031
              ],
              [
                13.328027725219727,
                41.97637939453125
              ],
              [
                13.00974178314209,
                42.041324615478516
              ],
              [
                12.856051445007324,
                42.496177673339844
              ],
              [
                13.098980903625488,
                42.691246032714844
              ],
              [
                13.339327812194824,
                42.691246032714844
              ],
              [
                13.583069801330566,
                42.88639831542969
              ],
              [
                13.90514087677002,
                42.95146560668945
              ],
              [
                13.98537540435791,
                42.95146560668945
              ],
              [
                13.901384353637695,
                42.75628662109375
              ],
              [
                14.370945930480957,
                42.236209869384766
              ],
              [
                14.530768394470215,
                42.236209869384766
              ],
              [
                14.607714653015137,
                42.10627746582031
              ],
              [
                14.768959999084473,
                42.17123794555664
              ],
              [
                14.765887260437012,
                42.041324615478516
              ],
              [
                14.9239501953125,
                41.97637939453125
              ],
              [
                15.165011405944824,
                42.041324615478516
              ],
              [
                15.241438865661621,
                41.911441802978516
              ],
              [
                15.640276908874512,
                41.911441802978516
              ],
              [
                15.720044136047363,
                41.911441802978516
              ],
              [
                16.11888313293457,
                41.911441802978516
              ],
              [
                16.114879608154297,
                41.781593322753906
              ],
              [
                15.87384033203125,
                41.71668243408203
              ],
              [
                15.943941116333008,
                41.39224624633789
              ],
              [
                16.732860565185547,
                41.19768524169922
              ]
            ]
          ],
          [
            [
              [
                9.74737548828125,
                39.64360046386719
              ],
              [
                9.668553352355957,
                39.64360046386719
              ],
              [
                9.592622756958008,
                39.1264533996582
              ],
              [
                9.120378494262695,
                39.19107437133789
              ],
              [
                8.96590518951416,
                38.8680305480957
              ],
              [
                8.730334281921387,
                38.8680305480957
              ],
              [
                8.336196899414062,
                38.997230529785156
              ],
              [
                8.411824226379395,
                39.25570297241211
              ],
              [
                8.333152770996094,
                39.25570297241211
              ],
              [
                8.330102920532227,
                39.51427459716797
              ],
              [
                8.40887451171875,
                39.51427459716797
              ],
              [
                8.48337459564209,
                39.90232849121094
              ],
              [
                8.324762344360352,
                39.9670295715332
              ],
              [
                8.400031089782715,
                40.29063034057617
              ],
              [
                8.32094955444336,
                40.29063034057617
              ],
              [
                8.318660736083984,
                40.4848747253418
              ],
              [
                8.159523010253906,
                40.54964065551758
              ],
              [
                8.154606819152832,
                40.93837356567383
              ],
              [
                8.552037239074707,
                40.873565673828125
              ],
              [
                9.024832725524902,
                41.26253128051758
              ],
              [
                9.10431957244873,
                41.26253128051758
              ],
              [
                9.50210952758789,
                41.19768524169922
              ],
              [
                9.821690559387207,
                40.74397277832031
              ],
              [
                9.823226928710938,
                40.355369567871094
              ],
              [
                9.665326118469238,
                40.29063034057617
              ],
              [
                9.74737548828125,
                39.64360046386719
              ]
            ]
          ],
          [
            [
              [
                11.336134910583496,
                42.62621307373047
              ],
              [
                11.335225105285645,
                42.43117141723633
              ],
              [
                11.1754732131958,
                42.496177673339844
              ],
              [
                11.1757173538208,
                42.56119155883789
              ],
              [
                11.336134910583496,
                42.62621307373047
              ]
            ]
          ],
          [
            [
              [
                10.615615844726562,
                43.08163070678711
              ],
              [
                10.856496810913086,
                43.08163070678711
              ],
              [
                10.936327934265137,
                42.88639831542969
              ],
              [
                10.856123924255371,
                42.88639831542969
              ],
              [
                10.85624885559082,
                42.95146560668945
              ],
              [
                10.776015281677246,
                42.95146560668945
              ],
              [
                10.695780754089355,
                42.95146560668945
              ],
              [
                10.695845603942871,
                43.016544342041016
              ],
              [
                10.615581512451172,
                43.016544342041016
              ],
              [
                10.615615844726562,
                43.08163070678711
              ]
            ]
          ],
          [
            [
              [
                9.969943046569824,
                44.05907440185547
              ],
              [
                9.970182418823242,
                43.99384307861328
              ],
              [
                9.889463424682617,
                43.99384307861328
              ],
              [
                9.889193534851074,
                44.05907440185547
              ],
              [
                9.969943046569824,
                44.05907440185547
              ]
            ]
          ],
          [
            [
              [
                10.128390312194824,
                45.03877639770508
              ],
              [
                9.965350151062012,
                45.169586181640625
              ],
              [
                9.234381675720215,
                45.10417556762695
              ],
              [
                9.319401741027832,
                44.64661407470703
              ],
              [
                9.644309997558594,
                44.5159797668457
              ],
              [
                9.64546012878418,
                44.32010269165039
              ],
              [
                9.969700813293457,
                44.12431716918945
              ],
              [
                9.888919830322266,
                44.12431716918945
              ],
              [
                9.565396308898926,
                44.18956756591797
              ],
              [
                9.159077644348145,
                44.45067596435547
              ],
              [
                8.592522621154785,
                44.45067596435547
              ],
              [
                8.191595077514648,
                44.18956756591797
              ],
              [
                8.033902168273926,
                43.92862319946289
              ],
              [
                7.552080154418945,
                43.79821014404297
              ],
              [
                7.550928592681885,
                43.86341094970703
              ],
              [
                7.705605983734131,
                44.25482940673828
              ],
              [
                8.107880592346191,
                44.38538360595703
              ],
              [
                8.105920791625977,
                44.5159797668457
              ],
              [
                8.506561279296875,
                44.842647552490234
              ],
              [
                8.337774276733398,
                45.300437927246094
              ],
              [
                8.581818580627441,
                45.300437927246094
              ],
              [
                8.578357696533203,
                45.56227111816406
              ],
              [
                8.330994606018066,
                45.75876998901367
              ],
              [
                8.005810737609863,
                45.693260192871094
              ],
              [
                7.919662952423096,
                45.95537567138672
              ],
              [
                8.320942878723145,
                46.414546966552734
              ],
              [
                8.485703468322754,
                46.348915100097656
              ],
              [
                8.488550186157227,
                46.1520881652832
              ],
              [
                8.652090072631836,
                46.1520881652832
              ],
              [
                8.90048885345459,
                45.889827728271484
              ],
              [
                9.223830223083496,
                46.21768569946289
              ],
              [
                9.387435913085938,
                46.21768569946289
              ],
              [
                9.470881462097168,
                46.02093505859375
              ],
              [
                9.308683395385742,
                45.889827728271484
              ],
              [
                9.310473442077637,
                45.693260192871094
              ],
              [
                9.474601745605469,
                45.56227111816406
              ],
              [
                9.55607795715332,
                45.56227111816406
              ],
              [
                9.71903133392334,
                45.56227111816406
              ],
              [
                9.883387565612793,
                45.300437927246094
              ],
              [
                10.453055381774902,
                45.169586181640625
              ],
              [
                10.453271865844727,
                45.03877639770508
              ],
              [
                10.128390312194824,
                45.03877639770508
              ]
            ]
          ],
          [
            [
              [
                21.930757522583008,
                47.79592514038086
              ],
              [
                21.765522003173828,
                47.79592514038086
              ],
              [
                21.673728942871094,
                47.664100646972656
              ],
              [
                21.430559158325195,
                47.730003356933594
              ],
              [
                21.435049057006836,
                47.79592514038086
              ],
              [
                21.352432250976562,
                47.79592514038086
              ],
              [
                21.36138343811035,
                47.92780685424805
              ],
              [
                21.531330108642578,
                47.993770599365234
              ],
              [
                21.940202713012695,
                47.92780685424805
              ],
              [
                21.930757522583008,
                47.79592514038086
              ]
            ]
          ],
          [
            [
              [
                9.290210723876953,
                47.79592514038086
              ],
              [
                9.043119430541992,
                47.730003356933594
              ],
              [
                8.96053695678711,
                47.730003356933594
              ],
              [
                8.87795352935791,
                47.730003356933594
              ],
              [
                8.877120971679688,
                47.79592514038086
              ],
              [
                8.959738731384277,
                47.79592514038086
              ],
              [
                8.958940505981445,
                47.86185836791992
              ],
              [
                8.957342147827148,
                47.993770599365234
              ],
              [
                9.124246597290039,
                47.86185836791992
              ],
              [
                9.122788429260254,
                47.993770599365234
              ],
              [
                9.288235664367676,
                47.993770599365234
              ],
              [
                9.290210723876953,
                47.79592514038086
              ]
            ]
          ],
          [
            [
              [
                8.710076332092285,
                47.92780685424805
              ],
              [
                8.793634414672852,
                47.86185836791992
              ],
              [
                8.628328323364258,
                47.86185836791992
              ],
              [
                8.626447677612305,
                47.993770599365234
              ],
              [
                8.709171295166016,
                47.993770599365234
              ],
              [
                8.710076332092285,
                47.92780685424805
              ]
            ]
          ],
          [
            [
              [
                9.45427131652832,
                47.92780685424805
              ],
              [
                9.453682899475098,
                47.993770599365234
              ],
              [
                9.536406517028809,
                47.993770599365234
              ],
              [
                9.536959648132324,
                47.92780685424805
              ],
              [
                9.537511825561523,
                47.86185836791992
              ],
              [
                9.454858779907227,
                47.86185836791992
              ],
              [
                9.37220573425293,
                47.86185836791992
              ],
              [
                9.371582984924316,
                47.92780685424805
              ],
              [
                9.45427131652832,
                47.92780685424805
              ]
            ]
          ],
          [
            [
              [
                10.52871322631836,
                48.191749572753906
              ],
              [
                10.363642692565918,
                47.993770599365234
              ],
              [
                10.115167617797852,
                48.059749603271484
              ],
              [
                10.197128295898438,
                48.257774353027344
              ],
              [
                10.528592109680176,
                48.257774353027344
              ],
              [
                10.52871322631836,
                48.191749572753906
              ]
            ]
          ],
          [
            [
              [
                8.95413875579834,
                48.257774353027344
              ],
              [
                9.03777027130127,
                48.191749572753906
              ],
              [
                8.872109413146973,
                48.191749572753906
              ],
              [
                8.87043571472168,
                48.323814392089844
              ],
              [
                8.953337669372559,
                48.323814392089844
              ],
              [
                8.95413875579834,
                48.257774353027344
              ]
            ]
          ],
          [
            [
              [
                17.31973648071289,
                51.71418380737305
              ],
              [
                17.549257278442383,
                51.24601745605469
              ],
              [
                17.972288131713867,
                51.24601745605469
              ],
              [
                18.049345016479492,
                51.112430572509766
              ],
              [
                18.709320068359375,
                50.84549331665039
              ],
              [
                18.70132827758789,
                50.71213912963867
              ],
              [
                19.030193328857422,
                50.578861236572266
              ],
              [
                19.022031784057617,
                50.445655822753906
              ],
              [
                19.18613052368164,
                50.37908172607422
              ],
              [
                19.17385482788086,
                50.17946243286133
              ],
              [
                19.089900970458984,
                50.17946243286133
              ],
              [
                19.085887908935547,
                50.11296081542969
              ],
              [
                19.081897735595703,
                50.04647445678711
              ],
              [
                19.165773391723633,
                50.04647445678711
              ],
              [
                19.23756217956543,
                49.84712600708008
              ],
              [
                18.887298583984375,
                49.58156967163086
              ],
              [
                18.87979507446289,
                49.44889450073242
              ],
              [
                19.472537994384766,
                49.58156967163086
              ],
              [
                19.865541458129883,
                49.18375015258789
              ],
              [
                20.21193504333496,
                49.38258361816406
              ],
              [
                20.545900344848633,
                49.38258361816406
              ],
              [
                20.453577041625977,
                49.2500114440918
              ],
              [
                20.703824996948242,
                49.2500114440918
              ],
              [
                20.71288299560547,
                49.38258361816406
              ],
              [
                21.79827117919922,
                49.38258361816406
              ],
              [
                22.43976593017578,
                49.051273345947266
              ],
              [
                22.434545516967773,
                48.98506164550781
              ],
              [
                22.340970993041992,
                48.852684020996094
              ],
              [
                22.17796467349447,
                48.896798404015314
              ],
              [
                22.174585342407227,
                48.852684020996094
              ],
              [
                22.091392517089844,
                48.852684020996094
              ],
              [
                21.993330001831055,
                48.654239654541016
              ],
              [
                21.227327346801758,
                48.38986587524414
              ],
              [
                21.126541137695312,
                48.1257438659668
              ],
              [
                20.69148826599121,
                47.79592514038086
              ],
              [
                20.443634033203125,
                47.79592514038086
              ],
              [
                20.125028610229492,
                47.993770599365234
              ],
              [
                18.887624740600586,
                48.059749603271484
              ],
              [
                18.708656311035156,
                47.79592514038086
              ],
              [
                18.20982551574707,
                47.730003356933594
              ],
              [
                18.1119441986084,
                47.4006233215332
              ],
              [
                17.944162368774414,
                47.33478927612305
              ],
              [
                17.938262939453125,
                47.20316696166992
              ],
              [
                18.179109573364258,
                47.07159423828125
              ],
              [
                18.170061111450195,
                46.87434005737305
              ],
              [
                17.677242279052734,
                46.87434005737305
              ],
              [
                17.261306762695312,
                46.74290466308594
              ],
              [
                17.256074905395508,
                46.61152267456055
              ],
              [
                16.918201446533203,
                46.348915100097656
              ],
              [
                16.913297653198242,
                46.21768569946289
              ],
              [
                17.151081085205078,
                46.02093505859375
              ],
              [
                17.475234985351562,
                45.95537567138672
              ],
              [
                17.55152130126953,
                45.82429504394531
              ],
              [
                17.46991539001465,
                45.82429504394531
              ],
              [
                17.46196174621582,
                45.62776184082031
              ],
              [
                16.802734375,
                45.431331634521484
              ],
              [
                16.793216705322266,
                45.169586181640625
              ],
              [
                16.294586181640625,
                44.842647552490234
              ],
              [
                16.285852432250977,
                44.58129119873047
              ],
              [
                16.52429962158203,
                44.45067596435547
              ],
              [
                16.51975440979004,
                44.32010269165039
              ],
              [
                16.19411277770996,
                44.25482940673828
              ],
              [
                16.19840431213379,
                44.38538360595703
              ],
              [
                16.038679122924805,
                44.45067596435547
              ],
              [
                15.884906768798828,
                44.71194839477539
              ],
              [
                15.477727890014648,
                44.64661407470703
              ],
              [
                15.229314804077148,
                44.45067596435547
              ],
              [
                15.148378372192383,
                44.45067596435547
              ],
              [
                14.908865928649902,
                44.58129119873047
              ],
              [
                14.91874885559082,
                44.973392486572266
              ],
              [
                14.75637149810791,
                44.973392486572266
              ],
              [
                14.759533882141113,
                45.10417556762695
              ],
              [
                14.59854507446289,
                45.169586181640625
              ],
              [
                14.603090286254883,
                45.36587905883789
              ],
              [
                14.196189880371094,
                45.36587905883789
              ],
              [
                14.189410209655762,
                45.03877639770508
              ],
              [
                14.108189582824707,
                45.03877639770508
              ],
              [
                14.026969909667969,
                45.03877639770508
              ],
              [
                13.786900520324707,
                45.23500442504883
              ],
              [
                14.117451667785645,
                45.496795654296875
              ],
              [
                13.710229873657227,
                45.496795654296875
              ],
              [
                13.711389541625977,
                45.56227111816406
              ],
              [
                13.714865684509277,
                45.75876998901367
              ],
              [
                13.389599800109863,
                45.82429504394531
              ],
              [
                13.307992935180664,
                45.82429504394531
              ],
              [
                13.31197738647461,
                46.08650588989258
              ],
              [
                13.47651481628418,
                46.1520881652832
              ],
              [
                13.397838592529297,
                46.348915100097656
              ],
              [
                13.562676429748535,
                46.414546966552734
              ],
              [
                13.564879417419434,
                46.54585266113281
              ],
              [
                12.09045124053955,
                46.677207946777344
              ],
              [
                11.515933990478516,
                46.61152267456055
              ],
              [
                11.269417762756348,
                46.414546966552734
              ],
              [
                11.105613708496094,
                46.414546966552734
              ],
              [
                11.187925338745117,
                46.61152267456055
              ],
              [
                10.5320405960083,
                46.54585266113281
              ],
              [
                10.450072288513184,
                46.54585266113281
              ],
              [
                10.36669635772705,
                47.005828857421875
              ],
              [
                10.202829360961914,
                46.87434005737305
              ],
              [
                9.9564208984375,
                46.87434005737305
              ],
              [
                9.625838279724121,
                47.13737487792969
              ],
              [
                9.625325202941895,
                47.20316696166992
              ],
              [
                9.54301929473877,
                47.20316696166992
              ],
              [
                9.542471885681152,
                47.26897048950195
              ],
              [
                9.541923522949219,
                47.33478927612305
              ],
              [
                9.541373252868652,
                47.4006233215332
              ],
              [
                9.623783111572266,
                47.4006233215332
              ],
              [
                9.62326717376709,
                47.46647262573242
              ],
              [
                9.622751235961914,
                47.53233337402344
              ],
              [
                9.952665328979492,
                47.53233337402344
              ],
              [
                10.118547439575195,
                47.33478927612305
              ],
              [
                10.36567211151123,
                47.33478927612305
              ],
              [
                10.447366714477539,
                47.598209381103516
              ],
              [
                10.61239242553711,
                47.598209381103516
              ],
              [
                11.189559936523438,
                47.4006233215332
              ],
              [
                11.602551460266113,
                47.598209381103516
              ],
              [
                12.510897636413574,
                47.664100646972656
              ],
              [
                12.508110046386719,
                47.4006233215332
              ],
              [
                12.177369117736816,
                47.26897048950195
              ],
              [
                12.175729751586914,
                47.07159423828125
              ],
              [
                12.834451675415039,
                47.13737487792969
              ],
              [
                13.079431533813477,
                47.005828857421875
              ],
              [
                13.654860496520996,
                47.005828857421875
              ],
              [
                13.740641593933105,
                47.20316696166992
              ],
              [
                13.41247844696045,
                47.26897048950195
              ],
              [
                13.418926239013672,
                47.664100646972656
              ],
              [
                13.175244331359863,
                47.92780685424805
              ],
              [
                13.177251815795898,
                48.059749603271484
              ],
              [
                13.847192764282227,
                48.455936431884766
              ],
              [
                14.100465774536133,
                48.654239654541016
              ],
              [
                13.358475685119629,
                48.98506164550781
              ],
              [
                13.02955150604248,
                49.2500114440918
              ],
              [
                12.532414436340332,
                49.51522445678711
              ],
              [
                12.534139633178711,
                49.64793395996094
              ],
              [
                12.36764907836914,
                49.71431350708008
              ],
              [
                12.370920181274414,
                49.98000717163086
              ],
              [
                12.12159538269043,
                50.17946243286133
              ],
              [
                12.12234115600586,
                50.2459831237793
              ],
              [
                12.290331840515137,
                50.2459831237793
              ],
              [
                12.376081466674805,
                50.37908172607422
              ],
              [
                12.796454429626465,
                50.37908172607422
              ],
              [
                13.391927719116211,
                50.71213912963867
              ],
              [
                14.153997421264648,
                50.84549331665039
              ],
              [
                14.326505661010742,
                50.97892379760742
              ],
              [
                14.334224700927734,
                51.24601745605469
              ],
              [
                14.336182594299316,
                51.31283950805664
              ],
              [
                14.251534461975098,
                51.31283950805664
              ],
              [
                14.253460884094238,
                51.37968063354492
              ],
              [
                14.25539779663086,
                51.44654083251953
              ],
              [
                14.257346153259277,
                51.51342010498047
              ],
              [
                14.259305000305176,
                51.580322265625
              ],
              [
                14.263254165649414,
                51.71418380737305
              ],
              [
                14.097269058227539,
                51.84812545776367
              ],
              [
                13.757316589355469,
                51.84812545776367
              ],
              [
                13.675755500793457,
                51.98215103149414
              ],
              [
                13.422128677368164,
                52.0491943359375
              ],
              [
                13.425350189208984,
                52.18334197998047
              ],
              [
                13.940366744995117,
                52.31757736206055
              ],
              [
                14.360513687133789,
                52.11625671386719
              ],
              [
                14.615998268127441,
                52.11625671386719
              ],
              [
                14.779444694519043,
                51.91512680053711
              ],
              [
                14.869136810302734,
                52.0491943359375
              ],
              [
                15.039372444152832,
                52.0491943359375
              ],
              [
                15.131959915161133,
                52.250450134277344
              ],
              [
                15.470279693603516,
                52.18334197998047
              ],
              [
                15.646231651306152,
                52.31757736206055
              ],
              [
                15.813953399658203,
                52.250450134277344
              ],
              [
                15.96988296508789,
                51.91512680053711
              ],
              [
                16.054914474487305,
                51.91512680053711
              ],
              [
                16.131103515625,
                51.71418380737305
              ],
              [
                16.55561637878418,
                51.71418380737305
              ],
              [
                16.718996047973633,
                51.580322265625
              ],
              [
                16.980127334594727,
                51.71418380737305
              ],
              [
                17.31973648071289,
                51.71418380737305
              ]
            ],
            [
              [
                20.278141021728516,
                49.11750411987305
              ],
              [
                20.44919204711914,
                49.18375015258789
              ],
              [
                20.370161056518555,
                49.2500114440918
              ],
              [
                20.286745071411133,
                49.2500114440918
              ],
              [
                20.278141021728516,
                49.11750411987305
              ]
            ],
            [
              [
                14.190190315246582,
                52.11625671386719
              ],
              [
                13.93470573425293,
                52.11625671386719
              ],
              [
                13.93283748626709,
                52.0491943359375
              ],
              [
                14.269256591796875,
                51.91512680053711
              ],
              [
                14.190190315246582,
                52.11625671386719
              ]
            ]
          ],
          [
            [
              [
                8.540788650512695,
                48.191749572753906
              ],
              [
                8.537846565246582,
                48.38986587524414
              ],
              [
                8.788406372070312,
                48.257774353027344
              ],
              [
                8.705540657043457,
                48.257774353027344
              ],
              [
                8.540788650512695,
                48.191749572753906
              ]
            ]
          ],
          [
            [
              [
                9.865257263183594,
                48.323814392089844
              ],
              [
                9.782355308532715,
                48.323814392089844
              ],
              [
                9.451920509338379,
                48.191749572753906
              ],
              [
                9.449578285217285,
                48.455936431884766
              ],
              [
                9.947421073913574,
                48.455936431884766
              ],
              [
                10.03139591217041,
                48.257774353027344
              ],
              [
                9.865257263183594,
                48.323814392089844
              ]
            ]
          ],
          [
            [
              [
                9.36722469329834,
                48.38986587524414
              ],
              [
                9.368468284606934,
                48.257774353027344
              ],
              [
                9.202736854553223,
                48.257774353027344
              ],
              [
                9.201349258422852,
                48.38986587524414
              ],
              [
                9.36660385131836,
                48.455936431884766
              ],
              [
                9.36722469329834,
                48.38986587524414
              ]
            ]
          ],
          [
            [
              [
                10.196602821350098,
                48.38986587524414
              ],
              [
                10.279766082763672,
                48.323814392089844
              ],
              [
                10.113962173461914,
                48.323814392089844
              ],
              [
                10.11336898803711,
                48.455936431884766
              ],
              [
                10.196342468261719,
                48.455936431884766
              ],
              [
                10.196602821350098,
                48.38986587524414
              ]
            ]
          ],
          [
            [
              [
                13.5823974609375,
                51.64724349975586
              ],
              [
                13.497538566589355,
                51.64724349975586
              ],
              [
                13.244426727294922,
                51.71418380737305
              ],
              [
                13.247386932373047,
                51.84812545776367
              ],
              [
                13.587339401245117,
                51.84812545776367
              ],
              [
                13.670628547668457,
                51.78114318847656
              ],
              [
                13.667257308959961,
                51.64724349975586
              ],
              [
                13.5823974609375,
                51.64724349975586
              ]
            ]
          ]
        ]
      }
    }
  ]
}