{
  "type": "FeatureCollection",
  "name": "territory-717",
  "features": [
    {
      "type": "Feature",
      "properties": {
        "Name": "(British Empire)",
        "FromYear": 1918,
        "ToYear": 1918,
        "Area": 29269862.583638046,
        "Type": "POLITY",
        "Wikipedia": "British Empire",
        "Wikidata": "Q8680",
        "SeshatID": "gb_british_emp_2",
        "Components": "British Colonial Empire;Kingdom of Great Britain;British Raj;British Africa",
        "MemberOf": ""
      },
      "geometry": {
        "type": "MultiPolygon",
        "coordinates": [
          [
            [
              [
                -89.16804504394531,
                17.77190399169922
              ],
              [
                -89.1781997680664,
                17.836191177368164
              ],
              [
                -89.05091857910156,
                17.964767456054688
              ],
              [
                -88.75556182861328,
                17.964767456054688
              ],
              [
                -88.3945083618164,
                18.479066848754883
              ],
              [
                -88.07830810546875,
                18.350492477416992
              ],
              [
                -88.02729034423828,
                18.029054641723633
              ],
              [
                -88.18842315673828,
                17.643327713012695
              ],
              [
                -88.13533020019531,
                16.807586669921875
              ],
              [
                -88.20903015136719,
                16.807586669921875
              ],
              [
                -88.23552703857422,
                16.486146926879883
              ],
              [
                -88.30919647216797,
                16.486146926879883
              ],
              [
                -88.82465362548828,
                15.971842765808105
              ],
              [
                -88.81562042236328,
                15.907554626464844
              ],
              [
                -89.11003112792969,
                15.907554626464844
              ],
              [
                -89.10779571533203,
                17.38617706298828
              ],
              [
                -89.03401947021484,
                17.38617706298828
              ],
              [
                -89.16804504394531,
                17.77190399169922
              ]
            ]
          ],
          [
            [
              [
                -81.69781494140625,
                45.56227111816406
              ],
              [
                -82.18667602539062,
                45.56227111816406
              ],
              [
                -83.15068054199219,
                45.82429504394531
              ],
              [
                -83.34516143798828,
                46.02093505859375
              ],
              [
                -83.26345825195312,
                46.02093505859375
              ],
              [
                -82.6167221069336,
                45.889827728271484
              ],
              [
                -82.52811431884766,
                46.02093505859375
              ],
              [
                -81.95618438720703,
                46.02093505859375
              ],
              [
                -81.67401885986328,
                45.95537567138672
              ],
              [
                -81.5633544921875,
                45.75876998901367
              ],
              [
                -81.69781494140625,
                45.56227111816406
              ]
            ]
          ],
          [
            [
              [
                -79.31082916259766,
                51.98215103149414
              ],
              [
                -79.69036865234375,
                51.91512680053711
              ],
              [
                -79.74313354492188,
                52.11625671386719
              ],
              [
                -79.44853973388672,
                52.18334197998047
              ],
              [
                -79.36333465576172,
                52.18334197998047
              ],
              [
                -79.31082916259766,
                51.98215103149414
              ]
            ]
          ],
          [
            [
              [
                -82.13189697265625,
                53.192195892333984
              ],
              [
                -81.15023803710938,
                53.25962829589844
              ],
              [
                -80.67776489257812,
                52.720787048339844
              ],
              [
                -81.49601745605469,
                52.78806686401367
              ],
              [
                -82.07024383544922,
                52.99003219604492
              ],
              [
                -82.16844940185547,
                53.124786376953125
              ],
              [
                -82.0826187133789,
                53.124786376953125
              ],
              [
                -82.13189697265625,
                53.192195892333984
              ]
            ]
          ],
          [
            [
              [
                -131.694091796875,
                52.586299896240234
              ],
              [
                -131.21670532226562,
                52.38472366333008
              ],
              [
                -130.95114135742188,
                51.98215103149414
              ],
              [
                -131.12127685546875,
                51.98215103149414
              ],
              [
                -131.72872924804688,
                52.38472366333008
              ],
              [
                -132.7141876220703,
                53.192195892333984
              ],
              [
                -132.62831115722656,
                53.192195892333984
              ],
              [
                -132.8583984375,
                53.39456558227539
              ],
              [
                -132.7723846435547,
                53.39456558227539
              ],
              [
                -133.16839599609375,
                53.664710998535156
              ],
              [
                -132.99598693847656,
                53.664710998535156
              ],
              [
                -133.23062133789062,
                53.86756134033203
              ],
              [
                -133.14427185058594,
                53.86756134033203
              ],
              [
                -133.30174255371094,
                54.00291442871094
              ],
              [
                -133.2078399658203,
                54.07062530517578
              ],
              [
                -133.28704833984375,
                54.138362884521484
              ],
              [
                -131.8159637451172,
                54.138362884521484
              ],
              [
                -131.65939331054688,
                54.00291442871094
              ],
              [
                -131.74583435058594,
                54.00291442871094
              ],
              [
                -131.67642211914062,
                53.86756134033203
              ],
              [
                -131.84910583496094,
                53.86756134033203
              ],
              [
                -131.78915405273438,
                53.664710998535156
              ],
              [
                -131.9615478515625,
                53.664710998535156
              ],
              [
                -131.8935089111328,
                53.52959060668945
              ],
              [
                -131.99822998046875,
                53.39456558227539
              ],
              [
                -131.92176818847656,
                53.32708740234375
              ],
              [
                -132.0077362060547,
                53.32708740234375
              ],
              [
                -131.6182098388672,
                53.057395935058594
              ],
              [
                -131.78977966308594,
                53.057395935058594
              ],
              [
                -131.63919067382812,
                52.92268753051758
              ],
              [
                -131.82119750976562,
                52.85536575317383
              ],
              [
                -131.59732055664062,
                52.653533935546875
              ],
              [
                -131.694091796875,
                52.586299896240234
              ]
            ]
          ],
          [
            [
              [
                -79.39483642578125,
                56.59365463256836
              ],
              [
                -78.75856018066406,
                56.45634460449219
              ],
              [
                -78.65294647216797,
                56.319149017333984
              ],
              [
                -78.7410888671875,
                56.319149017333984
              ],
              [
                -78.75955200195312,
                56.11355972290039
              ],
              [
                -79.19945526123047,
                56.11355972290039
              ],
              [
                -79.18231964111328,
                55.97663879394531
              ],
              [
                -79.56910705566406,
                55.90821838378906
              ],
              [
                -79.51665496826172,
                55.83982467651367
              ],
              [
                -80.04329681396484,
                55.83982467651367
              ],
              [
                -80.2020263671875,
                56.04508590698242
              ],
              [
                -80.11409759521484,
                56.04508590698242
              ],
              [
                -80.16724395751953,
                56.11355972290039
              ],
              [
                -79.99127960205078,
                56.11355972290039
              ],
              [
                -80.20490264892578,
                56.387733459472656
              ],
              [
                -79.81746673583984,
                56.45634460449219
              ],
              [
                -79.87112426757812,
                56.524986267089844
              ],
              [
                -79.34135437011719,
                56.524986267089844
              ],
              [
                -79.39483642578125,
                56.59365463256836
              ]
            ]
          ],
          [
            [
              [
                -91.40733337402344,
                73.2452163696289
              ],
              [
                -91.29805755615234,
                73.08467102050781
              ],
              [
                -91.50856018066406,
                73.08467102050781
              ],
              [
                -91.40188598632812,
                73.00454711914062
              ],
              [
                -91.61216735839844,
                73.00454711914062
              ],
              [
                -91.50587463378906,
                72.92451477050781
              ],
              [
                -91.8198471069336,
                72.84458923339844
              ],
              [
                -91.71430206298828,
                72.76475524902344
              ],
              [
                -92.02872467041016,
                72.76475524902344
              ],
              [
                -91.9234390258789,
                72.68501281738281
              ],
              [
                -93.918212890625,
                72.84458923339844
              ],
              [
                -93.38477325439453,
                72.36699676513672
              ],
              [
                -93.80117797851562,
                72.2877197265625
              ],
              [
                -93.69679260253906,
                72.20853424072266
              ],
              [
                -93.90489959716797,
                72.20853424072266
              ],
              [
                -93.80084991455078,
                72.12944030761719
              ],
              [
                -94.11271667480469,
                72.05043029785156
              ],
              [
                -94.00930786132812,
                71.97151184082031
              ],
              [
                -94.73550415039062,
                71.97151184082031
              ],
              [
                -94.32279205322266,
                71.73527526855469
              ],
              [
                -94.21935272216797,
                71.73527526855469
              ],
              [
                -94.32173156738281,
                71.81393432617188
              ],
              [
                -93.8040542602539,
                71.81393432617188
              ],
              [
                -93.49994659423828,
                71.57820129394531
              ],
              [
                -93.19329833984375,
                71.49979400634766
              ],
              [
                -92.79724884033203,
                71.18696594238281
              ],
              [
                -92.9046401977539,
                71.10896301269531
              ],
              [
                -92.70983123779297,
                70.95317840576172
              ],
              [
                -92.8177490234375,
                70.87539672851562
              ],
              [
                -91.55757141113281,
                70.17870330810547
              ],
              [
                -92.2679672241211,
                70.17870330810547
              ],
              [
                -92.09046173095703,
                69.9477310180664
              ],
              [
                -92.60487365722656,
                69.8708724975586
              ],
              [
                -92.52120208740234,
                69.71734619140625
              ],
              [
                -91.93479919433594,
                69.5640869140625
              ],
              [
                -91.72343444824219,
                69.64068603515625
              ],
              [
                -91.81466674804688,
                69.71734619140625
              ],
              [
                -90.81585693359375,
                69.64068603515625
              ],
              [
                -90.33406066894531,
                69.487548828125
              ],
              [
                -90.16805267333984,
                69.25833129882812
              ],
              [
                -90.68164825439453,
                69.18205261230469
              ],
              [
                -91.07159423828125,
                69.25833129882812
              ],
              [
                -90.35538482666016,
                68.7257080078125
              ],
              [
                -90.45516204833984,
                68.7257080078125
              ],
              [
                -90.3814926147461,
                68.57408905029297
              ],
              [
                -90.58070373535156,
                68.57408905029297
              ],
              [
                -90.32231903076172,
                68.34712219238281
              ],
              [
                -90.12361907958984,
                68.34712219238281
              ],
              [
                -90.19570922851562,
                68.49837493896484
              ],
              [
                -89.99666595458984,
                68.49837493896484
              ],
              [
                -90.1427993774414,
                68.8016128540039
              ],
              [
                -89.83006286621094,
                68.87757110595703
              ],
              [
                -90.00445556640625,
                69.0296859741211
              ],
              [
                -89.80419921875,
                69.0296859741211
              ],
              [
                -89.87921142578125,
                69.18205261230469
              ],
              [
                -89.56568908691406,
                69.25833129882812
              ],
              [
                -89.65371704101562,
                69.33467864990234
              ],
              [
                -88.8629379272461,
                69.25833129882812
              ],
              [
                -88.21641540527344,
                68.95359802246094
              ],
              [
                -87.80721282958984,
                68.49837493896484
              ],
              [
                -87.90673828125,
                68.49837493896484
              ],
              [
                -87.85443878173828,
                68.27159118652344
              ],
              [
                -88.46550750732422,
                68.19611358642578
              ],
              [
                -88.3148193359375,
                67.97005462646484
              ],
              [
                -88.41374206542969,
                67.97005462646484
              ],
              [
                -87.40198516845703,
                67.22032165527344
              ],
              [
                -87.08940887451172,
                67.29503631591797
              ],
              [
                -87.15155029296875,
                67.44463348388672
              ],
              [
                -86.65979766845703,
                67.44463348388672
              ],
              [
                -86.7038803100586,
                67.66946411132812
              ],
              [
                -86.60528564453125,
                67.66946411132812
              ],
              [
                -86.88336181640625,
                67.74452209472656
              ],
              [
                -87.12767791748047,
                67.97005462646484
              ],
              [
                -87.01165008544922,
                68.04534912109375
              ],
              [
                -87.17616271972656,
                68.19611358642578
              ],
              [
                -86.9778060913086,
                68.19611358642578
              ],
              [
                -87.04377746582031,
                68.34712219238281
              ],
              [
                -86.64637756347656,
                68.34712219238281
              ],
              [
                -86.4175796508789,
                68.04534912109375
              ],
              [
                -86.21955871582031,
                68.04534912109375
              ],
              [
                -86.30099487304688,
                68.1207046508789
              ],
              [
                -85.869140625,
                68.27159118652344
              ],
              [
                -85.91632080078125,
                68.49837493896484
              ],
              [
                -85.81680297851562,
                68.49837493896484
              ],
              [
                -85.98189544677734,
                68.64987182617188
              ],
              [
                -85.86532592773438,
                68.7257080078125
              ],
              [
                -85.94843292236328,
                68.8016128540039
              ],
              [
                -85.14950561523438,
                68.8016128540039
              ],
              [
                -85.29843139648438,
                69.0296859741211
              ],
              [
                -85.09817504882812,
                69.0296859741211
              ],
              [
                -85.71919250488281,
                69.41107940673828
              ],
              [
                -85.5180435180664,
                69.41107940673828
              ],
              [
                -85.68818664550781,
                69.5640869140625
              ],
              [
                -85.57205963134766,
                69.64068603515625
              ],
              [
                -85.74376678466797,
                69.79407501220703
              ],
              [
                -85.64274597167969,
                69.79407501220703
              ],
              [
                -85.81558227539062,
                69.9477310180664
              ],
              [
                -84.92007446289062,
                69.8708724975586
              ],
              [
                -85.00592041015625,
                69.9477310180664
              ],
              [
                -84.60108947753906,
                69.9477310180664
              ],
              [
                -84.975830078125,
                70.10164642333984
              ],
              [
                -86.2063980102539,
                70.024658203125
              ],
              [
                -86.95285034179688,
                70.41029357910156
              ],
              [
                -87.89213562011719,
                70.2558364868164
              ],
              [
                -88.6828842163086,
                70.41029357910156
              ],
              [
                -89.44942474365234,
                70.79769897460938
              ],
              [
                -89.63671112060547,
                70.95317840576172
              ],
              [
                -89.43183898925781,
                70.95317840576172
              ],
              [
                -89.71531677246094,
                71.18696594238281
              ],
              [
                -89.09893035888672,
                71.18696594238281
              ],
              [
                -88.50055694580078,
                71.0310287475586
              ],
              [
                -87.47521209716797,
                71.0310287475586
              ],
              [
                -87.95973205566406,
                71.26505279541016
              ],
              [
                -89.9064712524414,
                71.34321594238281
              ],
              [
                -90.19657135009766,
                71.57820129394531
              ],
              [
                -90.08753967285156,
                71.65669250488281
              ],
              [
                -90.18544006347656,
                71.73527526855469
              ],
              [
                -90.0820083618164,
                71.73527526855469
              ],
              [
                -90.17542266845703,
                71.8926773071289
              ],
              [
                -90.07178497314453,
                71.8926773071289
              ],
              [
                -90.27040100097656,
                72.05043029785156
              ],
              [
                -89.95466613769531,
                72.12944030761719
              ],
              [
                -90.14974212646484,
                72.44635772705078
              ],
              [
                -89.83389282226562,
                72.52581787109375
              ],
              [
                -89.93415832519531,
                72.68501281738281
              ],
              [
                -89.72476196289062,
                72.68501281738281
              ],
              [
                -89.82640838623047,
                72.84458923339844
              ],
              [
                -89.40673828125,
                72.84458923339844
              ],
              [
                -89.50878143310547,
                73.08467102050781
              ],
              [
                -89.40353393554688,
                73.08467102050781
              ],
              [
                -89.5085678100586,
                73.1648941040039
              ],
              [
                -89.19230651855469,
                73.2452163696289
              ],
              [
                -89.29811096191406,
                73.32563781738281
              ],
              [
                -88.98133850097656,
                73.32563781738281
              ],
              [
                -89.0874252319336,
                73.40616607666016
              ],
              [
                -88.87601470947266,
                73.40616607666016
              ],
              [
                -88.98250579833984,
                73.48678588867188
              ],
              [
                -88.6650390625,
                73.48678588867188
              ],
              [
                -88.77181243896484,
                73.56752014160156
              ],
              [
                -88.4540023803711,
                73.56752014160156
              ],
              [
                -88.56107330322266,
                73.64835357666016
              ],
              [
                -88.24291229248047,
                73.64835357666016
              ],
              [
                -88.35028076171875,
                73.72928619384766
              ],
              [
                -88.03176879882812,
                73.72928619384766
              ],
              [
                -88.13944244384766,
                73.8103256225586
              ],
              [
                -85.16192626953125,
                73.89147186279297
              ],
              [
                -84.84918212890625,
                73.64835357666016
              ],
              [
                -85.16734313964844,
                73.64835357666016
              ],
              [
                -85.06401062011719,
                73.56752014160156
              ],
              [
                -85.48776245117188,
                73.56752014160156
              ],
              [
                -85.38458251953125,
                73.48678588867188
              ],
              [
                -85.91625213623047,
                73.40616607666016
              ],
              [
                -85.81360626220703,
                73.32563781738281
              ],
              [
                -86.02478790283203,
                73.32563781738281
              ],
              [
                -85.9225082397461,
                73.2452163696289
              ],
              [
                -86.13346099853516,
                73.2452163696289
              ],
              [
                -86.03155517578125,
                73.1648941040039
              ],
              [
                -86.24227905273438,
                73.1648941040039
              ],
              [
                -86.14073181152344,
                73.08467102050781
              ],
              [
                -86.35123443603516,
                73.08467102050781
              ],
              [
                -86.25003814697266,
                73.00454711914062
              ],
              [
                -86.46031951904297,
                73.00454711914062
              ],
              [
                -86.3594741821289,
                72.92451477050781
              ],
              [
                -86.56953430175781,
                72.92451477050781
              ],
              [
                -86.46903228759766,
                72.84458923339844
              ],
              [
                -86.67886352539062,
                72.84458923339844
              ],
              [
                -86.57870483398438,
                72.76475524902344
              ],
              [
                -86.68350982666016,
                72.76475524902344
              ],
              [
                -86.1834945678711,
                72.44635772705078
              ],
              [
                -86.28787231445312,
                72.44635772705078
              ],
              [
                -86.19737243652344,
                72.2877197265625
              ],
              [
                -86.40570068359375,
                72.2877197265625
              ],
              [
                -86.3088150024414,
                72.20853424072266
              ],
              [
                -86.41287231445312,
                72.20853424072266
              ],
              [
                -86.3323745727539,
                71.97151184082031
              ],
              [
                -84.95427703857422,
                71.42146301269531
              ],
              [
                -84.74822235107422,
                71.42146301269531
              ],
              [
                -84.8285903930664,
                71.57820129394531
              ],
              [
                -84.72535705566406,
                71.57820129394531
              ],
              [
                -85.33427429199219,
                71.65669250488281
              ],
              [
                -86.21243286132812,
                72.12944030761719
              ],
              [
                -85.69268035888672,
                72.12944030761719
              ],
              [
                -85.78853607177734,
                72.20853424072266
              ],
              [
                -85.46824645996094,
                72.2877197265625
              ],
              [
                -85.56468200683594,
                72.36699676513672
              ],
              [
                -85.25187683105469,
                72.36699676513672
              ],
              [
                -85.65460968017578,
                72.52581787109375
              ],
              [
                -85.94444274902344,
                72.84458923339844
              ],
              [
                -85.73460388183594,
                72.84458923339844
              ],
              [
                -85.82948303222656,
                73.00454711914062
              ],
              [
                -85.40396881103516,
                73.08467102050781
              ],
              [
                -85.50059509277344,
                73.2452163696289
              ],
              [
                -85.18416595458984,
                73.2452163696289
              ],
              [
                -85.28201293945312,
                73.40616607666016
              ],
              [
                -85.07060241699219,
                73.40616607666016
              ],
              [
                -85.17294311523438,
                73.48678588867188
              ],
              [
                -84.64778137207031,
                73.40616607666016
              ],
              [
                -84.7496566772461,
                73.48678588867188
              ],
              [
                -84.53800964355469,
                73.48678588867188
              ],
              [
                -84.64026641845703,
                73.56752014160156
              ],
              [
                -83.14788055419922,
                73.72928619384766
              ],
              [
                -83.25011444091797,
                73.8103256225586
              ],
              [
                -81.65576171875,
                73.8103256225586
              ],
              [
                -81.06199645996094,
                73.32563781738281
              ],
              [
                -80.64863586425781,
                73.2452163696289
              ],
              [
                -80.45714569091797,
                73.08467102050781
              ],
              [
                -80.57249450683594,
                73.00454711914062
              ],
              [
                -80.18540954589844,
                72.76475524902344
              ],
              [
                -80.29021453857422,
                72.76475524902344
              ],
              [
                -80.1971664428711,
                72.68501281738281
              ],
              [
                -80.62757110595703,
                72.6053695678711
              ],
              [
                -80.53498077392578,
                72.52581787109375
              ],
              [
                -80.74394226074219,
                72.52581787109375
              ],
              [
                -80.57264709472656,
                72.2877197265625
              ],
              [
                -80.14274597167969,
                72.36699676513672
              ],
              [
                -80.23413848876953,
                72.44635772705078
              ],
              [
                -79.90808868408203,
                72.52581787109375
              ],
              [
                -80.0000228881836,
                72.6053695678711
              ],
              [
                -79.79084777832031,
                72.6053695678711
              ],
              [
                -79.6078872680664,
                72.44635772705078
              ],
              [
                -79.19039154052734,
                72.44635772705078
              ],
              [
                -78.71273040771484,
                72.20853424072266
              ],
              [
                -78.89153289794922,
                72.36699676513672
              ],
              [
                -78.4744644165039,
                72.36699676513672
              ],
              [
                -78.74494171142578,
                72.6053695678711
              ],
              [
                -78.5357666015625,
                72.6053695678711
              ],
              [
                -78.62667846679688,
                72.68501281738281
              ],
              [
                -77.87963104248047,
                72.76475524902344
              ],
              [
                -77.97067260742188,
                72.84458923339844
              ],
              [
                -79.66136932373047,
                72.76475524902344
              ],
              [
                -79.964111328125,
                72.84458923339844
              ],
              [
                -80.33220672607422,
                73.2452163696289
              ],
              [
                -80.85081481933594,
                73.32563781738281
              ],
              [
                -81.04591369628906,
                73.48678588867188
              ],
              [
                -80.93246459960938,
                73.56752014160156
              ],
              [
                -81.03124237060547,
                73.64835357666016
              ],
              [
                -80.92518615722656,
                73.64835357666016
              ],
              [
                -81.01802825927734,
                73.8103256225586
              ],
              [
                -80.58634948730469,
                73.89147186279297
              ],
              [
                -79.96273040771484,
                73.72928619384766
              ],
              [
                -77.42540740966797,
                73.64835357666016
              ],
              [
                -76.53501892089844,
                73.2452163696289
              ],
              [
                -75.97722625732422,
                72.84458923339844
              ],
              [
                -76.51712799072266,
                72.76475524902344
              ],
              [
                -76.4280014038086,
                72.68501281738281
              ],
              [
                -75.39805603027344,
                72.6053695678711
              ],
              [
                -75.1197738647461,
                72.44635772705078
              ],
              [
                -74.96671295166016,
                72.20853424072266
              ],
              [
                -74.2580795288086,
                72.12944030761719
              ],
              [
                -74.09077453613281,
                71.97151184082031
              ],
              [
                -74.31866455078125,
                71.8926773071289
              ],
              [
                -74.2357406616211,
                71.81393432617188
              ],
              [
                -73.92513275146484,
                71.81393432617188
              ],
              [
                -73.49554443359375,
                71.49979400634766
              ],
              [
                -73.39241790771484,
                71.49979400634766
              ],
              [
                -73.4732437133789,
                71.57820129394531
              ],
              [
                -73.06031799316406,
                71.57820129394531
              ],
              [
                -73.11888885498047,
                71.73527526855469
              ],
              [
                -71.6944808959961,
                71.65669250488281
              ],
              [
                -71.32981872558594,
                71.49979400634766
              ],
              [
                -71.1209716796875,
                71.18696594238281
              ],
              [
                -70.71005249023438,
                71.18696594238281
              ],
              [
                -70.48094177246094,
                70.95317840576172
              ],
              [
                -69.27950286865234,
                70.87539672851562
              ],
              [
                -68.62047576904297,
                70.7200698852539
              ],
              [
                -68.29995727539062,
                70.48763275146484
              ],
              [
                -68.70740509033203,
                70.48763275146484
              ],
              [
                -68.66423034667969,
                70.3330307006836
              ],
              [
                -69.0709228515625,
                70.3330307006836
              ],
              [
                -68.99846649169922,
                70.2558364868164
              ],
              [
                -68.5203628540039,
                70.17870330810547
              ],
              [
                -68.56256103515625,
                70.3330307006836
              ],
              [
                -68.15586853027344,
                70.3330307006836
              ],
              [
                -68.22776794433594,
                70.41029357910156
              ],
              [
                -68.1259994506836,
                70.41029357910156
              ],
              [
                -67.50550842285156,
                70.17870330810547
              ],
              [
                -67.15530395507812,
                69.79407501220703
              ],
              [
                -67.25633239746094,
                69.79407501220703
              ],
              [
                -67.18699645996094,
                69.71734619140625
              ],
              [
                -68.19632720947266,
                69.71734619140625
              ],
              [
                -68.1573715209961,
                69.5640869140625
              ],
              [
                -67.2506103515625,
                69.5640869140625
              ],
              [
                -66.8116683959961,
                69.41107940673828
              ],
              [
                -66.60852813720703,
                69.18205261230469
              ],
              [
                -68.18189239501953,
                69.25833129882812
              ],
              [
                -67.97625732421875,
                69.0296859741211
              ],
              [
                -68.37677001953125,
                69.0296859741211
              ],
              [
                -68.17230987548828,
                68.8016128540039
              ],
              [
                -68.87137603759766,
                68.8016128540039
              ],
              [
                -68.73507690429688,
                68.64987182617188
              ],
              [
                -67.87043762207031,
                68.57408905029297
              ],
              [
                -67.93753051757812,
                68.64987182617188
              ],
              [
                -67.73815155029297,
                68.64987182617188
              ],
              [
                -67.47200775146484,
                68.57408905029297
              ],
              [
                -67.27315521240234,
                68.34712219238281
              ],
              [
                -66.8757553100586,
                68.34712219238281
              ],
              [
                -66.7450180053711,
                68.19611358642578
              ],
              [
                -66.28360748291016,
                68.1207046508789
              ],
              [
                -65.95157623291016,
                68.19611358642578
              ],
              [
                -65.56132507324219,
                67.97005462646484
              ],
              [
                -65.32803344726562,
                68.04534912109375
              ],
              [
                -65.3917465209961,
                68.1207046508789
              ],
              [
                -64.995361328125,
                68.1207046508789
              ],
              [
                -64.90472412109375,
                67.89481353759766
              ],
              [
                -64.60819244384766,
                67.89481353759766
              ],
              [
                -64.4832763671875,
                67.74452209472656
              ],
              [
                -64.1253433227539,
                67.66946411132812
              ],
              [
                -63.91713333129883,
                67.29503631591797
              ],
              [
                -63.09366989135742,
                67.36980438232422
              ],
              [
                -62.97341537475586,
                67.22032165527344
              ],
              [
                -63.20766067504883,
                67.14566802978516
              ],
              [
                -63.14778518676758,
                67.0710678100586
              ],
              [
                -62.403038024902344,
                66.99652099609375
              ],
              [
                -62.462162017822266,
                67.0710678100586
              ],
              [
                -62.16832733154297,
                67.0710678100586
              ],
              [
                -62.05074691772461,
                66.92203521728516
              ],
              [
                -61.50371170043945,
                66.84760284423828
              ],
              [
                -61.27311706542969,
                66.55042266845703
              ],
              [
                -61.662681579589844,
                66.55042266845703
              ],
              [
                -61.60517120361328,
                66.47626495361328
              ],
              [
                -61.79979705810547,
                66.47626495361328
              ],
              [
                -61.782161712646484,
                66.32811737060547
              ],
              [
                -62.36509704589844,
                66.32811737060547
              ],
              [
                -62.30742645263672,
                66.25411987304688
              ],
              [
                -62.404502868652344,
                66.25411987304688
              ],
              [
                -62.135467529296875,
                66.0324478149414
              ],
              [
                -62.522857666015625,
                66.0324478149414
              ],
              [
                -62.408477783203125,
                65.88493347167969
              ],
              [
                -62.50517272949219,
                65.88493347167969
              ],
              [
                -62.238189697265625,
                65.66405487060547
              ],
              [
                -62.334659576416016,
                65.66405487060547
              ],
              [
                -62.27815628051758,
                65.59053039550781
              ],
              [
                -62.64139938354492,
                65.8112564086914
              ],
              [
                -62.777496337890625,
                65.73763275146484
              ],
              [
                -62.66372299194336,
                65.59053039550781
              ],
              [
                -63.14567947387695,
                65.59053039550781
              ],
              [
                -63.549835205078125,
                65.73763275146484
              ],
              [
                -63.473934173583984,
                65.51705932617188
              ],
              [
                -63.57025146484375,
                65.51705932617188
              ],
              [
                -63.3253059387207,
                65.07727813720703
              ],
              [
                -63.51704406738281,
                65.07727813720703
              ],
              [
                -63.539466857910156,
                64.8580551147461
              ],
              [
                -63.99639129638672,
                65.07727813720703
              ],
              [
                -64.28399658203125,
                65.07727813720703
              ],
              [
                -64.39857482910156,
                65.22367095947266
              ],
              [
                -64.8209228515625,
                65.15044403076172
              ],
              [
                -65.18698120117188,
                65.3702621459961
              ],
              [
                -65.32512664794922,
                65.66405487060547
              ],
              [
                -65.51805877685547,
                65.66405487060547
              ],
              [
                -65.65901947021484,
                65.95866394042969
              ],
              [
                -65.94933319091797,
                65.95866394042969
              ],
              [
                -66.22698974609375,
                66.18017578125
              ],
              [
                -66.614990234375,
                66.18017578125
              ],
              [
                -66.98369598388672,
                66.6246337890625
              ],
              [
                -67.21393585205078,
                66.55042266845703
              ],
              [
                -67.0901870727539,
                66.40216064453125
              ],
              [
                -67.38188934326172,
                66.40216064453125
              ],
              [
                -67.25843811035156,
                66.25411987304688
              ],
              [
                -67.77082824707031,
                66.40216064453125
              ],
              [
                -67.20735168457031,
                65.95866394042969
              ],
              [
                -67.9200668334961,
                65.88493347167969
              ],
              [
                -67.7977066040039,
                65.73763275146484
              ],
              [
                -67.41153717041016,
                65.73763275146484
              ],
              [
                -67.29051208496094,
                65.59053039550781
              ],
              [
                -67.38690185546875,
                65.59053039550781
              ],
              [
                -66.81343841552734,
                65.004150390625
              ],
              [
                -66.5848617553711,
                65.07727813720703
              ],
              [
                -66.15946960449219,
                64.78507995605469
              ],
              [
                -66.02633666992188,
                64.8580551147461
              ],
              [
                -66.08451843261719,
                64.93107604980469
              ],
              [
                -65.79735565185547,
                64.93107604980469
              ],
              [
                -65.68159484863281,
                64.78507995605469
              ],
              [
                -65.39486694335938,
                64.78507995605469
              ],
              [
                -65.28019714355469,
                64.63926696777344
              ],
              [
                -65.37562561035156,
                64.63926696777344
              ],
              [
                -65.05280303955078,
                64.34822845458984
              ],
              [
                -65.37663269042969,
                64.27558898925781
              ],
              [
                -65.11253356933594,
                64.05794525146484
              ],
              [
                -64.92282104492188,
                64.05794525146484
              ],
              [
                -64.75564575195312,
                63.84071350097656
              ],
              [
                -64.85028839111328,
                63.84071350097656
              ],
              [
                -64.48013305664062,
                63.479576110839844
              ],
              [
                -64.61394500732422,
                63.4074821472168
              ],
              [
                -64.50485229492188,
                63.263427734375
              ],
              [
                -64.78711700439453,
                63.263427734375
              ],
              [
                -65.00675201416016,
                63.55171203613281
              ],
              [
                -65.14019775390625,
                63.479576110839844
              ],
              [
                -64.70350646972656,
                62.904052734375
              ],
              [
                -64.9306411743164,
                62.83230972290039
              ],
              [
                -65.1722412109375,
                62.904052734375
              ],
              [
                -64.95618438720703,
                62.61732482910156
              ],
              [
                -64.67575073242188,
                62.61732482910156
              ],
              [
                -64.56902313232422,
                62.474212646484375
              ],
              [
                -64.88899230957031,
                62.4027214050293
              ],
              [
                -64.99595642089844,
                62.54574966430664
              ],
              [
                -65.27619171142578,
                62.54574966430664
              ],
              [
                -65.49272155761719,
                62.83230972290039
              ],
              [
                -65.88334655761719,
                62.9758415222168
              ],
              [
                -66.29721069335938,
                62.904052734375
              ],
              [
                -66.5572509765625,
                63.11954879760742
              ],
              [
                -66.83910369873047,
                63.11954879760742
              ],
              [
                -66.95115661621094,
                63.263427734375
              ],
              [
                -67.2334213256836,
                63.263427734375
              ],
              [
                -67.59188842773438,
                63.479576110839844
              ],
              [
                -68.00609588623047,
                63.4074821472168
              ],
              [
                -68.42515563964844,
                63.69612503051758
              ],
              [
                -68.89767456054688,
                63.69612503051758
              ],
              [
                -68.1173095703125,
                63.191463470458984
              ],
              [
                -67.83525085449219,
                63.191463470458984
              ],
              [
                -67.12338256835938,
                62.76060485839844
              ],
              [
                -66.69377899169922,
                62.68894577026367
              ],
              [
                -65.97901916503906,
                62.117156982421875
              ],
              [
                -66.111328125,
                62.045867919921875
              ],
              [
                -66.00433349609375,
                61.90340805053711
              ],
              [
                -66.65404510498047,
                61.90340805053711
              ],
              [
                -67.28120422363281,
                62.117156982421875
              ],
              [
                -69.03023529052734,
                62.331268310546875
              ],
              [
                -69.74452209472656,
                62.76060485839844
              ],
              [
                -70.3998031616211,
                62.76060485839844
              ],
              [
                -70.28441619873047,
                62.61732482910156
              ],
              [
                -70.50719451904297,
                62.54574966430664
              ],
              [
                -70.44969940185547,
                62.474212646484375
              ],
              [
                -70.78742980957031,
                62.54574966430664
              ],
              [
                -71.17207336425781,
                62.904052734375
              ],
              [
                -70.89083099365234,
                62.904052734375
              ],
              [
                -70.9493637084961,
                62.9758415222168
              ],
              [
                -71.47747802734375,
                63.047672271728516
              ],
              [
                -72.11808013916016,
                63.479576110839844
              ],
              [
                -71.74089813232422,
                63.479576110839844
              ],
              [
                -71.80104064941406,
                63.55171203613281
              ],
              [
                -71.5179443359375,
                63.55171203613281
              ],
              [
                -71.57804107666016,
                63.623897552490234
              ],
              [
                -72.39434814453125,
                63.69612503051758
              ],
              [
                -73.8053207397461,
                64.56643676757812
              ],
              [
                -73.90068054199219,
                64.56643676757812
              ],
              [
                -73.86906433105469,
                64.4209213256836
              ],
              [
                -74.05949401855469,
                64.4209213256836
              ],
              [
                -74.28211212158203,
                64.56643676757812
              ],
              [
                -74.18675231933594,
                64.56643676757812
              ],
              [
                -74.25065612792969,
                64.63926696777344
              ],
              [
                -74.63237762451172,
                64.63926696777344
              ],
              [
                -74.53556060791016,
                64.4209213256836
              ],
              [
                -75.20205688476562,
                64.4209213256836
              ],
              [
                -75.8078384399414,
                64.56643676757812
              ],
              [
                -75.70868682861328,
                64.34822845458984
              ],
              [
                -77.00491333007812,
                64.20299530029297
              ],
              [
                -77.73576354980469,
                64.27558898925781
              ],
              [
                -78.0584716796875,
                64.4209213256836
              ],
              [
                -78.3931884765625,
                64.78507995605469
              ],
              [
                -78.24124908447266,
                64.93107604980469
              ],
              [
                -78.30892944335938,
                65.004150390625
              ],
              [
                -78.213134765625,
                65.004150390625
              ],
              [
                -78.28093719482422,
                65.07727813720703
              ],
              [
                -78.08919525146484,
                65.07727813720703
              ],
              [
                -78.15704345703125,
                65.15044403076172
              ],
              [
                -77.55296325683594,
                65.22367095947266
              ],
              [
                -77.68860626220703,
                65.3702621459961
              ],
              [
                -77.46800231933594,
                65.44363403320312
              ],
              [
                -77.53608703613281,
                65.51705932617188
              ],
              [
                -76.95819091796875,
                65.51705932617188
              ],
              [
                -76.43844604492188,
                65.3702621459961
              ],
              [
                -75.2844467163086,
                65.3702621459961
              ],
              [
                -75.35069274902344,
                65.44363403320312
              ],
              [
                -74.4845199584961,
                65.44363403320312
              ],
              [
                -74.55029296875,
                65.51705932617188
              ],
              [
                -74.35765838623047,
                65.51705932617188
              ],
              [
                -74.42346954345703,
                65.59053039550781
              ],
              [
                -73.65233612060547,
                65.59053039550781
              ],
              [
                -73.78334045410156,
                65.73763275146484
              ],
              [
                -74.36840057373047,
                65.95866394042969
              ],
              [
                -74.63642120361328,
                66.25411987304688
              ],
              [
                -74.4124755859375,
                66.32811737060547
              ],
              [
                -74.47998046875,
                66.40216064453125
              ],
              [
                -74.28550720214844,
                66.40216064453125
              ],
              [
                -74.35306549072266,
                66.47626495361328
              ],
              [
                -73.83648681640625,
                66.55042266845703
              ],
              [
                -73.90399169921875,
                66.6246337890625
              ],
              [
                -72.96575927734375,
                66.77322387695312
              ],
              [
                -73.16825866699219,
                66.99652099609375
              ],
              [
                -72.36126708984375,
                67.29503631591797
              ],
              [
                -73.14997863769531,
                68.04534912109375
              ],
              [
                -73.05096435546875,
                68.04534912109375
              ],
              [
                -73.26249694824219,
                68.27159118652344
              ],
              [
                -73.53219604492188,
                68.34712219238281
              ],
              [
                -73.46102905273438,
                68.27159118652344
              ],
              [
                -73.75881958007812,
                68.27159118652344
              ],
              [
                -74.07337188720703,
                68.49837493896484
              ],
              [
                -74.27241516113281,
                68.49837493896484
              ],
              [
                -74.0566177368164,
                68.27159118652344
              ],
              [
                -74.35440826416016,
                68.27159118652344
              ],
              [
                -74.5440673828125,
                68.57408905029297
              ],
              [
                -74.93707275390625,
                68.87757110595703
              ],
              [
                -75.23693084716797,
                68.87757110595703
              ],
              [
                -75.48587036132812,
                69.0296859741211
              ],
              [
                -75.58599853515625,
                69.0296859741211
              ],
              [
                -75.53678894042969,
                68.87757110595703
              ],
              [
                -75.86198425292969,
                68.8016128540039
              ],
              [
                -75.78763580322266,
                68.7257080078125
              ],
              [
                -76.71047973632812,
                68.64987182617188
              ],
              [
                -76.86064147949219,
                68.8016128540039
              ],
              [
                -76.73622131347656,
                68.87757110595703
              ],
              [
                -76.86358642578125,
                69.10584259033203
              ],
              [
                -75.7612075805664,
                69.10584259033203
              ],
              [
                -75.83655548095703,
                69.18205261230469
              ],
              [
                -75.73625183105469,
                69.18205261230469
              ],
              [
                -75.88761138916016,
                69.33467864990234
              ],
              [
                -77.0235366821289,
                69.5640869140625
              ],
              [
                -77.25772857666016,
                69.79407501220703
              ],
              [
                -77.76285552978516,
                69.79407501220703
              ],
              [
                -77.92138671875,
                69.9477310180664
              ],
              [
                -77.79850769042969,
                70.024658203125
              ],
              [
                -77.93740844726562,
                70.2558364868164
              ],
              [
                -78.54688262939453,
                70.2558364868164
              ],
              [
                -78.81150817871094,
                70.41029357910156
              ],
              [
                -79.0150375366211,
                70.41029357910156
              ],
              [
                -78.62983703613281,
                69.9477310180664
              ],
              [
                -79.45982360839844,
                69.8708724975586
              ],
              [
                -79.31983184814453,
                69.64068603515625
              ],
              [
                -80.04608917236328,
                69.5640869140625
              ],
              [
                -79.96590423583984,
                69.487548828125
              ],
              [
                -80.4490966796875,
                69.5640869140625
              ],
              [
                -80.7935791015625,
                69.79407501220703
              ],
              [
                -80.26874542236328,
                69.8708724975586
              ],
              [
                -79.98538208007812,
                69.79407501220703
              ],
              [
                -80.06651306152344,
                69.8708724975586
              ],
              [
                -79.8642807006836,
                69.8708724975586
              ],
              [
                -79.94554138183594,
                69.9477310180664
              ],
              [
                -80.55278778076172,
                69.9477310180664
              ],
              [
                -81.02152252197266,
                70.10164642333984
              ],
              [
                -81.32569885253906,
                70.10164642333984
              ],
              [
                -80.81295776367188,
                69.71734619140625
              ],
              [
                -81.11576080322266,
                69.71734619140625
              ],
              [
                -81.66606903076172,
                69.9477310180664
              ],
              [
                -81.76728057861328,
                69.9477310180664
              ],
              [
                -81.68436431884766,
                69.8708724975586
              ],
              [
                -81.98771667480469,
                69.8708724975586
              ],
              [
                -81.90484619140625,
                69.79407501220703
              ],
              [
                -82.40996551513672,
                69.79407501220703
              ],
              [
                -83.16740417480469,
                70.024658203125
              ],
              [
                -84.39867401123047,
                69.9477310180664
              ],
              [
                -83.62226104736328,
                69.79407501220703
              ],
              [
                -82.8140640258789,
                69.79407501220703
              ],
              [
                -82.21800994873047,
                69.33467864990234
              ],
              [
                -81.43382263183594,
                69.25833129882812
              ],
              [
                -81.2730941772461,
                69.10584259033203
              ],
              [
                -81.49356079101562,
                69.0296859741211
              ],
              [
                -81.19664764404297,
                68.64987182617188
              ],
              [
                -81.81533813476562,
                68.57408905029297
              ],
              [
                -81.73645782470703,
                68.49837493896484
              ],
              [
                -82.41297912597656,
                68.57408905029297
              ],
              [
                -82.25447082519531,
                68.42272186279297
              ],
              [
                -82.45333862304688,
                68.42272186279297
              ],
              [
                -82.00487518310547,
                67.89481353759766
              ],
              [
                -81.47827911376953,
                67.66946411132812
              ],
              [
                -81.25053405761719,
                67.44463348388672
              ],
              [
                -81.34888458251953,
                67.44463348388672
              ],
              [
                -81.19815063476562,
                67.29503631591797
              ],
              [
                -81.29633331298828,
                67.29503631591797
              ],
              [
                -81.24446105957031,
                67.14566802978516
              ],
              [
                -81.56157684326172,
                67.0710678100586
              ],
              [
                -81.48683166503906,
                66.99652099609375
              ],
              [
                -81.97615814208984,
                66.99652099609375
              ],
              [
                -81.90126037597656,
                66.92203521728516
              ],
              [
                -82.09683227539062,
                66.92203521728516
              ],
              [
                -82.04505920410156,
                66.77322387695312
              ],
              [
                -82.55592346191406,
                66.69890594482422
              ],
              [
                -82.48126983642578,
                66.6246337890625
              ],
              [
                -82.7964096069336,
                66.55042266845703
              ],
              [
                -82.72190856933594,
                66.47626495361328
              ],
              [
                -83.01384735107422,
                66.47626495361328
              ],
              [
                -82.93934631347656,
                66.40216064453125
              ],
              [
                -83.23104858398438,
                66.40216064453125
              ],
              [
                -83.15654754638672,
                66.32811737060547
              ],
              [
                -83.64232635498047,
                66.32811737060547
              ],
              [
                -84.52066802978516,
                66.99652099609375
              ],
              [
                -84.81426239013672,
                66.99652099609375
              ],
              [
                -84.66007995605469,
                66.84760284423828
              ],
              [
                -84.29047393798828,
                66.77322387695312
              ],
              [
                -83.76182556152344,
                66.25411987304688
              ],
              [
                -83.9782485961914,
                66.18017578125
              ],
              [
                -84.5384521484375,
                66.25411987304688
              ],
              [
                -83.82930755615234,
                66.0324478149414
              ],
              [
                -83.46089172363281,
                65.66405487060547
              ],
              [
                -84.1133804321289,
                65.73763275146484
              ],
              [
                -84.56025695800781,
                66.18017578125
              ],
              [
                -85.3150863647461,
                66.25411987304688
              ],
              [
                -85.62073516845703,
                66.55042266845703
              ],
              [
                -86.71170806884766,
                66.47626495361328
              ],
              [
                -86.55701446533203,
                66.32811737060547
              ],
              [
                -86.16838836669922,
                66.32811737060547
              ],
              [
                -85.95995330810547,
                66.0324478149414
              ],
              [
                -86.46475982666016,
                65.95866394042969
              ],
              [
                -86.4095230102539,
                65.8112564086914
              ],
              [
                -86.6027603149414,
                65.8112564086914
              ],
              [
                -86.52694702148438,
                65.73763275146484
              ],
              [
                -86.72003173828125,
                65.73763275146484
              ],
              [
                -86.64429473876953,
                65.66405487060547
              ],
              [
                -86.83722686767578,
                65.66405487060547
              ],
              [
                -86.76156616210938,
                65.59053039550781
              ],
              [
                -87.1883544921875,
                65.44363403320312
              ],
              [
                -87.11290740966797,
                65.3702621459961
              ],
              [
                -87.40140533447266,
                65.3702621459961
              ],
              [
                -87.00505065917969,
                65.07727813720703
              ],
              [
                -87.10092163085938,
                65.07727813720703
              ],
              [
                -87.0691146850586,
                64.8580551147461
              ],
              [
                -87.82293701171875,
                64.56643676757812
              ],
              [
                -87.79170227050781,
                64.34822845458984
              ],
              [
                -88.09841918945312,
                64.27558898925781
              ],
              [
                -88.04627227783203,
                64.13044738769531
              ],
              [
                -88.3310546875,
                64.13044738769531
              ],
              [
                -88.2575454711914,
                64.05794525146484
              ],
              [
                -88.44725799560547,
                64.05794525146484
              ],
              [
                -88.37380981445312,
                63.98548889160156
              ],
              [
                -89.70081329345703,
                63.98548889160156
              ],
              [
                -90.03974914550781,
                64.13044738769531
              ],
              [
                -89.89038848876953,
                63.98548889160156
              ],
              [
                -90.0799560546875,
                63.98548889160156
              ],
              [
                -89.9516372680664,
                63.768394470214844
              ],
              [
                -90.14078521728516,
                63.768394470214844
              ],
              [
                -90.08724975585938,
                63.623897552490234
              ],
              [
                -90.65385437011719,
                63.623897552490234
              ],
              [
                -90.57969665527344,
                63.55171203613281
              ],
              [
                -91.67327117919922,
                63.69612503051758
              ],
              [
                -90.97721862792969,
                63.479576110839844
              ],
              [
                -90.60883331298828,
                63.11954879760742
              ],
              [
                -90.70278930664062,
                63.11954879760742
              ],
              [
                -90.65055084228516,
                62.9758415222168
              ],
              [
                -91.23400115966797,
                62.904052734375
              ],
              [
                -91.16094207763672,
                62.83230972290039
              ],
              [
                -92.47245788574219,
                62.83230972290039
              ],
              [
                -92.21143341064453,
                62.76060485839844
              ],
              [
                -91.9916763305664,
                62.54574966430664
              ],
              [
                -92.64555358886719,
                62.54574966430664
              ],
              [
                -92.49913024902344,
                62.4027214050293
              ],
              [
                -92.9854965209961,
                62.331268310546875
              ],
              [
                -92.8395004272461,
                62.18848419189453
              ],
              [
                -93.11873626708984,
                62.18848419189453
              ],
              [
                -93.08643341064453,
                61.97461700439453
              ],
              [
                -93.47810363769531,
                61.90340805053711
              ],
              [
                -93.35369873046875,
                61.69001388549805
              ],
              [
                -93.83704376220703,
                61.618961334228516
              ],
              [
                -93.76484680175781,
                61.547950744628906
              ],
              [
                -94.06256866455078,
                61.47697448730469
              ],
              [
                -93.91866302490234,
                61.335140228271484
              ],
              [
                -94.103271484375,
                61.335140228271484
              ],
              [
                -94.09346771240234,
                61.05192565917969
              ],
              [
                -94.29823303222656,
                60.9812126159668
              ],
              [
                -94.22705841064453,
                60.91054153442383
              ],
              [
                -94.31898498535156,
                60.91054153442383
              ],
              [
                -94.31098937988281,
                60.628211975097656
              ],
              [
                -94.60697937011719,
                60.557716369628906
              ],
              [
                -94.53646850585938,
                60.48725891113281
              ],
              [
                -94.81111907958984,
                60.48725891113281
              ],
              [
                -94.6001968383789,
                60.276100158691406
              ],
              [
                -94.69155883789062,
                60.276100158691406
              ],
              [
                -94.66454315185547,
                60.065250396728516
              ],
              [
                -94.75572967529297,
                60.065250396728516
              ],
              [
                -94.7077865600586,
                59.92485809326172
              ],
              [
                -94.7988510131836,
                59.92485809326172
              ],
              [
                -94.7295150756836,
                59.85470962524414
              ],
              [
                -94.86405181884766,
                59.714515686035156
              ],
              [
                -94.63420867919922,
                59.294734954833984
              ],
              [
                -94.81525421142578,
                59.294734954833984
              ],
              [
                -94.74718475341797,
                59.22488784790039
              ],
              [
                -94.86012268066406,
                59.15507125854492
              ],
              [
                -94.65724182128906,
                58.94581604003906
              ],
              [
                -94.74747467041016,
                58.94581604003906
              ],
              [
                -94.52290344238281,
                58.80647277832031
              ],
              [
                -93.26127624511719,
                58.80647277832031
              ],
              [
                -92.87709045410156,
                58.11164855957031
              ],
              [
                -92.96663665771484,
                58.11164855957031
              ],
              [
                -92.48117065429688,
                57.488929748535156
              ],
              [
                -92.5702133178711,
                57.488929748535156
              ],
              [
                -92.40776062011719,
                57.21294021606445
              ],
              [
                -92.54920196533203,
                57.07511901855469
              ],
              [
                -92.42483520507812,
                56.937416076660156
              ],
              [
                -92.24760437011719,
                56.937416076660156
              ],
              [
                -92.37175750732422,
                57.07511901855469
              ],
              [
                -91.6082992553711,
                57.21294021606445
              ],
              [
                -91.67042541503906,
                57.28189468383789
              ],
              [
                -90.7815933227539,
                57.28189468383789
              ],
              [
                -89.82691192626953,
                57.00625228881836
              ],
              [
                -89.05751037597656,
                56.937416076660156
              ],
              [
                -87.87738037109375,
                56.387733459472656
              ],
              [
                -87.64559936523438,
                56.11355972290039
              ],
              [
                -85.95584869384766,
                55.77145767211914
              ],
              [
                -84.95580291748047,
                55.29362487792969
              ],
              [
                -83.87405395507812,
                55.36180877685547
              ],
              [
                -82.31610107421875,
                55.15733337402344
              ],
              [
                -82.17543029785156,
                54.74907684326172
              ],
              [
                -82.26239776611328,
                54.74907684326172
              ],
              [
                -82.2452621459961,
                54.613189697265625
              ],
              [
                -82.47217559814453,
                54.341712951660156
              ],
              [
                -82.36933135986328,
                54.20612335205078
              ],
              [
                -82.4559097290039,
                54.20612335205078
              ],
              [
                -82.10021209716797,
                53.732303619384766
              ],
              [
                -82.22239685058594,
                53.664710998535156
              ],
              [
                -82.1221923828125,
                53.52959060668945
              ],
              [
                -82.20830535888672,
                53.52959060668945
              ],
              [
                -82.10859680175781,
                53.39456558227539
              ],
              [
                -82.23090362548828,
                53.32708740234375
              ],
              [
                -82.13189697265625,
                53.192195892333984
              ],
              [
                -82.29084777832031,
                53.057395935058594
              ],
              [
                -81.69371032714844,
                52.586299896240234
              ],
              [
                -81.50281524658203,
                52.31757736206055
              ],
              [
                -81.67340087890625,
                52.31757736206055
              ],
              [
                -81.62596130371094,
                52.250450134277344
              ],
              [
                -80.7957763671875,
                51.91512680053711
              ],
              [
                -80.5268325805664,
                51.64724349975586
              ],
              [
                -80.42998504638672,
                51.37968063354492
              ],
              [
                -80.17591857910156,
                51.37968063354492
              ],
              [
                -79.78787994384766,
                51.17921447753906
              ],
              [
                -79.837158203125,
                51.37968063354492
              ],
              [
                -79.633056640625,
                51.580322265625
              ],
              [
                -79.67823791503906,
                51.64724349975586
              ],
              [
                -79.5085220336914,
                51.64724349975586
              ],
              [
                -79.55376434326172,
                51.71418380737305
              ],
              [
                -78.95001220703125,
                51.44654083251953
              ],
              [
                -79.13475799560547,
                51.84812545776367
              ],
              [
                -78.96478271484375,
                51.84812545776367
              ],
              [
                -79.05560302734375,
                51.98215103149414
              ],
              [
                -78.88545227050781,
                51.98215103149414
              ],
              [
                -78.81273651123047,
                52.250450134277344
              ],
              [
                -78.60284423828125,
                52.31757736206055
              ],
              [
                -78.65584564208984,
                52.51908493041992
              ],
              [
                -78.97486114501953,
                52.85536575317383
              ],
              [
                -78.88921356201172,
                52.85536575317383
              ],
              [
                -79.16432189941406,
                53.124786376953125
              ],
              [
                -79.040283203125,
                53.192195892333984
              ],
              [
                -79.19446563720703,
                53.52959060668945
              ],
              [
                -79.10836029052734,
                53.52959060668945
              ],
              [
                -79.30278778076172,
                53.799922943115234
              ],
              [
                -79.13018798828125,
                53.799922943115234
              ],
              [
                -79.2772216796875,
                54.00291442871094
              ],
              [
                -79.19078063964844,
                54.00291442871094
              ],
              [
                -79.5121078491211,
                54.20612335205078
              ],
              [
                -79.62523651123047,
                54.47740173339844
              ],
              [
                -79.8634262084961,
                54.681121826171875
              ],
              [
                -79.74024200439453,
                54.74907684326172
              ],
              [
                -79.7910385131836,
                54.817054748535156
              ],
              [
                -79.058349609375,
                54.88506317138672
              ],
              [
                -79.10897827148438,
                54.95309066772461
              ],
              [
                -78.42569732666016,
                55.089229583740234
              ],
              [
                -78.47630310058594,
                55.15733337402344
              ],
              [
                -78.30176544189453,
                55.15733337402344
              ],
              [
                -78.35240936279297,
                55.225467681884766
              ],
              [
                -78.0904541015625,
                55.225467681884766
              ],
              [
                -78.14108276367188,
                55.29362487792969
              ],
              [
                -77.34486389160156,
                55.63479995727539
              ],
              [
                -77.39571380615234,
                55.70311737060547
              ],
              [
                -77.22037506103516,
                55.70311737060547
              ],
              [
                -77.2345199584961,
                55.83982467651367
              ],
              [
                -77.02216339111328,
                55.90821838378906
              ],
              [
                -77.07327270507812,
                55.97663879394531
              ],
              [
                -76.89751434326172,
                55.97663879394531
              ],
              [
                -76.80207061767578,
                56.319149017333984
              ],
              [
                -76.71393585205078,
                56.319149017333984
              ],
              [
                -76.76551818847656,
                56.387733459472656
              ],
              [
                -76.67733001708984,
                56.387733459472656
              ],
              [
                -76.72899627685547,
                56.45634460449219
              ],
              [
                -76.64075469970703,
                56.45634460449219
              ],
              [
                -76.69251251220703,
                56.524986267089844
              ],
              [
                -76.60421752929688,
                56.524986267089844
              ],
              [
                -76.65606689453125,
                56.59365463256836
              ],
              [
                -76.56771850585938,
                56.59365463256836
              ],
              [
                -76.72087860107422,
                57.14401626586914
              ],
              [
                -76.6321029663086,
                57.14401626586914
              ],
              [
                -76.79113006591797,
                57.35087585449219
              ],
              [
                -76.70218658447266,
                57.35087585449219
              ],
              [
                -77.18665313720703,
                57.97305679321289
              ],
              [
                -78.40269470214844,
                58.59769821166992
              ],
              [
                -78.58258056640625,
                58.59769821166992
              ],
              [
                -78.69572448730469,
                58.73685073852539
              ],
              [
                -78.57229614257812,
                58.80647277832031
              ],
              [
                -78.65299224853516,
                59.015533447265625
              ],
              [
                -78.38212585449219,
                59.015533447265625
              ],
              [
                -78.4060287475586,
                59.15507125854492
              ],
              [
                -78.19195556640625,
                59.22488784790039
              ],
              [
                -78.249267578125,
                59.294734954833984
              ],
              [
                -78.0682144165039,
                59.294734954833984
              ],
              [
                -78.0924301147461,
                59.434532165527344
              ],
              [
                -77.91114044189453,
                59.434532165527344
              ],
              [
                -78.0262680053711,
                59.574459075927734
              ],
              [
                -77.86937713623047,
                59.714515686035156
              ],
              [
                -77.92731475830078,
                59.78459548950195
              ],
              [
                -77.59673309326172,
                59.714515686035156
              ],
              [
                -77.71240234375,
                59.85470962524414
              ],
              [
                -77.43939971923828,
                59.85470962524414
              ],
              [
                -77.46421813964844,
                59.99503707885742
              ],
              [
                -77.37309265136719,
                59.99503707885742
              ],
              [
                -77.6135482788086,
                60.065250396728516
              ],
              [
                -77.9338607788086,
                60.557716369628906
              ],
              [
                -77.84225463867188,
                60.557716369628906
              ],
              [
                -77.96115112304688,
                60.69873809814453
              ],
              [
                -77.86942291259766,
                60.69873809814453
              ],
              [
                -78.29290771484375,
                60.9812126159668
              ],
              [
                -78.07718658447266,
                61.05192565917969
              ],
              [
                -78.13758087158203,
                61.12267303466797
              ],
              [
                -77.95336151123047,
                61.12267303466797
              ],
              [
                -78.0137939453125,
                61.193458557128906
              ],
              [
                -77.8294448852539,
                61.193458557128906
              ],
              [
                -77.95056915283203,
                61.335140228271484
              ],
              [
                -77.7635269165039,
                61.547950744628906
              ],
              [
                -78.34976959228516,
                62.117156982421875
              ],
              [
                -78.22610473632812,
                62.18848419189453
              ],
              [
                -78.35134887695312,
                62.331268310546875
              ],
              [
                -77.7932357788086,
                62.54574966430664
              ],
              [
                -77.85610961914062,
                62.61732482910156
              ],
              [
                -77.01480865478516,
                62.61732482910156
              ],
              [
                -76.26884460449219,
                62.4027214050293
              ],
              [
                -75.028564453125,
                62.259857177734375
              ],
              [
                -74.21674346923828,
                62.4027214050293
              ],
              [
                -74.27680969238281,
                62.474212646484375
              ],
              [
                -73.5300521850586,
                62.474212646484375
              ],
              [
                -73.01368713378906,
                62.18848419189453
              ],
              [
                -72.73444366455078,
                62.18848419189453
              ],
              [
                -72.65238189697266,
                61.97461700439453
              ],
              [
                -72.22305297851562,
                61.90340805053711
              ],
              [
                -72.10794067382812,
                61.7611083984375
              ],
              [
                -71.73719024658203,
                61.7611083984375
              ],
              [
                -71.56648254394531,
                61.547950744628906
              ],
              [
                -71.75147247314453,
                61.547950744628906
              ],
              [
                -71.69475555419922,
                61.47697448730469
              ],
              [
                -71.82292175292969,
                61.40604019165039
              ],
              [
                -71.71001434326172,
                61.264278411865234
              ],
              [
                -70.30817413330078,
                61.12267303466797
              ],
              [
                -70.0516128540039,
                60.91054153442383
              ],
              [
                -69.86776733398438,
                60.91054153442383
              ],
              [
                -69.84761810302734,
                61.12267303466797
              ],
              [
                -69.66339874267578,
                61.12267303466797
              ],
              [
                -69.35408020019531,
                60.83990478515625
              ],
              [
                -69.70504760742188,
                60.69873809814453
              ],
              [
                -69.6511001586914,
                60.628211975097656
              ],
              [
                -69.78052520751953,
                60.557716369628906
              ],
              [
                -69.60442352294922,
                60.20578384399414
              ],
              [
                -69.69573211669922,
                60.20578384399414
              ],
              [
                -69.68072509765625,
                60.065250396728516
              ],
              [
                -69.86309051513672,
                60.065250396728516
              ],
              [
                -69.5992431640625,
                59.714515686035156
              ],
              [
                -69.69012451171875,
                59.714515686035156
              ],
              [
                -69.5854721069336,
                59.574459075927734
              ],
              [
                -69.71475982666016,
                59.504478454589844
              ],
              [
                -69.3389663696289,
                59.36461639404297
              ],
              [
                -69.23584747314453,
                59.22488784790039
              ],
              [
                -69.45571899414062,
                59.15507125854492
              ],
              [
                -69.3019790649414,
                58.94581604003906
              ],
              [
                -68.67035675048828,
                58.94581604003906
              ],
              [
                -68.32897186279297,
                58.59769821166992
              ],
              [
                -67.96920013427734,
                58.59769821166992
              ],
              [
                -67.68192291259766,
                58.31977081298828
              ],
              [
                -66.7099838256836,
                58.59769821166992
              ],
              [
                -66.72613525390625,
                58.876129150390625
              ],
              [
                -66.0047378540039,
                58.876129150390625
              ],
              [
                -66.10263061523438,
                59.015533447265625
              ],
              [
                -65.79039001464844,
                59.08528518676758
              ],
              [
                -65.93793487548828,
                59.294734954833984
              ],
              [
                -65.6663589477539,
                59.294734954833984
              ],
              [
                -65.71562957763672,
                59.36461639404297
              ],
              [
                -65.53446197509766,
                59.36461639404297
              ],
              [
                -65.6331787109375,
                59.504478454589844
              ],
              [
                -65.45177459716797,
                59.504478454589844
              ],
              [
                -65.69137573242188,
                59.714515686035156
              ],
              [
                -65.60049438476562,
                59.714515686035156
              ],
              [
                -65.70032501220703,
                59.85470962524414
              ],
              [
                -65.24532318115234,
                59.85470962524414
              ],
              [
                -65.3450927734375,
                59.99503707885742
              ],
              [
                -65.08944702148438,
                60.276100158691406
              ],
              [
                -65.13977813720703,
                60.34645080566406
              ],
              [
                -64.91578674316406,
                60.416839599609375
              ],
              [
                -65.01677703857422,
                60.557716369628906
              ],
              [
                -64.69156646728516,
                60.48725891113281
              ],
              [
                -64.43387603759766,
                59.99503707885742
              ],
              [
                -64.1113510131836,
                59.92485809326172
              ],
              [
                -63.96464920043945,
                59.714515686035156
              ],
              [
                -64.14640808105469,
                59.714515686035156
              ],
              [
                -64.09765625,
                59.64447021484375
              ],
              [
                -63.07595443725586,
                58.94581604003906
              ],
              [
                -62.888851165771484,
                58.66725540161133
              ],
              [
                -62.97885513305664,
                58.66725540161133
              ],
              [
                -62.975833892822266,
                58.528167724609375
              ],
              [
                -62.706172943115234,
                58.528167724609375
              ],
              [
                -62.6140022277832,
                58.38920593261719
              ],
              [
                -62.703773498535156,
                58.38920593261719
              ],
              [
                -62.7016487121582,
                58.2503662109375
              ],
              [
                -62.475242614746094,
                58.042335510253906
              ],
              [
                -61.98273468017578,
                57.97305679321289
              ],
              [
                -61.848304748535156,
                57.7653923034668
              ],
              [
                -62.02684020996094,
                57.7653923034668
              ],
              [
                -61.804664611816406,
                57.41988754272461
              ],
              [
                -61.89365768432617,
                57.41988754272461
              ],
              [
                -61.805519104003906,
                57.28189468383789
              ],
              [
                -61.4515380859375,
                57.14401626586914
              ],
              [
                -61.32142639160156,
                56.937416076660156
              ],
              [
                -61.455413818359375,
                56.86860656738281
              ],
              [
                -61.326393127441406,
                56.662349700927734
              ],
              [
                -61.679996490478516,
                56.662349700927734
              ],
              [
                -61.85482406616211,
                56.799827575683594
              ],
              [
                -61.768394470214844,
                56.662349700927734
              ],
              [
                -61.85679626464844,
                56.662349700927734
              ],
              [
                -61.77073287963867,
                56.524986267089844
              ],
              [
                -61.85902786254883,
                56.524986267089844
              ],
              [
                -61.688087463378906,
                56.25059127807617
              ],
              [
                -61.51192092895508,
                56.25059127807617
              ],
              [
                -61.29731750488281,
                56.04508590698242
              ],
              [
                -61.335750579833984,
                56.25059127807617
              ],
              [
                -61.15958023071289,
                56.25059127807617
              ],
              [
                -60.94560241699219,
                56.04508590698242
              ],
              [
                -61.1214599609375,
                56.04508590698242
              ],
              [
                -61.12571716308594,
                55.90821838378906
              ],
              [
                -60.469635009765625,
                55.83982467651367
              ],
              [
                -60.31796646118164,
                55.29362487792969
              ],
              [
                -59.26954650878906,
                55.29362487792969
              ],
              [
                -59.1900520324707,
                55.15733337402344
              ],
              [
                -59.01551818847656,
                55.15733337402344
              ],
              [
                -58.89738845825195,
                54.95309066772461
              ],
              [
                -57.93907928466797,
                54.95309066772461
              ],
              [
                -57.91051483154297,
                54.74907684326172
              ],
              [
                -57.437557220458984,
                54.681121826171875
              ],
              [
                -57.32387924194336,
                54.47740173339844
              ],
              [
                -58.202091217041016,
                54.341712951660156
              ],
              [
                -57.55767822265625,
                54.27390670776367
              ],
              [
                -57.124427795410156,
                53.799922943115234
              ],
              [
                -56.18907165527344,
                53.664710998535156
              ],
              [
                -55.909156799316406,
                53.462066650390625
              ],
              [
                -55.73207092285156,
                53.124786376953125
              ],
              [
                -56.04011535644531,
                53.057395935058594
              ],
              [
                -55.8492431640625,
                52.85536575317383
              ],
              [
                -55.985633850097656,
                52.78806686401367
              ],
              [
                -55.761634826660156,
                52.51908493041992
              ],
              [
                -55.676231384277344,
                52.18334197998047
              ],
              [
                -55.83022689819336,
                51.98215103149414
              ],
              [
                -56.00037384033203,
                51.98215103149414
              ],
              [
                -56.017974853515625,
                51.84812545776367
              ],
              [
                -56.54524612426758,
                51.71418380737305
              ],
              [
                -56.56284713745117,
                51.580322265625
              ],
              [
                -56.95323181152344,
                51.51342010498047
              ],
              [
                -56.91964340209961,
                51.44654083251953
              ],
              [
                -57.766963958740234,
                51.44654083251953
              ],
              [
                -57.73305892944336,
                51.37968063354492
              ],
              [
                -58.12250518798828,
                51.31283950805664
              ],
              [
                -58.0886116027832,
                51.24601745605469
              ],
              [
                -58.630393981933594,
                51.31283950805664
              ],
              [
                -58.61281967163086,
                51.112430572509766
              ],
              [
                -58.91689682006836,
                51.04566955566406
              ],
              [
                -58.95059585571289,
                50.77880859375
              ],
              [
                -59.47329330444336,
                50.64549255371094
              ],
              [
                -59.49038314819336,
                50.51224899291992
              ],
              [
                -59.928138732910156,
                50.37908172607422
              ],
              [
                -59.94542694091797,
                50.2459831237793
              ],
              [
                -61.809165954589844,
                50.11296081542969
              ],
              [
                -62.04530334472656,
                50.2459831237793
              ],
              [
                -62.667877197265625,
                50.312522888183594
              ],
              [
                -63.088050842285156,
                50.312522888183594
              ],
              [
                -63.05324172973633,
                50.2459831237793
              ],
              [
                -63.389225006103516,
                50.2459831237793
              ],
              [
                -63.35437774658203,
                50.17946243286133
              ],
              [
                -63.92839813232422,
                50.312522888183594
              ],
              [
                -65.77716064453125,
                50.312522888183594
              ],
              [
                -65.7410888671875,
                50.2459831237793
              ],
              [
                -66.16106414794922,
                50.2459831237793
              ],
              [
                -66.12490844726562,
                50.17946243286133
              ],
              [
                -66.49703979492188,
                50.2459831237793
              ],
              [
                -66.42454528808594,
                50.11296081542969
              ],
              [
                -66.97563171386719,
                50.04647445678711
              ],
              [
                -67.21428680419922,
                49.71431350708008
              ],
              [
                -67.14286041259766,
                49.58156967163086
              ],
              [
                -67.28711700439453,
                49.38258361816406
              ],
              [
                -68.21765899658203,
                49.2500114440918
              ],
              [
                -68.19480895996094,
                49.051273345947266
              ],
              [
                -68.52802276611328,
                49.051273345947266
              ],
              [
                -68.54067993164062,
                48.91886520385742
              ],
              [
                -69.05258178710938,
                48.786521911621094
              ],
              [
                -69.30597686767578,
                48.323814392089844
              ],
              [
                -69.65092468261719,
                48.191749572753906
              ],
              [
                -69.7611083984375,
                47.92780685424805
              ],
              [
                -69.5957260131836,
                47.92780685424805
              ],
              [
                -69.40243530273438,
                48.191749572753906
              ],
              [
                -68.974365234375,
                48.323814392089844
              ],
              [
                -68.8294906616211,
                48.52202224731445
              ],
              [
                -68.58045959472656,
                48.52202224731445
              ],
              [
                -68.48382568359375,
                48.654239654541016
              ],
              [
                -68.31765747070312,
                48.654239654541016
              ],
              [
                -68.3524398803711,
                48.72037124633789
              ],
              [
                -68.18620300292969,
                48.72037124633789
              ],
              [
                -68.22102355957031,
                48.786521911621094
              ],
              [
                -67.3754653930664,
                48.91886520385742
              ],
              [
                -67.41020965576172,
                48.98506164550781
              ],
              [
                -66.51458740234375,
                49.18375015258789
              ],
              [
                -66.5493392944336,
                49.2500114440918
              ],
              [
                -64.79759979248047,
                49.2500114440918
              ],
              [
                -64.24607849121094,
                48.98506164550781
              ],
              [
                -64.14637756347656,
                48.786521911621094
              ],
              [
                -64.31269073486328,
                48.786521911621094
              ],
              [
                -64.18092346191406,
                48.52202224731445
              ],
              [
                -64.28152465820312,
                48.38986587524414
              ],
              [
                -64.53033447265625,
                48.38986587524414
              ],
              [
                -64.49766540527344,
                48.323814392089844
              ],
              [
                -64.6634750366211,
                48.323814392089844
              ],
              [
                -64.63082885742188,
                48.257774353027344
              ],
              [
                -64.79656219482422,
                48.257774353027344
              ],
              [
                -64.76394653320312,
                48.191749572753906
              ],
              [
                -64.92960357666016,
                48.191749572753906
              ],
              [
                -64.89701080322266,
                48.1257438659668
              ],
              [
                -65.0625991821289,
                48.1257438659668
              ],
              [
                -65.16300964355469,
                47.993770599365234
              ],
              [
                -66.47010803222656,
                48.1257438659668
              ],
              [
                -65.90752410888672,
                47.993770599365234
              ],
              [
                -65.6944351196289,
                47.730003356933594
              ],
              [
                -65.39641571044922,
                47.79592514038086
              ],
              [
                -65.42881774902344,
                47.86185836791992
              ],
              [
                -64.7354736328125,
                47.79592514038086
              ],
              [
                -64.67150115966797,
                47.664100646972656
              ],
              [
                -65.02649688720703,
                47.20316696166992
              ],
              [
                -65.19110870361328,
                47.20316696166992
              ],
              [
                -64.83045959472656,
                47.13737487792969
              ],
              [
                -64.76785278320312,
                47.005828857421875
              ],
              [
                -64.90101623535156,
                46.94007873535156
              ],
              [
                -64.51091766357422,
                46.283294677734375
              ],
              [
                -64.10173797607422,
                46.283294677734375
              ],
              [
                -63.90790557861328,
                46.21768569946289
              ],
              [
                -63.869625091552734,
                45.95537567138672
              ],
              [
                -62.74909973144531,
                45.82429504394531
              ],
              [
                -62.69055938720703,
                45.693260192871094
              ],
              [
                -61.96207809448242,
                45.889827728271484
              ],
              [
                -61.79360580444336,
                45.693260192871094
              ],
              [
                -61.548980712890625,
                45.693260192871094
              ],
              [
                -61.64089584350586,
                46.08650588989258
              ],
              [
                -61.48299026489258,
                46.283294677734375
              ],
              [
                -61.31931686401367,
                46.283294677734375
              ],
              [
                -60.822059631347656,
                47.005828857421875
              ],
              [
                -60.604976654052734,
                47.07159423828125
              ],
              [
                -60.264854431152344,
                46.677207946777344
              ],
              [
                -60.34688949584961,
                46.677207946777344
              ],
              [
                -60.28885269165039,
                46.54585266113281
              ],
              [
                -60.44792938232422,
                46.348915100097656
              ],
              [
                -59.899566650390625,
                46.21768569946289
              ],
              [
                -59.786048889160156,
                45.95537567138672
              ],
              [
                -60.137699127197266,
                45.82429504394531
              ],
              [
                -60.29762268066406,
                45.62776184082031
              ],
              [
                -60.54214859008789,
                45.62776184082031
              ],
              [
                -60.51387405395508,
                45.56227111816406
              ],
              [
                -61.32863998413086,
                45.56227111816406
              ],
              [
                -61.0804328918457,
                45.36587905883789
              ],
              [
                -61.07697677612305,
                45.169586181640625
              ],
              [
                -61.645965576171875,
                45.169586181640625
              ],
              [
                -61.61757278442383,
                45.10417556762695
              ],
              [
                -62.07655715942383,
                45.03877639770508
              ],
              [
                -62.44953536987305,
                44.77729415893555
              ],
              [
                -63.49834442138672,
                44.58129119873047
              ],
              [
                -63.52189636230469,
                44.45067596435547
              ],
              [
                -64.06533813476562,
                44.58129119873047
              ],
              [
                -64.08845520019531,
                44.45067596435547
              ],
              [
                -64.43517303466797,
                44.32010269165039
              ],
              [
                -64.42945861816406,
                44.12431716918945
              ],
              [
                -64.77562713623047,
                43.99384307861328
              ],
              [
                -64.95465850830078,
                43.6678352355957
              ],
              [
                -65.35748291015625,
                43.6678352355957
              ],
              [
                -65.43244171142578,
                43.472347259521484
              ],
              [
                -66.1922378540039,
                43.73301696777344
              ],
              [
                -66.33870697021484,
                44.05907440185547
              ],
              [
                -66.18482208251953,
                44.25482940673828
              ],
              [
                -66.2440414428711,
                44.38538360595703
              ],
              [
                -65.9878158569336,
                44.71194839477539
              ],
              [
                -65.74463653564453,
                44.71194839477539
              ],
              [
                -65.67172241210938,
                44.908016204833984
              ],
              [
                -65.50940704345703,
                44.908016204833984
              ],
              [
                -65.4878158569336,
                45.03877639770508
              ],
              [
                -64.60179138183594,
                45.23500442504883
              ],
              [
                -64.6314468383789,
                45.300437927246094
              ],
              [
                -64.87548828125,
                45.300437927246094
              ],
              [
                -64.96510314941406,
                45.496795654296875
              ],
              [
                -65.20943450927734,
                45.496795654296875
              ],
              [
                -65.17940521240234,
                45.431331634521484
              ],
              [
                -65.34223175048828,
                45.431331634521484
              ],
              [
                -65.57758331298828,
                45.23500442504883
              ],
              [
                -66.14679718017578,
                45.23500442504883
              ],
              [
                -66.24894714355469,
                45.10417556762695
              ],
              [
                -66.65521240234375,
                45.10417556762695
              ],
              [
                -66.6249008178711,
                45.03877639770508
              ],
              [
                -66.98021697998047,
                45.10417556762695
              ],
              [
                -67.06147003173828,
                45.10417556762695
              ],
              [
                -67.36653900146484,
                45.23500442504883
              ],
              [
                -67.9030532836914,
                46.02093505859375
              ],
              [
                -67.80277252197266,
                46.1520881652832
              ],
              [
                -67.8661880493164,
                46.283294677734375
              ],
              [
                -67.78434753417969,
                46.283294677734375
              ],
              [
                -67.84799194335938,
                46.414546966552734
              ],
              [
                -67.7660903930664,
                46.414546966552734
              ],
              [
                -67.8267593383789,
                46.87434005737305
              ],
              [
                -67.74462127685547,
                46.87434005737305
              ],
              [
                -67.90721893310547,
                47.20316696166992
              ],
              [
                -68.13761138916016,
                47.33478927612305
              ],
              [
                -68.54948425292969,
                47.33478927612305
              ],
              [
                -68.5163803100586,
                47.26897048950195
              ],
              [
                -68.8948974609375,
                47.20316696166992
              ],
              [
                -69.27550506591797,
                47.46647262573242
              ],
              [
                -69.66688537597656,
                46.94007873535156
              ],
              [
                -70.01122283935547,
                46.808616638183594
              ],
              [
                -70.1091079711914,
                46.677207946777344
              ],
              [
                -70.0593490600586,
                46.414546966552734
              ],
              [
                -70.33763885498047,
                46.1520881652832
              ],
              [
                -70.28924560546875,
                45.889827728271484
              ],
              [
                -70.4369888305664,
                45.693260192871094
              ],
              [
                -70.6000747680664,
                45.693260192871094
              ],
              [
                -70.89524841308594,
                45.300437927246094
              ],
              [
                -71.38333892822266,
                45.300437927246094
              ],
              [
                -71.36784362792969,
                45.10417556762695
              ],
              [
                -71.53034210205078,
                45.10417556762695
              ],
              [
                -71.62834167480469,
                44.973392486572266
              ],
              [
                -75.11945343017578,
                44.973392486572266
              ],
              [
                -75.08592224121094,
                44.908016204833984
              ],
              [
                -75.58670806884766,
                44.77729415893555
              ],
              [
                -75.64822387695312,
                44.58129119873047
              ],
              [
                -75.81021881103516,
                44.58129119873047
              ],
              [
                -76.00016021728516,
                44.32010269165039
              ],
              [
                -76.16191101074219,
                44.32010269165039
              ],
              [
                -76.19538116455078,
                44.38538360595703
              ],
              [
                -77.26029968261719,
                44.25482940673828
              ],
              [
                -77.044921875,
                43.99384307861328
              ],
              [
                -78.2896957397461,
                44.05907440185547
              ],
              [
                -78.25570678710938,
                43.99384307861328
              ],
              [
                -79.39779663085938,
                43.86341094970703
              ],
              [
                -79.36357116699219,
                43.79821014404297
              ],
              [
                -79.65179443359375,
                43.73301696777344
              ],
              [
                -79.7104263305664,
                43.53750228881836
              ],
              [
                -79.8714370727539,
                43.53750228881836
              ],
              [
                -79.70176696777344,
                43.211830139160156
              ],
              [
                -79.09246826171875,
                43.276947021484375
              ],
              [
                -79.02548217773438,
                43.146724700927734
              ],
              [
                -79.18612670898438,
                43.146724700927734
              ],
              [
                -79.08607482910156,
                42.95146560668945
              ],
              [
                -79.24653625488281,
                42.95146560668945
              ],
              [
                -79.21329498291016,
                42.88639831542969
              ],
              [
                -80.17574310302734,
                42.88639831542969
              ],
              [
                -80.14221954345703,
                42.82133865356445
              ],
              [
                -80.50951385498047,
                42.75628662109375
              ],
              [
                -80.44259643554688,
                42.62621307373047
              ],
              [
                -81.59762573242188,
                42.691246032714844
              ],
              [
                -81.73649597167969,
                42.496177673339844
              ],
              [
                -81.97657775878906,
                42.496177673339844
              ],
              [
                -81.9891586303711,
                42.36617660522461
              ],
              [
                -82.52772521972656,
                42.17123794555664
              ],
              [
                -82.5405502319336,
                42.041324615478516
              ],
              [
                -83.05315399169922,
                42.10627746582031
              ],
              [
                -83.07473754882812,
                42.30118942260742
              ],
              [
                -82.43521118164062,
                42.30118942260742
              ],
              [
                -82.52483367919922,
                42.62621307373047
              ],
              [
                -82.55901336669922,
                42.691246032714844
              ],
              [
                -82.42146301269531,
                42.88639831542969
              ],
              [
                -82.49042510986328,
                43.016544342041016
              ],
              [
                -82.41015625,
                43.016544342041016
              ],
              [
                -82.16936492919922,
                43.016544342041016
              ],
              [
                -82.203857421875,
                43.08163070678711
              ],
              [
                -81.91712951660156,
                43.146724700927734
              ],
              [
                -81.90589904785156,
                43.276947021484375
              ],
              [
                -81.69932556152344,
                43.342071533203125
              ],
              [
                -81.72662353515625,
                43.99384307861328
              ],
              [
                -81.23716735839844,
                44.58129119873047
              ],
              [
                -81.47929382324219,
                45.169586181640625
              ],
              [
                -81.13684844970703,
                44.842647552490234
              ],
              [
                -80.356689453125,
                44.45067596435547
              ],
              [
                -80.03294372558594,
                44.45067596435547
              ],
              [
                -79.94117736816406,
                44.58129119873047
              ],
              [
                -80.0010986328125,
                44.842647552490234
              ],
              [
                -79.8388442993164,
                44.842647552490234
              ],
              [
                -80.12338256835938,
                45.36587905883789
              ],
              [
                -80.35810089111328,
                45.496795654296875
              ],
              [
                -80.65738677978516,
                45.889827728271484
              ],
              [
                -80.89402770996094,
                46.02093505859375
              ],
              [
                -81.6293716430664,
                46.02093505859375
              ],
              [
                -81.90452575683594,
                46.21768569946289
              ],
              [
                -82.35112762451172,
                46.283294677734375
              ],
              [
                -83.04976654052734,
                46.21768569946289
              ],
              [
                -83.45309448242188,
                46.348915100097656
              ],
              [
                -83.9443130493164,
                46.348915100097656
              ],
              [
                -83.8677978515625,
                46.21768569946289
              ],
              [
                -83.94960021972656,
                46.21768569946289
              ],
              [
                -84.10311889648438,
                46.480194091796875
              ],
              [
                -84.5127944946289,
                46.480194091796875
              ],
              [
                -84.42642974853516,
                46.61152267456055
              ],
              [
                -84.54339599609375,
                46.808616638183594
              ],
              [
                -84.37919616699219,
                46.808616638183594
              ],
              [
                -84.74032592773438,
                47.13737487792969
              ],
              [
                -84.57577514648438,
                47.13737487792969
              ],
              [
                -84.6551284790039,
                47.26897048950195
              ],
              [
                -84.57279205322266,
                47.26897048950195
              ],
              [
                -84.97830963134766,
                47.664100646972656
              ],
              [
                -84.89424896240234,
                47.79592514038086
              ],
              [
                -85.01667785644531,
                47.993770599365234
              ],
              [
                -85.678466796875,
                47.993770599365234
              ],
              [
                -86.00962829589844,
                48.1257438659668
              ],
              [
                -86.1785888671875,
                48.52202224731445
              ],
              [
                -86.47516632080078,
                48.852684020996094
              ],
              [
                -87.47348022460938,
                48.852684020996094
              ],
              [
                -87.93781280517578,
                49.051273345947266
              ],
              [
                -88.35433197021484,
                49.051273345947266
              ],
              [
                -88.25753021240234,
                48.654239654541016
              ],
              [
                -88.47179412841797,
                48.852684020996094
              ],
              [
                -88.72137451171875,
                48.852684020996094
              ],
              [
                -88.58588409423828,
                48.52202224731445
              ],
              [
                -89.12762451171875,
                48.5881233215332
              ],
              [
                -89.08393859863281,
                48.52202224731445
              ],
              [
                -89.24996185302734,
                48.52202224731445
              ],
              [
                -89.28530883789062,
                48.323814392089844
              ],
              [
                -89.45111083984375,
                48.323814392089844
              ],
              [
                -89.48699951171875,
                48.1257438659668
              ],
              [
                -89.81464385986328,
                47.993770599365234
              ],
              [
                -89.89736938476562,
                47.993770599365234
              ],
              [
                -90.14935302734375,
                48.1257438659668
              ],
              [
                -90.77262878417969,
                48.191749572753906
              ],
              [
                -91.18678283691406,
                48.191749572753906
              ],
              [
                -91.14289093017578,
                48.1257438659668
              ],
              [
                -91.51292419433594,
                48.059749603271484
              ],
              [
                -92.10397338867188,
                48.323814392089844
              ],
              [
                -92.43557739257812,
                48.323814392089844
              ],
              [
                -92.99324798583984,
                48.654239654541016
              ],
              [
                -93.40866088867188,
                48.654239654541016
              ],
              [
                -93.36298370361328,
                48.5881233215332
              ],
              [
                -93.64949798583984,
                48.52202224731445
              ],
              [
                -93.90715789794922,
                48.654239654541016
              ],
              [
                -94.32257080078125,
                48.654239654541016
              ],
              [
                -94.66462707519531,
                48.786521911621094
              ],
              [
                -94.86327362060547,
                49.18375015258789
              ],
              [
                -94.77989959716797,
                49.18375015258789
              ],
              [
                -95.13780212402344,
                49.44889450073242
              ],
              [
                -95.25675201416016,
                49.38258361816406
              ],
              [
                -95.1610336303711,
                49.2500114440918
              ],
              [
                -95.24444580078125,
                49.2500114440918
              ],
              [
                -95.1492919921875,
                49.11750411987305
              ],
              [
                -95.23262786865234,
                49.11750411987305
              ],
              [
                -95.2212905883789,
                48.98506164550781
              ],
              [
                -122.86582946777344,
                48.98506164550781
              ],
              [
                -122.92542266845703,
                49.051273345947266
              ],
              [
                -123.09203338623047,
                49.051273345947266
              ],
              [
                -123.33270263671875,
                49.316287994384766
              ],
              [
                -123.1657943725586,
                49.316287994384766
              ],
              [
                -123.28720092773438,
                49.44889450073242
              ],
              [
                -123.72734069824219,
                49.38258361816406
              ],
              [
                -124.28565979003906,
                49.71431350708008
              ],
              [
                -123.8054428100586,
                49.64793395996094
              ],
              [
                -123.99150848388672,
                49.84712600708008
              ],
              [
                -124.43159484863281,
                49.78071212768555
              ],
              [
                -124.18388366699219,
                49.51522445678711
              ],
              [
                -124.43458557128906,
                49.51522445678711
              ],
              [
                -124.8291015625,
                49.84712600708008
              ],
              [
                -124.66158294677734,
                49.84712600708008
              ],
              [
                -124.85057067871094,
                50.04647445678711
              ],
              [
                -124.76669311523438,
                50.04647445678711
              ],
              [
                -124.89374542236328,
                50.17946243286133
              ],
              [
                -124.78961944580078,
                50.2459831237793
              ],
              [
                -124.85363006591797,
                50.312522888183594
              ],
              [
                -125.06644439697266,
                50.445655822753906
              ],
              [
                -125.57112884521484,
                50.445655822753906
              ],
              [
                -124.62366485595703,
                49.44889450073242
              ],
              [
                -123.93955993652344,
                49.2500114440918
              ],
              [
                -123.29431915283203,
                48.72037124633789
              ],
              [
                -123.5436782836914,
                48.72037124633789
              ],
              [
                -123.25028991699219,
                48.38986587524414
              ],
              [
                -123.8553695678711,
                48.323814392089844
              ],
              [
                -125.1229476928711,
                48.72037124633789
              ],
              [
                -125.24299621582031,
                48.852684020996094
              ],
              [
                -125.13685607910156,
                48.91886520385742
              ],
              [
                -125.19729614257812,
                48.98506164550781
              ],
              [
                -125.84105682373047,
                49.051273345947266
              ],
              [
                -125.96345520019531,
                49.18375015258789
              ],
              [
                -125.71331787109375,
                49.18375015258789
              ],
              [
                -125.98161315917969,
                49.38258361816406
              ],
              [
                -126.56605529785156,
                49.38258361816406
              ],
              [
                -126.67005157470703,
                49.58156967163086
              ],
              [
                -126.83726501464844,
                49.58156967163086
              ],
              [
                -127.36687469482422,
                50.04647445678711
              ],
              [
                -127.85108184814453,
                50.11296081542969
              ],
              [
                -128.09457397460938,
                50.445655822753906
              ],
              [
                -128.3290557861328,
                50.51224899291992
              ],
              [
                -128.5292205810547,
                50.71213912963867
              ],
              [
                -128.41073608398438,
                50.84549331665039
              ],
              [
                -128.47825622558594,
                50.912200927734375
              ],
              [
                -127.88746643066406,
                50.912200927734375
              ],
              [
                -127.19873046875,
                50.64549255371094
              ],
              [
                -126.05687713623047,
                50.51224899291992
              ],
              [
                -126.18790435791016,
                50.64549255371094
              ],
              [
                -126.52484130859375,
                50.64549255371094
              ],
              [
                -126.72357940673828,
                50.84549331665039
              ],
              [
                -127.61717224121094,
                50.97892379760742
              ],
              [
                -127.88866424560547,
                51.24601745605469
              ],
              [
                -127.70316314697266,
                51.31283950805664
              ],
              [
                -128.2876739501953,
                51.71418380737305
              ],
              [
                -128.1877899169922,
                51.78114318847656
              ],
              [
                -128.3845977783203,
                52.0491943359375
              ],
              [
                -128.2994842529297,
                52.0491943359375
              ],
              [
                -128.5130615234375,
                52.250450134277344
              ],
              [
                -128.00157165527344,
                52.250450134277344
              ],
              [
                -128.14456176757812,
                52.38472366333008
              ],
              [
                -128.64329528808594,
                52.4518928527832
              ],
              [
                -128.58470153808594,
                52.31757736206055
              ],
              [
                -128.7552947998047,
                52.31757736206055
              ],
              [
                -129.07020568847656,
                52.4518928527832
              ],
              [
                -129.50863647460938,
                52.85536575317383
              ],
              [
                -129.23971557617188,
                52.92268753051758
              ],
              [
                -129.63377380371094,
                53.124786376953125
              ],
              [
                -129.45082092285156,
                53.192195892333984
              ],
              [
                -129.52557373046875,
                53.25962829589844
              ],
              [
                -129.6974334716797,
                53.25962829589844
              ],
              [
                -130.23748779296875,
                53.664710998535156
              ],
              [
                -129.7084503173828,
                53.192195892333984
              ],
              [
                -129.97711181640625,
                53.124786376953125
              ],
              [
                -130.6685028076172,
                53.664710998535156
              ],
              [
                -130.49610900878906,
                53.664710998535156
              ],
              [
                -130.55393981933594,
                53.86756134033203
              ],
              [
                -130.38125610351562,
                53.86756134033203
              ],
              [
                -130.80392456054688,
                53.93522644042969
              ],
              [
                -130.9591827392578,
                54.07062530517578
              ],
              [
                -130.1717987060547,
                54.138362884521484
              ],
              [
                -130.64935302734375,
                54.47740173339844
              ],
              [
                -130.54669189453125,
                54.613189697265625
              ],
              [
                -130.6182861328125,
                54.74907684326172
              ],
              [
                -130.27040100097656,
                54.74907684326172
              ],
              [
                -130.42935180664062,
                54.88506317138672
              ],
              [
                -129.89183044433594,
                55.021148681640625
              ],
              [
                -129.9716796875,
                55.089229583740234
              ],
              [
                -129.88446044921875,
                55.089229583740234
              ],
              [
                -130.03781127929688,
                55.29362487792969
              ],
              [
                -129.950439453125,
                55.29362487792969
              ],
              [
                -130.2618865966797,
                55.70311737060547
              ],
              [
                -130.1682586669922,
                55.77145767211914
              ],
              [
                -130.25018310546875,
                55.83982467651367
              ],
              [
                -130.07464599609375,
                55.83982467651367
              ],
              [
                -130.15109252929688,
                55.97663879394531
              ],
              [
                -130.06321716308594,
                55.97663879394531
              ],
              [
                -130.99777221679688,
                56.45634460449219
              ],
              [
                -131.86988830566406,
                56.662349700927734
              ],
              [
                -132.2963104248047,
                57.07511901855469
              ],
              [
                -132.2075958251953,
                57.07511901855469
              ],
              [
                -132.46636962890625,
                57.35087585449219
              ],
              [
                -132.37742614746094,
                57.35087585449219
              ],
              [
                -133.53453063964844,
                58.38920593261719
              ],
              [
                -133.44476318359375,
                58.38920593261719
              ],
              [
                -134.7296600341797,
                59.15507125854492
              ],
              [
                -135.305908203125,
                59.714515686035156
              ],
              [
                -135.94735717773438,
                59.78459548950195
              ],
              [
                -135.8511962890625,
                59.714515686035156
              ],
              [
                -136.3910369873047,
                59.64447021484375
              ],
              [
                -136.29498291015625,
                59.574459075927734
              ],
              [
                -136.4765167236328,
                59.574459075927734
              ],
              [
                -136.38059997558594,
                59.504478454589844
              ],
              [
                -136.56201171875,
                59.504478454589844
              ],
              [
                -136.4662322998047,
                59.434532165527344
              ],
              [
                -136.64752197265625,
                59.434532165527344
              ],
              [
                -136.55189514160156,
                59.36461639404297
              ],
              [
                -136.73306274414062,
                59.36461639404297
              ],
              [
                -136.63758850097656,
                59.294734954833984
              ],
              [
                -136.98983764648438,
                59.15507125854492
              ],
              [
                -136.89479064941406,
                59.08528518676758
              ],
              [
                -137.52232360839844,
                59.015533447265625
              ],
              [
                -137.8144073486328,
                59.294734954833984
              ],
              [
                -137.723876953125,
                59.294734954833984
              ],
              [
                -138.87229919433594,
                59.92485809326172
              ],
              [
                -139.28610229492188,
                60.34645080566406
              ],
              [
                -139.83465576171875,
                60.34645080566406
              ],
              [
                -139.73428344726562,
                60.276100158691406
              ],
              [
                -139.91700744628906,
                60.276100158691406
              ],
              [
                -139.81678771972656,
                60.20578384399414
              ],
              [
                -140.0906982421875,
                60.20578384399414
              ],
              [
                -140.83065795898438,
                60.276100158691406
              ],
              [
                -141.1246337890625,
                60.416839599609375
              ],
              [
                -141.03314208984375,
                60.416839599609375
              ],
              [
                -141.15560913085938,
                60.628211975097656
              ],
              [
                -140.97227478027344,
                60.628211975097656
              ],
              [
                -141.118408203125,
                60.9812126159668
              ],
              [
                -141.02642822265625,
                60.9812126159668
              ],
              [
                -141.12979125976562,
                61.05192565917969
              ],
              [
                -141.03773498535156,
                61.05192565917969
              ],
              [
                -141.1413116455078,
                61.12267303466797
              ],
              [
                -141.04920959472656,
                61.12267303466797
              ],
              [
                -141.1529998779297,
                61.193458557128906
              ],
              [
                -141.06082153320312,
                61.193458557128906
              ],
              [
                -141.16485595703125,
                61.264278411865234
              ],
              [
                -141.07261657714844,
                61.264278411865234
              ],
              [
                -141.17684936523438,
                61.335140228271484
              ],
              [
                -141.0845489501953,
                61.335140228271484
              ],
              [
                -141.18902587890625,
                61.40604019165039
              ],
              [
                -141.09666442871094,
                61.40604019165039
              ],
              [
                -141.20135498046875,
                61.47697448730469
              ],
              [
                -141.01649475097656,
                61.47697448730469
              ],
              [
                -141.17269897460938,
                61.832237243652344
              ],
              [
                -141.07994079589844,
                61.832237243652344
              ],
              [
                -141.18594360351562,
                61.90340805053711
              ],
              [
                -141.09312438964844,
                61.90340805053711
              ],
              [
                -141.1993408203125,
                61.97461700439453
              ],
              [
                -141.10646057128906,
                61.97461700439453
              ],
              [
                -141.21292114257812,
                62.045867919921875
              ],
              [
                -141.11996459960938,
                62.045867919921875
              ],
              [
                -141.22665405273438,
                62.117156982421875
              ],
              [
                -141.04063415527344,
                62.117156982421875
              ],
              [
                -141.20449829101562,
                62.474212646484375
              ],
              [
                -141.1111602783203,
                62.474212646484375
              ],
              [
                -141.2191619873047,
                62.54574966430664
              ],
              [
                -141.12576293945312,
                62.54574966430664
              ],
              [
                -141.2340087890625,
                62.61732482910156
              ],
              [
                -141.14053344726562,
                62.61732482910156
              ],
              [
                -141.2490234375,
                62.68894577026367
              ],
              [
                -141.0619354248047,
                62.68894577026367
              ],
              [
                -141.2327423095703,
                63.047672271728516
              ],
              [
                -141.0449676513672,
                63.047672271728516
              ],
              [
                -141.20347595214844,
                63.33543014526367
              ],
              [
                -141.01516723632812,
                63.33543014526367
              ],
              [
                -141.1936492919922,
                63.69612503051758
              ],
              [
                -141.004638671875,
                63.69612503051758
              ],
              [
                -141.18753051757812,
                64.05794525146484
              ],
              [
                -140.99781799316406,
                64.05794525146484
              ],
              [
                -141.18515014648438,
                64.4209213256836
              ],
              [
                -140.99472045898438,
                64.4209213256836
              ],
              [
                -141.18655395507812,
                64.78507995605469
              ],
              [
                -140.9954071044922,
                64.78507995605469
              ],
              [
                -141.1918182373047,
                65.15044403076172
              ],
              [
                -141.0958709716797,
                65.15044403076172
              ],
              [
                -141.21253967285156,
                65.22367095947266
              ],
              [
                -141.0205078125,
                65.22367095947266
              ],
              [
                -141.22268676757812,
                65.59053039550781
              ],
              [
                -141.02989196777344,
                65.59053039550781
              ],
              [
                -141.23709106445312,
                65.95866394042969
              ],
              [
                -141.04354858398438,
                65.95866394042969
              ],
              [
                -141.25601196289062,
                66.32811737060547
              ],
              [
                -141.0616912841797,
                66.32811737060547
              ],
              [
                -141.2550811767578,
                66.6246337890625
              ],
              [
                -141.0601348876953,
                66.6246337890625
              ],
              [
                -141.23196411132812,
                66.84760284423828
              ],
              [
                -141.0365447998047,
                66.84760284423828
              ],
              [
                -141.2364044189453,
                67.14566802978516
              ],
              [
                -141.0403594970703,
                67.14566802978516
              ],
              [
                -141.24417114257812,
                67.44463348388672
              ],
              [
                -141.04747009277344,
                67.44463348388672
              ],
              [
                -141.22760009765625,
                67.66946411132812
              ],
              [
                -141.03041076660156,
                67.66946411132812
              ],
              [
                -141.21292114257812,
                67.89481353759766
              ],
              [
                -141.01522827148438,
                67.89481353759766
              ],
              [
                -141.22943115234375,
                68.19611358642578
              ],
              [
                -141.03106689453125,
                68.19611358642578
              ],
              [
                -141.21946716308594,
                68.42272186279297
              ],
              [
                -141.02059936523438,
                68.42272186279297
              ],
              [
                -141.24270629882812,
                68.7257080078125
              ],
              [
                -141.04315185546875,
                68.7257080078125
              ],
              [
                -141.2058868408203,
                68.87757110595703
              ],
              [
                -141.0059814453125,
                68.87757110595703
              ],
              [
                -141.16993713378906,
                69.0296859741211
              ],
              [
                -140.9696807861328,
                69.0296859741211
              ],
              [
                -141.1348876953125,
                69.18205261230469
              ],
              [
                -140.9342803955078,
                69.18205261230469
              ],
              [
                -141.1007537841797,
                69.33467864990234
              ],
              [
                -140.89979553222656,
                69.33467864990234
              ],
              [
                -141.1709442138672,
                69.71734619140625
              ],
              [
                -141.07000732421875,
                69.71734619140625
              ],
              [
                -140.06068420410156,
                69.71734619140625
              ],
              [
                -139.18739318847656,
                69.5640869140625
              ],
              [
                -137.56532287597656,
                69.0296859741211
              ],
              [
                -135.8084259033203,
                68.87757110595703
              ],
              [
                -136.1916046142578,
                69.10584259033203
              ],
              [
                -135.9911651611328,
                69.10584259033203
              ],
              [
                -136.277587890625,
                69.33467864990234
              ],
              [
                -135.40171813964844,
                69.41107940673828
              ],
              [
                -135.53115844726562,
                69.487548828125
              ],
              [
                -135.329833984375,
                69.487548828125
              ],
              [
                -135.45957946777344,
                69.5640869140625
              ],
              [
                -134.653564453125,
                69.5640869140625
              ],
              [
                -134.81216430664062,
                69.71734619140625
              ],
              [
                -134.5093536376953,
                69.71734619140625
              ],
              [
                -134.63951110839844,
                69.79407501220703
              ],
              [
                -133.5914306640625,
                69.41107940673828
              ],
              [
                -133.71925354003906,
                69.487548828125
              ],
              [
                -133.1422882080078,
                69.5640869140625
              ],
              [
                -133.29815673828125,
                69.71734619140625
              ],
              [
                -132.01287841796875,
                69.79407501220703
              ],
              [
                -131.7317657470703,
                69.5640869140625
              ],
              [
                -132.134765625,
                69.5640869140625
              ],
              [
                -132.00799560546875,
                69.487548828125
              ],
              [
                -130.9520263671875,
                69.33467864990234
              ],
              [
                -131.07713317871094,
                69.41107940673828
              ],
              [
                -130.87599182128906,
                69.41107940673828
              ],
              [
                -131.0013885498047,
                69.487548828125
              ],
              [
                -130.90072631835938,
                69.487548828125
              ],
              [
                -131.02650451660156,
                69.5640869140625
              ],
              [
                -130.8249969482422,
                69.5640869140625
              ],
              [
                -130.95108032226562,
                69.64068603515625
              ],
              [
                -131.65696716308594,
                69.64068603515625
              ],
              [
                -132.04002380371094,
                69.8708724975586
              ],
              [
                -131.63555908203125,
                69.8708724975586
              ],
              [
                -131.76385498046875,
                69.9477310180664
              ],
              [
                -131.5614471435547,
                69.9477310180664
              ],
              [
                -131.6900634765625,
                70.024658203125
              ],
              [
                -131.25782775878906,
                69.9477310180664
              ],
              [
                -131.3861541748047,
                70.024658203125
              ],
              [
                -131.18356323242188,
                70.024658203125
              ],
              [
                -131.3122100830078,
                70.10164642333984
              ],
              [
                -130.73097229003906,
                70.17870330810547
              ],
              [
                -130.86000061035156,
                70.2558364868164
              ],
              [
                -130.02056884765625,
                70.17870330810547
              ],
              [
                -130.14894104003906,
                70.2558364868164
              ],
              [
                -129.76947021484375,
                70.3330307006836
              ],
              [
                -129.38575744628906,
                70.10164642333984
              ],
              [
                -129.4871368408203,
                70.10164642333984
              ],
              [
                -129.3601531982422,
                70.024658203125
              ],
              [
                -129.56275939941406,
                70.024658203125
              ],
              [
                -129.4360809326172,
                69.9477310180664
              ],
              [
                -128.78009033203125,
                69.79407501220703
              ],
              [
                -128.90542602539062,
                69.8708724975586
              ],
              [
                -128.6264190673828,
                69.9477310180664
              ],
              [
                -128.7523651123047,
                70.024658203125
              ],
              [
                -128.5497589111328,
                70.024658203125
              ],
              [
                -128.67601013183594,
                70.10164642333984
              ],
              [
                -128.4732208251953,
                70.10164642333984
              ],
              [
                -128.5997772216797,
                70.17870330810547
              ],
              [
                -128.3968048095703,
                70.17870330810547
              ],
              [
                -128.523681640625,
                70.2558364868164
              ],
              [
                -128.0157928466797,
                70.2558364868164
              ],
              [
                -128.3981170654297,
                70.48763275146484
              ],
              [
                -128.29624938964844,
                70.48763275146484
              ],
              [
                -128.45156860351562,
                70.64251708984375
              ],
              [
                -128.04336547851562,
                70.64251708984375
              ],
              [
                -127.0774917602539,
                70.17870330810547
              ],
              [
                -126.29116821289062,
                69.5640869140625
              ],
              [
                -125.74681854248047,
                69.41107940673828
              ],
              [
                -125.44509887695312,
                69.41107940673828
              ],
              [
                -125.58590698242188,
                69.5640869140625
              ],
              [
                -125.3843994140625,
                69.5640869140625
              ],
              [
                -125.64834594726562,
                69.79407501220703
              ],
              [
                -125.34527587890625,
                69.79407501220703
              ],
              [
                -125.48898315429688,
                69.9477310180664
              ],
              [
                -125.28656768798828,
                69.9477310180664
              ],
              [
                -125.40946197509766,
                70.024658203125
              ],
              [
                -124.6793212890625,
                69.9477310180664
              ],
              [
                -124.19464874267578,
                69.64068603515625
              ],
              [
                -124.29548645019531,
                69.64068603515625
              ],
              [
                -124.17537689208984,
                69.5640869140625
              ],
              [
                -124.4776382446289,
                69.5640869140625
              ],
              [
                -124.33880615234375,
                69.41107940673828
              ],
              [
                -123.55241394042969,
                69.487548828125
              ],
              [
                -123.67162322998047,
                69.5640869140625
              ],
              [
                -123.38790893554688,
                69.64068603515625
              ],
              [
                -123.50765228271484,
                69.71734619140625
              ],
              [
                -123.3057861328125,
                69.71734619140625
              ],
              [
                -123.42581176757812,
                69.79407501220703
              ],
              [
                -123.22376251220703,
                69.79407501220703
              ],
              [
                -123.34406280517578,
                69.8708724975586
              ],
              [
                -121.72621154785156,
                69.8708724975586
              ],
              [
                -120.01421356201172,
                69.41107940673828
              ],
              [
                -118.9946060180664,
                69.33467864990234
              ],
              [
                -117.9402084350586,
                69.0296859741211
              ],
              [
                -116.31759643554688,
                68.87757110595703
              ],
              [
                -116.43828582763672,
                69.0296859741211
              ],
              [
                -115.94791412353516,
                69.10584259033203
              ],
              [
                -115.5371322631836,
                69.0296859741211
              ],
              [
                -114.29459381103516,
                68.64987182617188
              ],
              [
                -113.97425079345703,
                68.42272186279297
              ],
              [
                -114.07369232177734,
                68.42272186279297
              ],
              [
                -113.96111297607422,
                68.27159118652344
              ],
              [
                -114.65596771240234,
                68.27159118652344
              ],
              [
                -114.5499267578125,
                68.19611358642578
              ],
              [
                -115.13793182373047,
                68.1207046508789
              ],
              [
                -115.03203582763672,
                68.04534912109375
              ],
              [
                -115.23006439208984,
                68.04534912109375
              ],
              [
                -115.11788940429688,
                67.89481353759766
              ],
              [
                -114.11871337890625,
                67.74452209472656
              ],
              [
                -112.73721313476562,
                67.74452209472656
              ],
              [
                -112.84008026123047,
                67.81964111328125
              ],
              [
                -111.5561752319336,
                67.81964111328125
              ],
              [
                -111.65831756591797,
                67.89481353759766
              ],
              [
                -110.18045043945312,
                68.04534912109375
              ],
              [
                -109.7784652709961,
                67.81964111328125
              ],
              [
                -109.18589782714844,
                67.81964111328125
              ],
              [
                -108.78943634033203,
                67.66946411132812
              ],
              [
                -107.81101989746094,
                67.0710678100586
              ],
              [
                -107.42121887207031,
                66.99652099609375
              ],
              [
                -107.61347198486328,
                67.14566802978516
              ],
              [
                -107.51385498046875,
                67.22032165527344
              ],
              [
                -107.90282440185547,
                67.51952362060547
              ],
              [
                -108.1981201171875,
                67.51952362060547
              ],
              [
                -108.39505004882812,
                67.66946411132812
              ],
              [
                -108.29645538330078,
                67.66946411132812
              ],
              [
                -108.39533996582031,
                67.74452209472656
              ],
              [
                -108.09930419921875,
                67.74452209472656
              ],
              [
                -108.29832458496094,
                67.97005462646484
              ],
              [
                -107.9026107788086,
                67.97005462646484
              ],
              [
                -108.00218963623047,
                68.04534912109375
              ],
              [
                -107.9031753540039,
                68.04534912109375
              ],
              [
                -108.39939880371094,
                68.1207046508789
              ],
              [
                -108.90557861328125,
                68.49837493896484
              ],
              [
                -108.5098648071289,
                68.57408905029297
              ],
              [
                -108.61211395263672,
                68.64987182617188
              ],
              [
                -108.21334075927734,
                68.64987182617188
              ],
              [
                -108.31561279296875,
                68.7257080078125
              ],
              [
                -107.7169418334961,
                68.7257080078125
              ],
              [
                -107.81906127929688,
                68.8016128540039
              ],
              [
                -107.21986389160156,
                68.8016128540039
              ],
              [
                -107.32183074951172,
                68.87757110595703
              ],
              [
                -106.72388458251953,
                68.95359802246094
              ],
              [
                -106.82598114013672,
                69.0296859741211
              ],
              [
                -106.12508392333984,
                69.0296859741211
              ],
              [
                -105.52179718017578,
                68.7257080078125
              ],
              [
                -105.62158203125,
                68.7257080078125
              ],
              [
                -105.32283782958984,
                68.49837493896484
              ],
              [
                -105.52188110351562,
                68.49837493896484
              ],
              [
                -105.42283630371094,
                68.42272186279297
              ],
              [
                -104.72947692871094,
                68.27159118652344
              ],
              [
                -104.53466033935547,
                68.1207046508789
              ],
              [
                -103.44173431396484,
                68.19611358642578
              ],
              [
                -103.154052734375,
                67.97005462646484
              ],
              [
                -102.56886291503906,
                67.81964111328125
              ],
              [
                -99.6980972290039,
                67.89481353759766
              ],
              [
                -98.92218017578125,
                67.74452209472656
              ],
              [
                -99.01344299316406,
                67.81964111328125
              ],
              [
                -98.61840057373047,
                67.81964111328125
              ],
              [
                -98.88618469238281,
                68.1207046508789
              ],
              [
                -98.48980712890625,
                68.1207046508789
              ],
              [
                -98.86012268066406,
                68.42272186279297
              ],
              [
                -98.06464385986328,
                68.42272186279297
              ],
              [
                -98.14439392089844,
                68.64987182617188
              ],
              [
                -98.0447006225586,
                68.64987182617188
              ],
              [
                -98.33180236816406,
                68.8016128540039
              ],
              [
                -99.42554473876953,
                68.87757110595703
              ],
              [
                -99.80937194824219,
                69.18205261230469
              ],
              [
                -99.20346069335938,
                69.25833129882812
              ],
              [
                -99.30003356933594,
                69.33467864990234
              ],
              [
                -98.6971435546875,
                69.33467864990234
              ],
              [
                -98.88667297363281,
                69.5640869140625
              ],
              [
                -98.47986602783203,
                69.64068603515625
              ],
              [
                -98.67487335205078,
                69.79407501220703
              ],
              [
                -98.47282409667969,
                69.79407501220703
              ],
              [
                -98.5707015991211,
                69.8708724975586
              ],
              [
                -97.85929107666016,
                69.9477310180664
              ],
              [
                -96.9723892211914,
                69.5640869140625
              ],
              [
                -95.75106048583984,
                69.71734619140625
              ],
              [
                -95.36714172363281,
                69.487548828125
              ],
              [
                -95.46780395507812,
                69.487548828125
              ],
              [
                -95.38121795654297,
                69.33467864990234
              ],
              [
                -96.37981414794922,
                69.41107940673828
              ],
              [
                -95.8194808959961,
                68.95359802246094
              ],
              [
                -95.51936340332031,
                68.95359802246094
              ],
              [
                -95.3443374633789,
                68.7257080078125
              ],
              [
                -95.84323120117188,
                68.7257080078125
              ],
              [
                -95.75177001953125,
                68.64987182617188
              ],
              [
                -95.95115661621094,
                68.64987182617188
              ],
              [
                -95.85984802246094,
                68.57408905029297
              ],
              [
                -96.46550750732422,
                68.49837493896484
              ],
              [
                -96.3742446899414,
                68.42272186279297
              ],
              [
                -97.26167297363281,
                68.49837493896484
              ],
              [
                -97.07810974121094,
                68.34712219238281
              ],
              [
                -96.58975219726562,
                68.27159118652344
              ],
              [
                -96.1839599609375,
                68.34712219238281
              ],
              [
                -96.00321197509766,
                68.19611358642578
              ],
              [
                -96.1023941040039,
                68.19611358642578
              ],
              [
                -96.02174377441406,
                68.04534912109375
              ],
              [
                -96.21976470947266,
                68.04534912109375
              ],
              [
                -96.05059814453125,
                67.81964111328125
              ],
              [
                -96.24812316894531,
                67.81964111328125
              ],
              [
                -96.16912078857422,
                67.66946411132812
              ],
              [
                -96.37622833251953,
                67.5944595336914
              ],
              [
                -96.19976806640625,
                67.44463348388672
              ],
              [
                -95.80636596679688,
                67.44463348388672
              ],
              [
                -95.63172912597656,
                67.29503631591797
              ],
              [
                -95.43534851074219,
                67.29503631591797
              ],
              [
                -95.59883117675781,
                67.51952362060547
              ],
              [
                -95.50039672851562,
                67.51952362060547
              ],
              [
                -95.85307312011719,
                67.81964111328125
              ],
              [
                -95.74430084228516,
                67.89481353759766
              ],
              [
                -95.83336639404297,
                67.97005462646484
              ],
              [
                -95.52667999267578,
                68.04534912109375
              ],
              [
                -95.61602020263672,
                68.1207046508789
              ],
              [
                -94.92234802246094,
                68.1207046508789
              ],
              [
                -95.01140594482422,
                68.19611358642578
              ],
              [
                -94.40592193603516,
                68.27159118652344
              ],
              [
                -94.49501037597656,
                68.34712219238281
              ],
              [
                -94.29631042480469,
                68.34712219238281
              ],
              [
                -94.38554382324219,
                68.42272186279297
              ],
              [
                -94.07701110839844,
                68.49837493896484
              ],
              [
                -94.16653442382812,
                68.57408905029297
              ],
              [
                -93.86771392822266,
                68.57408905029297
              ],
              [
                -93.9572982788086,
                68.64987182617188
              ],
              [
                -93.74787139892578,
                68.7257080078125
              ],
              [
                -94.13743591308594,
                68.8016128540039
              ],
              [
                -94.04721069335938,
                68.7257080078125
              ],
              [
                -94.44631958007812,
                68.7257080078125
              ],
              [
                -94.71903991699219,
                68.95359802246094
              ],
              [
                -94.51022338867188,
                69.0296859741211
              ],
              [
                -94.60186004638672,
                69.10584259033203
              ],
              [
                -94.40142822265625,
                69.10584259033203
              ],
              [
                -94.56951904296875,
                69.41107940673828
              ],
              [
                -94.26780700683594,
                69.41107940673828
              ],
              [
                -94.36052703857422,
                69.487548828125
              ],
              [
                -94.74870300292969,
                69.64068603515625
              ],
              [
                -94.84954833984375,
                69.64068603515625
              ],
              [
                -94.75585174560547,
                69.5640869140625
              ],
              [
                -95.05810546875,
                69.5640869140625
              ],
              [
                -96.0482406616211,
                69.79407501220703
              ],
              [
                -96.72949981689453,
                70.2558364868164
              ],
              [
                -96.62419891357422,
                70.3330307006836
              ],
              [
                -96.72245788574219,
                70.41029357910156
              ],
              [
                -96.62068939208984,
                70.41029357910156
              ],
              [
                -96.71925354003906,
                70.48763275146484
              ],
              [
                -96.41040802001953,
                70.5650405883789
              ],
              [
                -96.80731964111328,
                70.95317840576172
              ],
              [
                -96.70333862304688,
                71.0310287475586
              ],
              [
                -96.8046875,
                71.10896301269531
              ],
              [
                -96.59941864013672,
                71.10896301269531
              ],
              [
                -96.70028686523438,
                71.26505279541016
              ],
              [
                -96.49462127685547,
                71.26505279541016
              ],
              [
                -96.59658813476562,
                71.42146301269531
              ],
              [
                -96.0809326171875,
                71.49979400634766
              ],
              [
                -95.56629180908203,
                71.42146301269531
              ],
              [
                -95.87467193603516,
                71.49979400634766
              ],
              [
                -96.08116149902344,
                71.73527526855469
              ],
              [
                -95.46055603027344,
                71.73527526855469
              ],
              [
                -95.56464385986328,
                71.8926773071289
              ],
              [
                -95.25373077392578,
                71.8926773071289
              ],
              [
                -95.46271514892578,
                72.05043029785156
              ],
              [
                -95.2550277709961,
                72.05043029785156
              ],
              [
                -95.36360168457031,
                72.2877197265625
              ],
              [
                -95.25943756103516,
                72.2877197265625
              ],
              [
                -95.36585998535156,
                72.36699676513672
              ],
              [
                -95.2615966796875,
                72.36699676513672
              ],
              [
                -95.36847686767578,
                72.44635772705078
              ],
              [
                -95.26409912109375,
                72.44635772705078
              ],
              [
                -95.37144470214844,
                72.52581787109375
              ],
              [
                -95.2669677734375,
                72.52581787109375
              ],
              [
                -95.91707611083984,
                72.92451477050781
              ],
              [
                -95.81775665283203,
                73.00454711914062
              ],
              [
                -95.92913055419922,
                73.08467102050781
              ],
              [
                -95.7186279296875,
                73.08467102050781
              ],
              [
                -95.8304214477539,
                73.1648941040039
              ],
              [
                -95.61968994140625,
                73.1648941040039
              ],
              [
                -95.73918151855469,
                73.32563781738281
              ],
              [
                -95.63359069824219,
                73.32563781738281
              ],
              [
                -95.86087799072266,
                73.48678588867188
              ],
              [
                -95.75505828857422,
                73.48678588867188
              ],
              [
                -95.87879943847656,
                73.64835357666016
              ],
              [
                -95.77274322509766,
                73.64835357666016
              ],
              [
                -95.89859008789062,
                73.8103256225586
              ],
              [
                -95.48357391357422,
                73.89147186279297
              ],
              [
                -94.93291473388672,
                73.72928619384766
              ],
              [
                -95.50533294677734,
                74.05409240722656
              ],
              [
                -95.398681640625,
                74.05409240722656
              ],
              [
                -95.5169677734375,
                74.13555908203125
              ],
              [
                -95.08988189697266,
                74.13555908203125
              ],
              [
                -95.20843505859375,
                74.2171401977539
              ],
              [
                -93.4014663696289,
                74.298828125
              ],
              [
                -92.7499008178711,
                74.2171401977539
              ],
              [
                -92.41250610351562,
                74.05409240722656
              ],
              [
                -91.03260803222656,
                74.13555908203125
              ],
              [
                -90.59947204589844,
                74.05409240722656
              ],
              [
                -90.3759536743164,
                73.89147186279297
              ],
              [
                -90.48236083984375,
                73.89147186279297
              ],
              [
                -90.37152099609375,
                73.8103256225586
              ],
              [
                -90.5841064453125,
                73.8103256225586
              ],
              [
                -90.47004699707031,
                73.64835357666016
              ],
              [
                -90.57610321044922,
                73.64835357666016
              ],
              [
                -90.6821517944336,
                73.64835357666016
              ],
              [
                -90.57274627685547,
                73.56752014160156
              ],
              [
                -91.10243225097656,
                73.56752014160156
              ],
              [
                -90.99310302734375,
                73.48678588867188
              ],
              [
                -91.20475006103516,
                73.48678588867188
              ],
              [
                -91.0931625366211,
                73.32563781738281
              ],
              [
                -91.40733337402344,
                73.2452163696289
              ]
            ]
          ],
          [
            [
              [
                -79.50407409667969,
                62.474212646484375
              ],
              [
                -79.27989959716797,
                62.117156982421875
              ],
              [
                -79.37291717529297,
                62.117156982421875
              ],
              [
                -79.36994934082031,
                61.90340805053711
              ],
              [
                -79.55558013916016,
                61.90340805053711
              ],
              [
                -79.58317565917969,
                61.618961334228516
              ],
              [
                -80.20136260986328,
                61.69001388549805
              ],
              [
                -80.5181884765625,
                62.045867919921875
              ],
              [
                -80.42524719238281,
                62.045867919921875
              ],
              [
                -80.48907470703125,
                62.117156982421875
              ],
              [
                -80.3669204711914,
                62.18848419189453
              ],
              [
                -80.43097686767578,
                62.259857177734375
              ],
              [
                -80.24468231201172,
                62.259857177734375
              ],
              [
                -80.27977752685547,
                62.4027214050293
              ],
              [
                -80.09322357177734,
                62.4027214050293
              ],
              [
                -80.15747833251953,
                62.474212646484375
              ],
              [
                -79.50407409667969,
                62.474212646484375
              ]
            ]
          ],
          [
            [
              [
                -83.87995147705078,
                62.76060485839844
              ],
              [
                -83.66657257080078,
                62.83230972290039
              ],
              [
                -83.73421478271484,
                62.904052734375
              ],
              [
                -82.89048767089844,
                62.904052734375
              ],
              [
                -82.95771026611328,
                62.9758415222168
              ],
              [
                -82.77008056640625,
                62.9758415222168
              ],
              [
                -82.83734893798828,
                63.047672271728516
              ],
              [
                -82.18016815185547,
                63.047672271728516
              ],
              [
                -81.88665771484375,
                62.83230972290039
              ],
              [
                -82.10132598876953,
                62.76060485839844
              ],
              [
                -82.0351333618164,
                62.68894577026367
              ],
              [
                -82.22222137451172,
                62.68894577026367
              ],
              [
                -82.15608978271484,
                62.61732482910156
              ],
              [
                -82.3430404663086,
                62.61732482910156
              ],
              [
                -82.2769546508789,
                62.54574966430664
              ],
              [
                -82.46377563476562,
                62.54574966430664
              ],
              [
                -82.39773559570312,
                62.474212646484375
              ],
              [
                -82.58442687988281,
                62.474212646484375
              ],
              [
                -82.51844024658203,
                62.4027214050293
              ],
              [
                -82.70499420166016,
                62.4027214050293
              ],
              [
                -82.6390609741211,
                62.331268310546875
              ],
              [
                -82.82548522949219,
                62.331268310546875
              ],
              [
                -82.75959777832031,
                62.259857177734375
              ],
              [
                -82.94588470458984,
                62.259857177734375
              ],
              [
                -82.88005065917969,
                62.18848419189453
              ],
              [
                -83.25236511230469,
                62.18848419189453
              ],
              [
                -83.34545135498047,
                62.18848419189453
              ],
              [
                -83.50475311279297,
                62.259857177734375
              ],
              [
                -83.43852996826172,
                62.18848419189453
              ],
              [
                -83.81084442138672,
                62.18848419189453
              ],
              [
                -84.14517211914062,
                62.54574966430664
              ],
              [
                -83.83868408203125,
                62.61732482910156
              ],
              [
                -83.87995147705078,
                62.76060485839844
              ]
            ]
          ],
          [
            [
              [
                -80.33272552490234,
                63.69612503051758
              ],
              [
                -80.95445251464844,
                63.55171203613281
              ],
              [
                -80.88758087158203,
                63.479576110839844
              ],
              [
                -81.35906219482422,
                63.479576110839844
              ],
              [
                -82.12831115722656,
                63.69612503051758
              ],
              [
                -82.60083770751953,
                63.69612503051758
              ],
              [
                -82.78144836425781,
                63.98548889160156
              ],
              [
                -83.58467864990234,
                64.13044738769531
              ],
              [
                -83.51471710205078,
                64.05794525146484
              ],
              [
                -83.70442962646484,
                64.05794525146484
              ],
              [
                -83.634521484375,
                63.98548889160156
              ],
              [
                -83.72930908203125,
                63.98548889160156
              ],
              [
                -83.709716796875,
                63.768394470214844
              ],
              [
                -83.99343872070312,
                63.768394470214844
              ],
              [
                -83.92389678955078,
                63.69612503051758
              ],
              [
                -84.11290740966797,
                63.69612503051758
              ],
              [
                -84.04342651367188,
                63.623897552490234
              ],
              [
                -84.58995819091797,
                63.4074821472168
              ],
              [
                -84.54572296142578,
                63.263427734375
              ],
              [
                -85.04090118408203,
                63.191463470458984
              ],
              [
                -84.97174835205078,
                63.11954879760742
              ],
              [
                -85.62940979003906,
                63.11954879760742
              ],
              [
                -85.88525390625,
                63.479576110839844
              ],
              [
                -85.74324798583984,
                63.623897552490234
              ],
              [
                -85.8139877319336,
                63.69612503051758
              ],
              [
                -86.57003021240234,
                63.69612503051758
              ],
              [
                -86.49872589111328,
                63.623897552490234
              ],
              [
                -86.78203582763672,
                63.623897552490234
              ],
              [
                -86.71072387695312,
                63.55171203613281
              ],
              [
                -87.18254852294922,
                63.55171203613281
              ],
              [
                -87.42057037353516,
                63.69612503051758
              ],
              [
                -87.28109741210938,
                63.84071350097656
              ],
              [
                -87.35342407226562,
                63.91307830810547
              ],
              [
                -87.16399383544922,
                63.91307830810547
              ],
              [
                -87.23638153076172,
                63.98548889160156
              ],
              [
                -86.33757781982422,
                64.13044738769531
              ],
              [
                -86.65660095214844,
                64.63926696777344
              ],
              [
                -86.44361877441406,
                64.71215057373047
              ],
              [
                -86.47335815429688,
                64.93107604980469
              ],
              [
                -86.37763977050781,
                64.93107604980469
              ],
              [
                -86.45156860351562,
                65.004150390625
              ],
              [
                -86.35576629638672,
                65.004150390625
              ],
              [
                -86.4298324584961,
                65.07727813720703
              ],
              [
                -86.33396911621094,
                65.07727813720703
              ],
              [
                -86.40817260742188,
                65.15044403076172
              ],
              [
                -86.31222534179688,
                65.15044403076172
              ],
              [
                -86.3865737915039,
                65.22367095947266
              ],
              [
                -86.29055786132812,
                65.22367095947266
              ],
              [
                -86.43974304199219,
                65.3702621459961
              ],
              [
                -86.30085754394531,
                65.51705932617188
              ],
              [
                -86.3759994506836,
                65.59053039550781
              ],
              [
                -86.18321228027344,
                65.59053039550781
              ],
              [
                -86.2162857055664,
                65.8112564086914
              ],
              [
                -86.11966705322266,
                65.8112564086914
              ],
              [
                -86.19532775878906,
                65.88493347167969
              ],
              [
                -86.00193786621094,
                65.88493347167969
              ],
              [
                -86.07767486572266,
                65.95866394042969
              ],
              [
                -85.22838592529297,
                65.88493347167969
              ],
              [
                -85.37886810302734,
                66.0324478149414
              ],
              [
                -85.06675720214844,
                66.10628509521484
              ],
              [
                -84.61849212646484,
                65.66405487060547
              ],
              [
                -84.83373260498047,
                65.59053039550781
              ],
              [
                -85.2500991821289,
                65.8112564086914
              ],
              [
                -85.02651977539062,
                65.59053039550781
              ],
              [
                -85.21929931640625,
                65.59053039550781
              ],
              [
                -84.99724578857422,
                65.3702621459961
              ],
              [
                -84.8785629272461,
                65.44363403320312
              ],
              [
                -84.95243072509766,
                65.51705932617188
              ],
              [
                -84.47085571289062,
                65.51705932617188
              ],
              [
                -84.25102233886719,
                65.29694366455078
              ],
              [
                -83.86665344238281,
                65.29694366455078
              ],
              [
                -83.77056121826172,
                65.29694366455078
              ],
              [
                -83.50605010986328,
                65.22367095947266
              ],
              [
                -83.2903060913086,
                65.004150390625
              ],
              [
                -82.05048370361328,
                64.71215057373047
              ],
              [
                -81.59119415283203,
                64.13044738769531
              ],
              [
                -80.83177185058594,
                64.13044738769531
              ],
              [
                -80.43921661376953,
                63.91307830810547
              ],
              [
                -80.33272552490234,
                63.69612503051758
              ]
            ]
          ],
          [
            [
              [
                -79.31765747070312,
                68.27159118652344
              ],
              [
                -79.370849609375,
                68.42272186279297
              ],
              [
                -78.89708709716797,
                68.34712219238281
              ],
              [
                -78.82133483886719,
                68.27159118652344
              ],
              [
                -78.94419860839844,
                68.19611358642578
              ],
              [
                -79.04338073730469,
                68.19611358642578
              ],
              [
                -79.31765747070312,
                68.27159118652344
              ]
            ]
          ],
          [
            [
              [
                -105.02317810058594,
                68.64987182617188
              ],
              [
                -104.52560424804688,
                68.57408905029297
              ],
              [
                -104.4284896850586,
                68.42272186279297
              ],
              [
                -104.92566680908203,
                68.42272186279297
              ],
              [
                -105.22285461425781,
                68.57408905029297
              ],
              [
                -105.12287139892578,
                68.64987182617188
              ],
              [
                -105.02317810058594,
                68.64987182617188
              ]
            ]
          ],
          [
            [
              [
                -78.65132141113281,
                68.49837493896484
              ],
              [
                -78.8503646850586,
                68.49837493896484
              ],
              [
                -79.0803451538086,
                68.7257080078125
              ],
              [
                -78.78101348876953,
                68.7257080078125
              ],
              [
                -78.6279296875,
                68.57408905029297
              ],
              [
                -78.7275390625,
                68.57408905029297
              ],
              [
                -78.65132141113281,
                68.49837493896484
              ]
            ]
          ],
          [
            [
              [
                -101.72724151611328,
                68.8016128540039
              ],
              [
                -101.63362884521484,
                68.64987182617188
              ],
              [
                -102.13209533691406,
                68.64987182617188
              ],
              [
                -102.3264389038086,
                68.8016128540039
              ],
              [
                -102.22657012939453,
                68.8016128540039
              ],
              [
                -102.32418060302734,
                68.87757110595703
              ],
              [
                -101.82441711425781,
                68.87757110595703
              ],
              [
                -101.72724151611328,
                68.8016128540039
              ]
            ]
          ],
          [
            [
              [
                -100.81526184082031,
                69.10584259033203
              ],
              [
                -100.21058654785156,
                69.18205261230469
              ],
              [
                -99.92113494873047,
                68.95359802246094
              ],
              [
                -100.22126007080078,
                68.95359802246094
              ],
              [
                -100.0295181274414,
                68.8016128540039
              ],
              [
                -100.12938690185547,
                68.8016128540039
              ],
              [
                -100.22925567626953,
                68.8016128540039
              ],
              [
                -100.32911682128906,
                68.8016128540039
              ],
              [
                -100.23351287841797,
                68.7257080078125
              ],
              [
                -100.53284454345703,
                68.7257080078125
              ],
              [
                -100.82150268554688,
                68.95359802246094
              ],
              [
                -100.7181625366211,
                69.0296859741211
              ],
              [
                -100.81526184082031,
                69.10584259033203
              ]
            ]
          ],
          [
            [
              [
                -101.20260620117188,
                69.64068603515625
              ],
              [
                -101.0061264038086,
                69.41107940673828
              ],
              [
                -101.3078384399414,
                69.41107940673828
              ],
              [
                -101.5062255859375,
                69.5640869140625
              ],
              [
                -101.40547180175781,
                69.5640869140625
              ],
              [
                -101.50513458251953,
                69.64068603515625
              ],
              [
                -101.20260620117188,
                69.64068603515625
              ]
            ]
          ],
          [
            [
              [
                -86.68626403808594,
                70.17870330810547
              ],
              [
                -86.52404022216797,
                69.9477310180664
              ],
              [
                -87.11810302734375,
                70.024658203125
              ],
              [
                -87.29518127441406,
                70.17870330810547
              ],
              [
                -87.18108367919922,
                70.2558364868164
              ],
              [
                -87.09220886230469,
                70.17870330810547
              ],
              [
                -86.68626403808594,
                70.17870330810547
              ]
            ]
          ],
          [
            [
              [
                -115.22615814208984,
                73.48678588867188
              ],
              [
                -115.43779754638672,
                73.48678588867188
              ],
              [
                -115.30248260498047,
                73.40616607666016
              ],
              [
                -114.112060546875,
                73.32563781738281
              ],
              [
                -113.84769439697266,
                73.1648941040039
              ],
              [
                -113.95305633544922,
                73.1648941040039
              ],
              [
                -113.77193450927734,
                72.92451477050781
              ],
              [
                -113.3760986328125,
                73.00454711914062
              ],
              [
                -113.50615692138672,
                73.08467102050781
              ],
              [
                -112.76939392089844,
                73.08467102050781
              ],
              [
                -111.43952178955078,
                72.84458923339844
              ],
              [
                -111.06331634521484,
                72.6053695678711
              ],
              [
                -110.01741790771484,
                72.6053695678711
              ],
              [
                -110.87486267089844,
                73.08467102050781
              ],
              [
                -109.69621276855469,
                73.00454711914062
              ],
              [
                -109.00764465332031,
                72.76475524902344
              ],
              [
                -108.51969146728516,
                72.44635772705078
              ],
              [
                -108.62406921386719,
                72.44635772705078
              ],
              [
                -108.47274017333984,
                72.20853424072266
              ],
              [
                -108.57679748535156,
                72.20853424072266
              ],
              [
                -108.1049575805664,
                71.8926773071289
              ],
              [
                -108.2085952758789,
                71.8926773071289
              ],
              [
                -108.0794677734375,
                71.73527526855469
              ],
              [
                -107.7691650390625,
                71.73527526855469
              ],
              [
                -107.88494873046875,
                71.81393432617188
              ],
              [
                -107.58676147460938,
                71.8926773071289
              ],
              [
                -107.9671630859375,
                72.2877197265625
              ],
              [
                -107.87801361083984,
                72.36699676513672
              ],
              [
                -108.11827087402344,
                72.52581787109375
              ],
              [
                -108.0137939453125,
                72.52581787109375
              ],
              [
                -108.1517562866211,
                72.68501281738281
              ],
              [
                -108.04705810546875,
                72.68501281738281
              ],
              [
                -108.29198455810547,
                72.84458923339844
              ],
              [
                -108.18706512451172,
                72.84458923339844
              ],
              [
                -108.3687515258789,
                73.1648941040039
              ],
              [
                -108.26338958740234,
                73.1648941040039
              ],
              [
                -108.38919067382812,
                73.2452163696289
              ],
              [
                -108.07275390625,
                73.2452163696289
              ],
              [
                -108.32589721679688,
                73.40616607666016
              ],
              [
                -106.72067260742188,
                73.32563781738281
              ],
              [
                -105.82278442382812,
                73.08467102050781
              ],
              [
                -106.42318725585938,
                73.40616607666016
              ],
              [
                -106.86627960205078,
                73.48678588867188
              ],
              [
                -107.14263153076172,
                73.72928619384766
              ],
              [
                -106.5275650024414,
                73.8103256225586
              ],
              [
                -106.656494140625,
                73.89147186279297
              ],
              [
                -105.03951263427734,
                73.8103256225586
              ],
              [
                -104.4323959350586,
                73.48678588867188
              ],
              [
                -104.53821563720703,
                73.48678588867188
              ],
              [
                -104.39766693115234,
                73.32563781738281
              ],
              [
                -104.8029556274414,
                73.2452163696289
              ],
              [
                -104.6810073852539,
                73.1648941040039
              ],
              [
                -104.89173889160156,
                73.1648941040039
              ],
              [
                -104.77027130126953,
                73.08467102050781
              ],
              [
                -104.98077392578125,
                73.08467102050781
              ],
              [
                -104.85977935791016,
                73.00454711914062
              ],
              [
                -105.15959167480469,
                72.92451477050781
              ],
              [
                -105.03952026367188,
                72.84458923339844
              ],
              [
                -105.35427856445312,
                72.84458923339844
              ],
              [
                -105.2201919555664,
                72.68501281738281
              ],
              [
                -105.32489013671875,
                72.68501281738281
              ],
              [
                -105.08828735351562,
                72.52581787109375
              ],
              [
                -105.17970275878906,
                72.44635772705078
              ],
              [
                -104.94647216796875,
                72.2877197265625
              ],
              [
                -105.0506362915039,
                72.2877197265625
              ],
              [
                -104.92359161376953,
                72.12944030761719
              ],
              [
                -105.02754211425781,
                72.12944030761719
              ],
              [
                -104.79851531982422,
                71.97151184082031
              ],
              [
                -104.90225982666016,
                71.97151184082031
              ],
              [
                -104.2281723022461,
                71.49979400634766
              ],
              [
                -104.331298828125,
                71.49979400634766
              ],
              [
                -104.21366119384766,
                71.34321594238281
              ],
              [
                -104.41951751708984,
                71.34321594238281
              ],
              [
                -104.30970764160156,
                71.26505279541016
              ],
              [
                -104.61133575439453,
                71.18696594238281
              ],
              [
                -103.75917053222656,
                70.7200698852539
              ],
              [
                -103.34687805175781,
                70.64251708984375
              ],
              [
                -103.45272827148438,
                70.7200698852539
              ],
              [
                -103.04413604736328,
                70.7200698852539
              ],
              [
                -102.83364868164062,
                70.5650405883789
              ],
              [
                -102.01284790039062,
                70.3330307006836
              ],
              [
                -101.09720611572266,
                70.17870330810547
              ],
              [
                -100.89488983154297,
                70.024658203125
              ],
              [
                -100.99618530273438,
                70.024658203125
              ],
              [
                -100.79524993896484,
                69.8708724975586
              ],
              [
                -100.8963623046875,
                69.8708724975586
              ],
              [
                -100.79771423339844,
                69.71734619140625
              ],
              [
                -101.20260620117188,
                69.64068603515625
              ],
              [
                -101.50354766845703,
                69.79407501220703
              ],
              [
                -101.60457611083984,
                69.79407501220703
              ],
              [
                -101.50424194335938,
                69.71734619140625
              ],
              [
                -101.90797424316406,
                69.71734619140625
              ],
              [
                -102.21086883544922,
                69.8708724975586
              ],
              [
                -102.51421356201172,
                69.8708724975586
              ],
              [
                -102.41264343261719,
                69.71734619140625
              ],
              [
                -102.61450958251953,
                69.71734619140625
              ],
              [
                -102.51355743408203,
                69.64068603515625
              ],
              [
                -102.6144027709961,
                69.64068603515625
              ],
              [
                -102.01081848144531,
                69.487548828125
              ],
              [
                -101.91258239746094,
                69.33467864990234
              ],
              [
                -102.1135482788086,
                69.33467864990234
              ],
              [
                -101.71944427490234,
                69.0296859741211
              ],
              [
                -102.72399139404297,
                68.87757110595703
              ],
              [
                -102.62603759765625,
                68.8016128540039
              ],
              [
                -103.32371520996094,
                68.87757110595703
              ],
              [
                -103.22522735595703,
                68.8016128540039
              ],
              [
                -103.82442474365234,
                68.8016128540039
              ],
              [
                -104.32291412353516,
                68.95359802246094
              ],
              [
                -105.12286376953125,
                68.87757110595703
              ],
              [
                -105.42520904541016,
                69.10584259033203
              ],
              [
                -106.42948150634766,
                69.18205261230469
              ],
              [
                -106.63815307617188,
                69.41107940673828
              ],
              [
                -106.93986511230469,
                69.41107940673828
              ],
              [
                -106.83621978759766,
                69.33467864990234
              ],
              [
                -107.03718566894531,
                69.33467864990234
              ],
              [
                -106.93375396728516,
                69.25833129882812
              ],
              [
                -107.13453674316406,
                69.25833129882812
              ],
              [
                -107.03130340576172,
                69.18205261230469
              ],
              [
                -107.3293228149414,
                69.10584259033203
              ],
              [
                -107.22649383544922,
                69.0296859741211
              ],
              [
                -108.52461242675781,
                68.95359802246094
              ],
              [
                -108.42131042480469,
                68.87757110595703
              ],
              [
                -108.9175796508789,
                68.8016128540039
              ],
              [
                -108.81450653076172,
                68.7257080078125
              ],
              [
                -109.213623046875,
                68.7257080078125
              ],
              [
                -109.1105728149414,
                68.64987182617188
              ],
              [
                -113.07933807373047,
                68.42272186279297
              ],
              [
                -113.81877136230469,
                68.87757110595703
              ],
              [
                -113.71881866455078,
                68.87757110595703
              ],
              [
                -113.9350814819336,
                69.0296859741211
              ],
              [
                -113.83495330810547,
                69.0296859741211
              ],
              [
                -113.96128845214844,
                69.25833129882812
              ],
              [
                -116.28157806396484,
                69.33467864990234
              ],
              [
                -117.24980163574219,
                69.71734619140625
              ],
              [
                -117.7256088256836,
                70.10164642333984
              ],
              [
                -117.13191223144531,
                70.17870330810547
              ],
              [
                -117.24842834472656,
                70.2558364868164
              ],
              [
                -115.33195495605469,
                70.3330307006836
              ],
              [
                -115.44754028320312,
                70.41029357910156
              ],
              [
                -114.0228042602539,
                70.41029357910156
              ],
              [
                -112.7789535522461,
                70.2558364868164
              ],
              [
                -112.67737579345703,
                70.2558364868164
              ],
              [
                -112.79014587402344,
                70.3330307006836
              ],
              [
                -111.97676086425781,
                70.3330307006836
              ],
              [
                -112.41753387451172,
                70.5650405883789
              ],
              [
                -113.34793090820312,
                70.64251708984375
              ],
              [
                -116.08795928955078,
                70.5650405883789
              ],
              [
                -116.20537567138672,
                70.64251708984375
              ],
              [
                -117.83820343017578,
                70.64251708984375
              ],
              [
                -118.56282806396484,
                71.10896301269531
              ],
              [
                -118.0691146850586,
                71.18696594238281
              ],
              [
                -118.19176483154297,
                71.26505279541016
              ],
              [
                -116.25640106201172,
                71.34321594238281
              ],
              [
                -116.37820434570312,
                71.42146301269531
              ],
              [
                -117.51152801513672,
                71.42146301269531
              ],
              [
                -117.38862609863281,
                71.34321594238281
              ],
              [
                -118.0062026977539,
                71.34321594238281
              ],
              [
                -118.60711669921875,
                71.65669250488281
              ],
              [
                -118.99787139892578,
                71.57820129394531
              ],
              [
                -119.37744903564453,
                71.81393432617188
              ],
              [
                -119.27391815185547,
                71.81393432617188
              ],
              [
                -119.45122528076172,
                72.05043029785156
              ],
              [
                -118.27916717529297,
                72.2877197265625
              ],
              [
                -118.80299377441406,
                72.6053695678711
              ],
              [
                -119.11676025390625,
                72.6053695678711
              ],
              [
                -118.98442077636719,
                72.52581787109375
              ],
              [
                -119.1933822631836,
                72.52581787109375
              ],
              [
                -119.06153869628906,
                72.44635772705078
              ],
              [
                -119.37466430664062,
                72.44635772705078
              ],
              [
                -119.24320983886719,
                72.36699676513672
              ],
              [
                -119.7374267578125,
                72.2877197265625
              ],
              [
                -119.60673522949219,
                72.20853424072266
              ],
              [
                -120.20437622070312,
                72.12944030761719
              ],
              [
                -120.07430267333984,
                72.05043029785156
              ],
              [
                -120.28199768066406,
                72.05043029785156
              ],
              [
                -120.15238952636719,
                71.97151184082031
              ],
              [
                -120.43798828125,
                71.8926773071289
              ],
              [
                -120.26042175292969,
                71.65669250488281
              ],
              [
                -120.54632568359375,
                71.57820129394531
              ],
              [
                -120.41951751708984,
                71.49979400634766
              ],
              [
                -121.94178771972656,
                71.42146301269531
              ],
              [
                -121.81459045410156,
                71.34321594238281
              ],
              [
                -122.20214080810547,
                71.26505279541016
              ],
              [
                -122.07563018798828,
                71.18696594238281
              ],
              [
                -122.38382720947266,
                71.18696594238281
              ],
              [
                -122.25760650634766,
                71.10896301269531
              ],
              [
                -123.283935546875,
                71.10896301269531
              ],
              [
                -123.79631805419922,
                71.42146301269531
              ],
              [
                -123.69328308105469,
                71.42146301269531
              ],
              [
                -123.9803695678711,
                71.65669250488281
              ],
              [
                -125.23576354980469,
                71.97151184082031
              ],
              [
                -125.6507339477539,
                71.97151184082031
              ],
              [
                -125.95414733886719,
                72.20853424072266
              ],
              [
                -125.67464447021484,
                72.2877197265625
              ],
              [
                -125.81208801269531,
                72.36699676513672
              ],
              [
                -125.4992904663086,
                72.36699676513672
              ],
              [
                -125.63715362548828,
                72.44635772705078
              ],
              [
                -125.35783386230469,
                72.52581787109375
              ],
              [
                -125.49676513671875,
                72.6053695678711
              ],
              [
                -125.0082778930664,
                72.68501281738281
              ],
              [
                -125.3250732421875,
                72.92451477050781
              ],
              [
                -125.11502075195312,
                72.92451477050781
              ],
              [
                -125.25689697265625,
                73.00454711914062
              ],
              [
                -124.73119354248047,
                73.00454711914062
              ],
              [
                -125.05461120605469,
                73.2452163696289
              ],
              [
                -124.77677917480469,
                73.32563781738281
              ],
              [
                -124.92171478271484,
                73.40616607666016
              ],
              [
                -124.60459899902344,
                73.40616607666016
              ],
              [
                -124.75006103515625,
                73.48678588867188
              ],
              [
                -124.15484619140625,
                73.56752014160156
              ],
              [
                -124.30126190185547,
                73.64835357666016
              ],
              [
                -123.91773223876953,
                73.72928619384766
              ],
              [
                -124.71083068847656,
                74.2171401977539
              ],
              [
                -124.60393524169922,
                74.2171401977539
              ],
              [
                -124.80409240722656,
                74.38063049316406
              ],
              [
                -124.58981323242188,
                74.38063049316406
              ],
              [
                -124.7446060180664,
                74.46253967285156
              ],
              [
                -124.3155517578125,
                74.46253967285156
              ],
              [
                -124.47087860107422,
                74.54456329345703
              ],
              [
                -121.29423522949219,
                74.62670135498047
              ],
              [
                -119.94137573242188,
                74.298828125
              ],
              [
                -119.29927825927734,
                74.298828125
              ],
              [
                -119.00648498535156,
                74.13555908203125
              ],
              [
                -118.89971923828125,
                74.13555908203125
              ],
              [
                -119.04551696777344,
                74.2171401977539
              ],
              [
                -118.72483825683594,
                74.2171401977539
              ],
              [
                -118.8712158203125,
                74.298828125
              ],
              [
                -118.5501708984375,
                74.298828125
              ],
              [
                -118.69713592529297,
                74.38063049316406
              ],
              [
                -118.58999633789062,
                74.38063049316406
              ],
              [
                -117.84001922607422,
                74.38063049316406
              ],
              [
                -117.01455688476562,
                74.2171401977539
              ],
              [
                -115.53018188476562,
                73.72928619384766
              ],
              [
                -115.25611877441406,
                73.56752014160156
              ],
              [
                -115.36205291748047,
                73.56752014160156
              ],
              [
                -115.22615814208984,
                73.48678588867188
              ]
            ]
          ],
          [
            [
              [
                -96.30427551269531,
                72.36699676513672
              ],
              [
                -96.61708068847656,
                72.36699676513672
              ],
              [
                -96.39962005615234,
                72.12944030761719
              ],
              [
                -96.60286712646484,
                71.97151184082031
              ],
              [
                -96.3924560546875,
                71.81393432617188
              ],
              [
                -97.013671875,
                71.81393432617188
              ],
              [
                -96.90863037109375,
                71.73527526855469
              ],
              [
                -97.52742767333984,
                71.65669250488281
              ],
              [
                -97.4227066040039,
                71.57820129394531
              ],
              [
                -98.2507553100586,
                71.65669250488281
              ],
              [
                -98.04039001464844,
                71.49979400634766
              ],
              [
                -98.14352416992188,
                71.49979400634766
              ],
              [
                -98.03899383544922,
                71.42146301269531
              ],
              [
                -98.34808349609375,
                71.42146301269531
              ],
              [
                -98.2437515258789,
                71.34321594238281
              ],
              [
                -99.2730484008789,
                71.34321594238281
              ],
              [
                -99.59406280517578,
                71.65669250488281
              ],
              [
                -100.77259826660156,
                72.20853424072266
              ],
              [
                -101.6133041381836,
                72.2877197265625
              ],
              [
                -102.05830383300781,
                72.52581787109375
              ],
              [
                -102.59151458740234,
                72.6053695678711
              ],
              [
                -102.941162109375,
                72.84458923339844
              ],
              [
                -102.83624267578125,
                72.84458923339844
              ],
              [
                -102.9672622680664,
                73.00454711914062
              ],
              [
                -102.4547348022461,
                73.08467102050781
              ],
              [
                -102.57372283935547,
                73.1648941040039
              ],
              [
                -102.04690551757812,
                73.1648941040039
              ],
              [
                -101.25184631347656,
                72.76475524902344
              ],
              [
                -100.62299346923828,
                72.76475524902344
              ],
              [
                -100.73788452148438,
                72.84458923339844
              ],
              [
                -100.42312622070312,
                72.84458923339844
              ],
              [
                -100.538330078125,
                72.92451477050781
              ],
              [
                -100.43330383300781,
                72.92451477050781
              ],
              [
                -100.66545867919922,
                73.08467102050781
              ],
              [
                -100.24444580078125,
                73.08467102050781
              ],
              [
                -100.70197296142578,
                73.32563781738281
              ],
              [
                -101.45501708984375,
                73.40616607666016
              ],
              [
                -101.7117691040039,
                73.64835357666016
              ],
              [
                -100.86333465576172,
                73.64835357666016
              ],
              [
                -101.22964477539062,
                73.89147186279297
              ],
              [
                -100.39451599121094,
                73.97272491455078
              ],
              [
                -100.05915069580078,
                73.89147186279297
              ],
              [
                -100.1978988647461,
                74.05409240722656
              ],
              [
                -99.0872802734375,
                73.8103256225586
              ],
              [
                -99.45135498046875,
                74.05409240722656
              ],
              [
                -97.77386474609375,
                74.2171401977539
              ],
              [
                -97.53166961669922,
                74.05409240722656
              ],
              [
                -97.63831329345703,
                74.05409240722656
              ],
              [
                -97.50534057617188,
                73.89147186279297
              ],
              [
                -97.18611145019531,
                73.89147186279297
              ],
              [
                -96.83328247070312,
                73.64835357666016
              ],
              [
                -96.93933868408203,
                73.64835357666016
              ],
              [
                -96.82304382324219,
                73.56752014160156
              ],
              [
                -97.45866394042969,
                73.56752014160156
              ],
              [
                -97.11186981201172,
                73.32563781738281
              ],
              [
                -97.53423309326172,
                73.32563781738281
              ],
              [
                -97.41954040527344,
                73.2452163696289
              ],
              [
                -97.8414535522461,
                73.2452163696289
              ],
              [
                -97.72697448730469,
                73.1648941040039
              ],
              [
                -97.83233642578125,
                73.1648941040039
              ],
              [
                -97.93770599365234,
                73.1648941040039
              ],
              [
                -98.14842987060547,
                73.1648941040039
              ],
              [
                -97.40265655517578,
                73.08467102050781
              ],
              [
                -97.05951690673828,
                72.76475524902344
              ],
              [
                -96.64608001708984,
                72.84458923339844
              ],
              [
                -96.31610107421875,
                72.6053695678711
              ],
              [
                -96.42069244384766,
                72.6053695678711
              ],
              [
                -96.30427551269531,
                72.36699676513672
              ]
            ]
          ],
          [
            [
              [
                -97.20014953613281,
                73.1648941040039
              ],
              [
                -97.09478759765625,
                73.1648941040039
              ],
              [
                -97.20858764648438,
                73.2452163696289
              ],
              [
                -96.78667449951172,
                73.2452163696289
              ],
              [
                -96.44221496582031,
                72.92451477050781
              ],
              [
                -97.0723876953125,
                72.92451477050781
              ],
              [
                -97.3055191040039,
                73.1648941040039
              ],
              [
                -97.20014953613281,
                73.1648941040039
              ]
            ]
          ],
          [
            [
              [
                -96.28040313720703,
                75.28799438476562
              ],
              [
                -96.4099349975586,
                75.3711929321289
              ],
              [
                -96.10501098632812,
                75.45452117919922
              ],
              [
                -96.49978637695312,
                75.70527648925781
              ],
              [
                -95.4944839477539,
                75.6215591430664
              ],
              [
                -95.62583923339844,
                75.70527648925781
              ],
              [
                -94.53340148925781,
                75.70527648925781
              ],
              [
                -94.05638885498047,
                75.53797912597656
              ],
              [
                -93.42489624023438,
                75.12195587158203
              ],
              [
                -93.53319549560547,
                75.12195587158203
              ],
              [
                -93.40930938720703,
                75.03912353515625
              ],
              [
                -93.51747131347656,
                75.03912353515625
              ],
              [
                -93.39430236816406,
                74.95640563964844
              ],
              [
                -93.50233459472656,
                74.95640563964844
              ],
              [
                -93.35273742675781,
                74.70895385742188
              ],
              [
                -93.56802368164062,
                74.70895385742188
              ],
              [
                -93.67566680908203,
                74.70895385742188
              ],
              [
                -93.55503845214844,
                74.62670135498047
              ],
              [
                -94.5226821899414,
                74.62670135498047
              ],
              [
                -95.73699951171875,
                74.79132080078125
              ],
              [
                -96.65416717529297,
                75.03912353515625
              ],
              [
                -96.80229949951172,
                75.20491790771484
              ],
              [
                -96.28040313720703,
                75.28799438476562
              ]
            ]
          ],
          [
            [
              [
                -104.77946472167969,
                75.3711929321289
              ],
              [
                -104.92031860351562,
                75.45452117919922
              ],
              [
                -104.59382629394531,
                75.45452117919922
              ],
              [
                -104.7352066040039,
                75.53797912597656
              ],
              [
                -104.4083023071289,
                75.53797912597656
              ],
              [
                -104.29933166503906,
                75.53797912597656
              ],
              [
                -103.80120849609375,
                75.3711929321289
              ],
              [
                -103.60452270507812,
                75.12195587158203
              ],
              [
                -103.82110595703125,
                75.12195587158203
              ],
              [
                -103.6846923828125,
                75.03912353515625
              ],
              [
                -104.65814971923828,
                75.03912353515625
              ],
              [
                -105.07380676269531,
                75.28799438476562
              ],
              [
                -104.77946472167969,
                75.3711929321289
              ]
            ]
          ],
          [
            [
              [
                -105.57330322265625,
                75.45452117919922
              ],
              [
                -105.431640625,
                75.3711929321289
              ],
              [
                -105.72516632080078,
                75.28799438476562
              ],
              [
                -105.5848617553711,
                75.20491790771484
              ],
              [
                -106.09527587890625,
                75.12195587158203
              ],
              [
                -105.95609283447266,
                75.03912353515625
              ],
              [
                -106.8981704711914,
                74.95640563964844
              ],
              [
                -106.75959014892578,
                74.8738021850586
              ],
              [
                -109.41727447509766,
                75.03912353515625
              ],
              [
                -109.27484893798828,
                74.95640563964844
              ],
              [
                -110.32032012939453,
                74.8738021850586
              ],
              [
                -110.17842102050781,
                74.79132080078125
              ],
              [
                -110.89864349365234,
                74.70895385742188
              ],
              [
                -110.75763702392578,
                74.62670135498047
              ],
              [
                -111.29521942138672,
                74.62670135498047
              ],
              [
                -111.15453338623047,
                74.54456329345703
              ],
              [
                -111.69148254394531,
                74.54456329345703
              ],
              [
                -111.55110168457031,
                74.46253967285156
              ],
              [
                -112.08741760253906,
                74.46253967285156
              ],
              [
                -111.94734191894531,
                74.38063049316406
              ],
              [
                -113.44729614257812,
                74.38063049316406
              ],
              [
                -114.41319274902344,
                74.62670135498047
              ],
              [
                -114.70484161376953,
                74.79132080078125
              ],
              [
                -113.98895263671875,
                74.8738021850586
              ],
              [
                -114.13624572753906,
                74.95640563964844
              ],
              [
                -113.2719955444336,
                74.95640563964844
              ],
              [
                -114.41000366210938,
                75.28799438476562
              ],
              [
                -114.51856231689453,
                75.28799438476562
              ],
              [
                -114.28456115722656,
                75.03912353515625
              ],
              [
                -114.71720886230469,
                75.03912353515625
              ],
              [
                -114.56836700439453,
                74.95640563964844
              ],
              [
                -115.62513732910156,
                75.12195587158203
              ],
              [
                -115.4326171875,
                74.95640563964844
              ],
              [
                -115.75670623779297,
                74.95640563964844
              ],
              [
                -116.42753601074219,
                75.20491790771484
              ],
              [
                -116.53595733642578,
                75.20491790771484
              ],
              [
                -116.38319396972656,
                75.12195587158203
              ],
              [
                -117.24954223632812,
                75.12195587158203
              ],
              [
                -117.82289123535156,
                75.3711929321289
              ],
              [
                -117.60550689697266,
                75.3711929321289
              ],
              [
                -117.76236724853516,
                75.45452117919922
              ],
              [
                -117.32704162597656,
                75.45452117919922
              ],
              [
                -117.48440551757812,
                75.53797912597656
              ],
              [
                -117.04853820800781,
                75.53797912597656
              ],
              [
                -117.41588592529297,
                75.78911590576172
              ],
              [
                -116.48150634765625,
                75.87310028076172
              ],
              [
                -116.80351257324219,
                76.04146575927734
              ],
              [
                -116.69371032714844,
                76.04146575927734
              ],
              [
                -116.85611724853516,
                76.1258544921875
              ],
              [
                -116.63621520996094,
                76.1258544921875
              ],
              [
                -116.79936218261719,
                76.21038818359375
              ],
              [
                -115.97138214111328,
                76.29505920410156
              ],
              [
                -116.18964385986328,
                76.46484375
              ],
              [
                -115.58065032958984,
                76.5499496459961
              ],
              [
                -115.74639129638672,
                76.63520812988281
              ],
              [
                -114.74893188476562,
                76.63520812988281
              ],
              [
                -113.87683868408203,
                76.29505920410156
              ],
              [
                -112.88468170166016,
                76.29505920410156
              ],
              [
                -111.70708465576172,
                75.95721435546875
              ],
              [
                -111.20561981201172,
                75.6215591430664
              ],
              [
                -109.02352142333984,
                75.6215591430664
              ],
              [
                -109.212158203125,
                75.78911590576172
              ],
              [
                -109.5403060913086,
                75.78911590576172
              ],
              [
                -110.10528564453125,
                76.04146575927734
              ],
              [
                -109.48945617675781,
                76.1258544921875
              ],
              [
                -110.08361053466797,
                76.21038818359375
              ],
              [
                -110.60005187988281,
                76.5499496459961
              ],
              [
                -109.93596649169922,
                76.5499496459961
              ],
              [
                -110.09412384033203,
                76.63520812988281
              ],
              [
                -109.76163482666016,
                76.63520812988281
              ],
              [
                -109.92029571533203,
                76.72061920166016
              ],
              [
                -109.69833374023438,
                76.72061920166016
              ],
              [
                -109.85765075683594,
                76.8061752319336
              ],
              [
                -109.52426147460938,
                76.8061752319336
              ],
              [
                -109.68406677246094,
                76.89189147949219
              ],
              [
                -108.7938232421875,
                76.89189147949219
              ],
              [
                -108.32086181640625,
                76.63520812988281
              ],
              [
                -108.43168640136719,
                76.63520812988281
              ],
              [
                -108.27576446533203,
                76.5499496459961
              ],
              [
                -108.49713134765625,
                76.5499496459961
              ],
              [
                -107.9918212890625,
                76.21038818359375
              ],
              [
                -108.32210540771484,
                76.21038818359375
              ],
              [
                -107.7591552734375,
                75.95721435546875
              ],
              [
                -106.95297241210938,
                75.87310028076172
              ],
              [
                -107.1405029296875,
                76.04146575927734
              ],
              [
                -106.81108093261719,
                76.04146575927734
              ],
              [
                -106.96060180664062,
                76.1258544921875
              ],
              [
                -106.85064697265625,
                76.1258544921875
              ],
              [
                -105.7130126953125,
                76.04146575927734
              ],
              [
                -105.41963958740234,
                75.87310028076172
              ],
              [
                -105.52916717529297,
                75.87310028076172
              ],
              [
                -105.31394958496094,
                75.6215591430664
              ],
              [
                -105.53215789794922,
                75.6215591430664
              ],
              [
                -105.35563659667969,
                75.45452117919922
              ],
              [
                -105.57330322265625,
                75.45452117919922
              ]
            ]
          ],
          [
            [
              [
                -94.22667694091797,
                75.78911590576172
              ],
              [
                -94.53340148925781,
                75.70527648925781
              ],
              [
                -95.06172943115234,
                76.04146575927734
              ],
              [
                -94.4897232055664,
                75.95721435546875
              ],
              [
                -94.35778045654297,
                75.87310028076172
              ],
              [
                -94.22667694091797,
                75.78911590576172
              ]
            ]
          ],
          [
            [
              [
                -118.1755142211914,
                76.1258544921875
              ],
              [
                -118.34068298339844,
                76.21038818359375
              ],
              [
                -117.79021453857422,
                76.21038818359375
              ],
              [
                -117.4096450805664,
                75.95721435546875
              ],
              [
                -117.68626403808594,
                75.87310028076172
              ],
              [
                -117.5252685546875,
                75.78911590576172
              ],
              [
                -118.13002014160156,
                75.70527648925781
              ],
              [
                -117.97013854980469,
                75.6215591430664
              ],
              [
                -118.40655517578125,
                75.6215591430664
              ],
              [
                -118.24717712402344,
                75.53797912597656
              ],
              [
                -119.22789001464844,
                75.53797912597656
              ],
              [
                -119.55018615722656,
                75.70527648925781
              ],
              [
                -119.4409408569336,
                75.70527648925781
              ],
              [
                -119.60354614257812,
                75.78911590576172
              ],
              [
                -119.38478088378906,
                75.78911590576172
              ],
              [
                -119.54816436767578,
                75.87310028076172
              ],
              [
                -119.21958923339844,
                75.87310028076172
              ],
              [
                -119.38361358642578,
                75.95721435546875
              ],
              [
                -118.72562408447266,
                75.95721435546875
              ],
              [
                -118.88984680175781,
                76.04146575927734
              ],
              [
                -118.1755142211914,
                76.1258544921875
              ]
            ]
          ],
          [
            [
              [
                -97.21644592285156,
                75.53797912597656
              ],
              [
                -97.51981353759766,
                75.45452117919922
              ],
              [
                -97.87024688720703,
                75.53797912597656
              ],
              [
                -97.73747253417969,
                75.45452117919922
              ],
              [
                -97.95513916015625,
                75.45452117919922
              ],
              [
                -97.5400619506836,
                75.12195587158203
              ],
              [
                -99.8990249633789,
                75.03912353515625
              ],
              [
                -99.76812744140625,
                74.95640563964844
              ],
              [
                -99.98418426513672,
                74.95640563964844
              ],
              [
                -100.73138427734375,
                75.28799438476562
              ],
              [
                -100.5142593383789,
                75.28799438476562
              ],
              [
                -100.81237030029297,
                75.53797912597656
              ],
              [
                -100.26753234863281,
                75.53797912597656
              ],
              [
                -100.40421295166016,
                75.6215591430664
              ],
              [
                -102.66482543945312,
                75.53797912597656
              ],
              [
                -103.8462905883789,
                76.04146575927734
              ],
              [
                -104.2855224609375,
                76.04146575927734
              ],
              [
                -104.57889556884766,
                76.21038818359375
              ],
              [
                -104.46880340576172,
                76.21038818359375
              ],
              [
                -104.61673736572266,
                76.29505920410156
              ],
              [
                -104.39625549316406,
                76.29505920410156
              ],
              [
                -104.69429016113281,
                76.46484375
              ],
              [
                -104.5837631225586,
                76.46484375
              ],
              [
                -104.8152847290039,
                76.72061920166016
              ],
              [
                -103.44438934326172,
                76.63520812988281
              ],
              [
                -102.77864837646484,
                76.37987518310547
              ],
              [
                -102.45264434814453,
                76.1258544921875
              ],
              [
                -101.69584655761719,
                75.87310028076172
              ],
              [
                -101.47679901123047,
                75.87310028076172
              ],
              [
                -102.37311553955078,
                76.46484375
              ],
              [
                -101.63496398925781,
                76.5499496459961
              ],
              [
                -99.97295379638672,
                75.95721435546875
              ],
              [
                -100.46055603027344,
                76.37987518310547
              ],
              [
                -100.79171752929688,
                76.37987518310547
              ],
              [
                -101.52296447753906,
                76.8061752319336
              ],
              [
                -101.1895751953125,
                76.8061752319336
              ],
              [
                -100.89532470703125,
                76.63520812988281
              ],
              [
                -100.78450012207031,
                76.63520812988281
              ],
              [
                -100.93103790283203,
                76.72061920166016
              ],
              [
                -99.9322280883789,
                76.72061920166016
              ],
              [
                -99.20000457763672,
                76.5499496459961
              ],
              [
                -99.08932495117188,
                76.5499496459961
              ],
              [
                -99.266357421875,
                76.72061920166016
              ],
              [
                -98.37852478027344,
                76.72061920166016
              ],
              [
                -97.59053802490234,
                76.37987518310547
              ],
              [
                -97.700927734375,
                76.37987518310547
              ],
              [
                -97.56141662597656,
                76.29505920410156
              ],
              [
                -97.36767578125,
                76.04146575927734
              ],
              [
                -97.58729553222656,
                76.04146575927734
              ],
              [
                -97.42443084716797,
                75.87310028076172
              ],
              [
                -97.64347839355469,
                75.87310028076172
              ],
              [
                -97.50817108154297,
                75.78911590576172
              ],
              [
                -97.6175537109375,
                75.78911590576172
              ],
              [
                -97.21644592285156,
                75.53797912597656
              ]
            ]
          ],
          [
            [
              [
                -78.91497802734375,
                75.87310028076172
              ],
              [
                -79.46259307861328,
                75.87310028076172
              ],
              [
                -79.69296264648438,
                76.1258544921875
              ],
              [
                -79.5830078125,
                76.1258544921875
              ],
              [
                -79.47306060791016,
                76.1258544921875
              ],
              [
                -79.58749389648438,
                76.21038818359375
              ],
              [
                -79.1471176147461,
                76.21038818359375
              ],
              [
                -78.92010498046875,
                76.04146575927734
              ],
              [
                -79.02991485595703,
                76.04146575927734
              ],
              [
                -78.91497802734375,
                75.87310028076172
              ]
            ]
          ],
          [
            [
              [
                -117.73521423339844,
                76.29505920410156
              ],
              [
                -118.34765625,
                76.5499496459961
              ],
              [
                -118.90105438232422,
                76.5499496459961
              ],
              [
                -118.50688934326172,
                76.29505920410156
              ],
              [
                -118.94784545898438,
                76.29505920410156
              ],
              [
                -118.78105926513672,
                76.21038818359375
              ],
              [
                -119.00125122070312,
                76.21038818359375
              ],
              [
                -118.83522033691406,
                76.1258544921875
              ],
              [
                -119.27501678466797,
                76.1258544921875
              ],
              [
                -119.71952056884766,
                76.29505920410156
              ],
              [
                -119.38361358642578,
                75.95721435546875
              ],
              [
                -119.71260833740234,
                75.95721435546875
              ],
              [
                -119.54816436767578,
                75.87310028076172
              ],
              [
                -120.31482696533203,
                75.87310028076172
              ],
              [
                -120.81432342529297,
                76.1258544921875
              ],
              [
                -121.03421783447266,
                76.1258544921875
              ],
              [
                -120.86637115478516,
                76.04146575927734
              ],
              [
                -121.08598327636719,
                76.04146575927734
              ],
              [
                -120.69737243652344,
                75.78911590576172
              ],
              [
                -121.63502502441406,
                76.04146575927734
              ],
              [
                -122.4542236328125,
                75.95721435546875
              ],
              [
                -122.96464538574219,
                76.21038818359375
              ],
              [
                -122.74445343017578,
                76.21038818359375
              ],
              [
                -123.08954620361328,
                76.37987518310547
              ],
              [
                -122.26891326904297,
                76.46484375
              ],
              [
                -122.44281768798828,
                76.5499496459961
              ],
              [
                -121.44669342041016,
                76.5499496459961
              ],
              [
                -121.62031555175781,
                76.63520812988281
              ],
              [
                -121.1291275024414,
                76.72061920166016
              ],
              [
                -121.30394744873047,
                76.8061752319336
              ],
              [
                -120.85942840576172,
                76.8061752319336
              ],
              [
                -121.0346908569336,
                76.89189147949219
              ],
              [
                -120.20809173583984,
                76.9777603149414
              ],
              [
                -120.38404083251953,
                77.06378936767578
              ],
              [
                -119.93769836425781,
                77.06378936767578
              ],
              [
                -120.11405944824219,
                77.14997863769531
              ],
              [
                -119.50816345214844,
                77.23632049560547
              ],
              [
                -119.68546295166016,
                77.32283020019531
              ],
              [
                -119.23725128173828,
                77.32283020019531
              ],
              [
                -119.41493225097656,
                77.40950012207031
              ],
              [
                -116.94633483886719,
                77.40950012207031
              ],
              [
                -117.29771423339844,
                77.58334350585938
              ],
              [
                -116.05992889404297,
                77.58334350585938
              ],
              [
                -115.25611877441406,
                77.23632049560547
              ],
              [
                -116.31487274169922,
                77.14997863769531
              ],
              [
                -115.69322204589844,
                76.89189147949219
              ],
              [
                -116.13834381103516,
                76.89189147949219
              ],
              [
                -115.74639129638672,
                76.63520812988281
              ],
              [
                -115.85722351074219,
                76.63520812988281
              ],
              [
                -115.96804809570312,
                76.63520812988281
              ],
              [
                -116.18970489501953,
                76.63520812988281
              ],
              [
                -116.02336883544922,
                76.5499496459961
              ],
              [
                -117.01949310302734,
                76.5499496459961
              ],
              [
                -116.85283660888672,
                76.46484375
              ],
              [
                -117.12873840332031,
                76.37987518310547
              ],
              [
                -116.96353912353516,
                76.29505920410156
              ],
              [
                -117.73521423339844,
                76.29505920410156
              ]
            ]
          ],
          [
            [
              [
                -114.58139038085938,
                76.72061920166016
              ],
              [
                -114.97073364257812,
                76.9777603149414
              ],
              [
                -113.85640716552734,
                76.9777603149414
              ],
              [
                -113.52490997314453,
                76.8061752319336
              ],
              [
                -113.63603973388672,
                76.8061752319336
              ],
              [
                -113.47160339355469,
                76.72061920166016
              ],
              [
                -114.58139038085938,
                76.72061920166016
              ]
            ]
          ],
          [
            [
              [
                -91.41680145263672,
                77.58334350585938
              ],
              [
                -91.1917495727539,
                77.58334350585938
              ],
              [
                -91.33184814453125,
                77.67052459716797
              ],
              [
                -91.10648345947266,
                77.67052459716797
              ],
              [
                -91.24702453613281,
                77.75786590576172
              ],
              [
                -91.1341781616211,
                77.75786590576172
              ],
              [
                -91.02133178710938,
                77.75786590576172
              ],
              [
                -90.09231567382812,
                77.67052459716797
              ],
              [
                -89.54347229003906,
                77.32283020019531
              ],
              [
                -89.76757049560547,
                77.32283020019531
              ],
              [
                -89.63195037841797,
                77.23632049560547
              ],
              [
                -90.86280822753906,
                77.23632049560547
              ],
              [
                -91.41680145263672,
                77.58334350585938
              ]
            ]
          ],
          [
            [
              [
                -105.74027252197266,
                77.84538269042969
              ],
              [
                -105.57846069335938,
                77.75786590576172
              ],
              [
                -105.35276794433594,
                77.75786590576172
              ],
              [
                -104.1351318359375,
                77.14997863769531
              ],
              [
                -105.14080047607422,
                77.14997863769531
              ],
              [
                -105.88484191894531,
                77.49634552001953
              ],
              [
                -105.77247619628906,
                77.49634552001953
              ],
              [
                -106.30530548095703,
                77.84538269042969
              ],
              [
                -105.74027252197266,
                77.84538269042969
              ]
            ]
          ],
          [
            [
              [
                -113.1541976928711,
                78.1089859008789
              ],
              [
                -109.91964721679688,
                78.19720458984375
              ],
              [
                -109.41120910644531,
                77.93307495117188
              ],
              [
                -110.76924133300781,
                77.93307495117188
              ],
              [
                -110.09230041503906,
                77.75786590576172
              ],
              [
                -109.87101745605469,
                77.58334350585938
              ],
              [
                -110.15478515625,
                77.49634552001953
              ],
              [
                -110.26715087890625,
                77.49634552001953
              ],
              [
                -110.3795166015625,
                77.49634552001953
              ],
              [
                -110.21379089355469,
                77.40950012207031
              ],
              [
                -112.29003143310547,
                77.32283020019531
              ],
              [
                -113.07632446289062,
                77.49634552001953
              ],
              [
                -113.71165466308594,
                77.93307495117188
              ],
              [
                -112.97978973388672,
                78.02094268798828
              ],
              [
                -113.1541976928711,
                78.1089859008789
              ]
            ]
          ],
          [
            [
              [
                -101.87316131591797,
                78.02094268798828
              ],
              [
                -101.10696411132812,
                77.84538269042969
              ],
              [
                -100.91011047363281,
                77.67052459716797
              ],
              [
                -102.26233673095703,
                77.67052459716797
              ],
              [
                -102.77982330322266,
                78.02094268798828
              ],
              [
                -101.98648834228516,
                78.02094268798828
              ],
              [
                -101.87316131591797,
                78.02094268798828
              ]
            ]
          ],
          [
            [
              [
                -93.21720886230469,
                77.58334350585938
              ],
              [
                -93.07501220703125,
                77.49634552001953
              ],
              [
                -95.73883056640625,
                77.40950012207031
              ],
              [
                -96.55078887939453,
                77.75786590576172
              ],
              [
                -96.3250961303711,
                77.75786590576172
              ],
              [
                -96.47366333007812,
                77.84538269042969
              ],
              [
                -96.88932037353516,
                77.75786590576172
              ],
              [
                -97.5665054321289,
                78.02094268798828
              ],
              [
                -98.49077606201172,
                78.55191802978516
              ],
              [
                -98.3764419555664,
                78.55191802978516
              ],
              [
                -98.53302764892578,
                78.64105987548828
              ],
              [
                -98.30403137207031,
                78.64105987548828
              ],
              [
                -98.50395202636719,
                78.81990814208984
              ],
              [
                -98.2742691040039,
                78.81990814208984
              ],
              [
                -98.43225860595703,
                78.90962219238281
              ],
              [
                -97.39714813232422,
                78.90962219238281
              ],
              [
                -96.39698028564453,
                78.73038482666016
              ],
              [
                -96.08983612060547,
                78.55191802978516
              ],
              [
                -95.1751937866211,
                78.55191802978516
              ],
              [
                -94.61029052734375,
                78.28560638427734
              ],
              [
                -95.17942810058594,
                78.28560638427734
              ],
              [
                -94.7331771850586,
                78.02094268798828
              ],
              [
                -94.84651184082031,
                78.02094268798828
              ],
              [
                -94.95984649658203,
                78.02094268798828
              ],
              [
                -94.81230926513672,
                77.93307495117188
              ],
              [
                -96.28351593017578,
                77.93307495117188
              ],
              [
                -96.13463592529297,
                77.84538269042969
              ],
              [
                -93.30945587158203,
                77.84538269042969
              ],
              [
                -92.99215698242188,
                77.58334350585938
              ],
              [
                -93.21720886230469,
                77.58334350585938
              ]
            ]
          ],
          [
            [
              [
                -110.21768951416016,
                78.81990814208984
              ],
              [
                -109.52499389648438,
                78.64105987548828
              ],
              [
                -109.123046875,
                78.37419128417969
              ],
              [
                -109.35103607177734,
                78.37419128417969
              ],
              [
                -109.18025970458984,
                78.28560638427734
              ],
              [
                -110.88768005371094,
                78.28560638427734
              ],
              [
                -111.2889404296875,
                78.37419128417969
              ],
              [
                -111.1153335571289,
                78.28560638427734
              ],
              [
                -111.22916412353516,
                78.28560638427734
              ],
              [
                -112.54288482666016,
                78.37419128417969
              ],
              [
                -112.36743927001953,
                78.28560638427734
              ],
              [
                -112.93657684326172,
                78.28560638427734
              ],
              [
                -113.3537368774414,
                78.55191802978516
              ],
              [
                -111.18936920166016,
                78.73038482666016
              ],
              [
                -111.36609649658203,
                78.81990814208984
              ],
              [
                -110.21768951416016,
                78.81990814208984
              ]
            ]
          ],
          [
            [
              [
                -98.92649841308594,
                78.02094268798828
              ],
              [
                -99.03983306884766,
                78.02094268798828
              ],
              [
                -98.84681701660156,
                77.84538269042969
              ],
              [
                -99.93616485595703,
                77.75786590576172
              ],
              [
                -100.69713592529297,
                77.93307495117188
              ],
              [
                -101.05400848388672,
                78.19720458984375
              ],
              [
                -101.55379486083984,
                78.28560638427734
              ],
              [
                -102.96733856201172,
                78.37419128417969
              ],
              [
                -102.80590057373047,
                78.28560638427734
              ],
              [
                -104.62714385986328,
                78.28560638427734
              ],
              [
                -105.28851318359375,
                78.64105987548828
              ],
              [
                -103.91451263427734,
                78.64105987548828
              ],
              [
                -103.6356430053711,
                78.55191802978516
              ],
              [
                -104.18287658691406,
                78.90962219238281
              ],
              [
                -105.15652465820312,
                78.99952697753906
              ],
              [
                -105.78255462646484,
                79.27043151855469
              ],
              [
                -105.55113983154297,
                79.27043151855469
              ],
              [
                -105.72259521484375,
                79.36112976074219
              ],
              [
                -105.25906372070312,
                79.36112976074219
              ],
              [
                -105.43055725097656,
                79.4520263671875
              ],
              [
                -103.45755004882812,
                79.4520263671875
              ],
              [
                -102.55726623535156,
                79.08963012695312
              ],
              [
                -101.79894256591797,
                79.179931640625
              ],
              [
                -101.288330078125,
                79.08963012695312
              ],
              [
                -100.96253204345703,
                78.90962219238281
              ],
              [
                -100.61749267578125,
                78.90962219238281
              ],
              [
                -100.50247955322266,
                78.90962219238281
              ],
              [
                -100.27245330810547,
                78.90962219238281
              ],
              [
                -99.51974487304688,
                78.55191802978516
              ],
              [
                -99.63407897949219,
                78.55191802978516
              ],
              [
                -99.47640991210938,
                78.46295928955078
              ],
              [
                -99.7047348022461,
                78.46295928955078
              ],
              [
                -98.92649841308594,
                78.02094268798828
              ]
            ]
          ],
          [
            [
              [
                -66.25432586669922,
                83.01161193847656
              ],
              [
                -65.9856185913086,
                82.78743743896484
              ],
              [
                -64.3982925415039,
                82.8989486694336
              ],
              [
                -64.26778411865234,
                82.78743743896484
              ],
              [
                -63.89967346191406,
                82.78743743896484
              ],
              [
                -64.02951049804688,
                82.8989486694336
              ],
              [
                -63.41486358642578,
                82.8989486694336
              ],
              [
                -63.15873336791992,
                82.67704772949219
              ],
              [
                -62.91377639770508,
                82.67704772949219
              ],
              [
                -62.54148864746094,
                82.4594955444336
              ],
              [
                -62.41944885253906,
                82.4594955444336
              ],
              [
                -62.54352569580078,
                82.56774139404297
              ],
              [
                -61.32094192504883,
                82.56774139404297
              ],
              [
                -60.95497131347656,
                82.4594955444336
              ],
              [
                -60.71883010864258,
                82.14076232910156
              ],
              [
                -61.0830192565918,
                82.14076232910156
              ],
              [
                -60.965171813964844,
                82.03641510009766
              ],
              [
                -61.57110595703125,
                82.03641510009766
              ],
              [
                -61.45326232910156,
                81.9329605102539
              ],
              [
                -62.17913055419922,
                81.9329605102539
              ],
              [
                -62.061073303222656,
                81.83036804199219
              ],
              [
                -64.59649658203125,
                81.72859954833984
              ],
              [
                -64.47595977783203,
                81.62763214111328
              ],
              [
                -64.59632110595703,
                81.62763214111328
              ],
              [
                -64.12008666992188,
                81.32919311523438
              ],
              [
                -64.59915161132812,
                81.32919311523438
              ],
              [
                -64.48155212402344,
                81.23108673095703
              ],
              [
                -65.55767822265625,
                81.23108673095703
              ],
              [
                -65.43917846679688,
                81.13362121582031
              ],
              [
                -66.15543365478516,
                81.13362121582031
              ],
              [
                -66.03660583496094,
                81.03675842285156
              ],
              [
                -67.10848236083984,
                80.94046783447266
              ],
              [
                -66.98932647705078,
                80.84471130371094
              ],
              [
                -67.7021255493164,
                80.84471130371094
              ],
              [
                -67.58258819580078,
                80.74945831298828
              ],
              [
                -68.1756362915039,
                80.74945831298828
              ],
              [
                -68.05587768554688,
                80.65467834472656
              ],
              [
                -68.52957153320312,
                80.65467834472656
              ],
              [
                -68.40975189208984,
                80.56034851074219
              ],
              [
                -69.11695098876953,
                80.46641540527344
              ],
              [
                -68.99712371826172,
                80.37286376953125
              ],
              [
                -70.05790710449219,
                80.37286376953125
              ],
              [
                -69.81671905517578,
                80.186767578125
              ],
              [
                -70.99169158935547,
                80.186767578125
              ],
              [
                -70.74532318115234,
                79.90962982177734
              ],
              [
                -71.09618377685547,
                79.90962982177734
              ],
              [
                -70.97152709960938,
                79.72595977783203
              ],
              [
                -71.55448913574219,
                79.72595977783203
              ],
              [
                -71.43352508544922,
                79.63444519042969
              ],
              [
                -72.59766387939453,
                79.63444519042969
              ],
              [
                -73.1939926147461,
                79.81768798828125
              ],
              [
                -72.94036865234375,
                79.54313659667969
              ],
              [
                -74.79093170166016,
                79.4520263671875
              ],
              [
                -74.28700256347656,
                78.99952697753906
              ],
              [
                -74.97811126708984,
                78.99952697753906
              ],
              [
                -74.49506378173828,
                78.73038482666016
              ],
              [
                -74.72440338134766,
                78.73038482666016
              ],
              [
                -74.59571075439453,
                78.55191802978516
              ],
              [
                -75.39602661132812,
                78.55191802978516
              ],
              [
                -74.9180679321289,
                78.28560638427734
              ],
              [
                -75.25955200195312,
                78.28560638427734
              ],
              [
                -75.1390609741211,
                78.19720458984375
              ],
              [
                -76.38934326171875,
                78.19720458984375
              ],
              [
                -76.14656829833984,
                78.02094268798828
              ],
              [
                -76.48656463623047,
                78.02094268798828
              ],
              [
                -76.36563110351562,
                77.93307495117188
              ],
              [
                -78.17634582519531,
                77.93307495117188
              ],
              [
                -77.68866729736328,
                77.58334350585938
              ],
              [
                -78.01785278320312,
                77.49634552001953
              ],
              [
                -77.89759826660156,
                77.40950012207031
              ],
              [
                -78.23422241210938,
                77.40950012207031
              ],
              [
                -78.11416625976562,
                77.32283020019531
              ],
              [
                -79.23468017578125,
                77.32283020019531
              ],
              [
                -78.99346160888672,
                77.14997863769531
              ],
              [
                -79.1052017211914,
                77.14997863769531
              ],
              [
                -78.98546600341797,
                77.06378936767578
              ],
              [
                -79.20863342285156,
                77.06378936767578
              ],
              [
                -79.08927917480469,
                76.9777603149414
              ],
              [
                -77.98118591308594,
                77.06378936767578
              ],
              [
                -77.63020324707031,
                76.8061752319336
              ],
              [
                -77.7413330078125,
                76.8061752319336
              ],
              [
                -77.62554931640625,
                76.72061920166016
              ],
              [
                -77.84750366210938,
                76.72061920166016
              ],
              [
                -77.73210144042969,
                76.63520812988281
              ],
              [
                -77.9537582397461,
                76.63520812988281
              ],
              [
                -77.83875274658203,
                76.5499496459961
              ],
              [
                -78.06011199951172,
                76.5499496459961
              ],
              [
                -77.94549560546875,
                76.46484375
              ],
              [
                -79.05622863769531,
                76.5499496459961
              ],
              [
                -78.9402847290039,
                76.46484375
              ],
              [
                -79.2665786743164,
                76.37987518310547
              ],
              [
                -79.15145111083984,
                76.29505920410156
              ],
              [
                -80.14360046386719,
                76.29505920410156
              ],
              [
                -80.02787780761719,
                76.21038818359375
              ],
              [
                -80.79853057861328,
                76.21038818359375
              ],
              [
                -80.68251037597656,
                76.1258544921875
              ],
              [
                -80.90241241455078,
                76.1258544921875
              ],
              [
                -81.13575744628906,
                76.29505920410156
              ],
              [
                -81.02552032470703,
                76.29505920410156
              ],
              [
                -81.14312744140625,
                76.37987518310547
              ],
              [
                -80.92235565185547,
                76.37987518310547
              ],
              [
                -81.04039764404297,
                76.46484375
              ],
              [
                -81.60187530517578,
                76.5499496459961
              ],
              [
                -81.4825210571289,
                76.46484375
              ],
              [
                -81.92465209960938,
                76.46484375
              ],
              [
                -82.16525268554688,
                76.63520812988281
              ],
              [
                -82.27608489990234,
                76.63520812988281
              ],
              [
                -82.03518676757812,
                76.46484375
              ],
              [
                -82.2562484741211,
                76.46484375
              ],
              [
                -82.1365966796875,
                76.37987518310547
              ],
              [
                -83.47210693359375,
                76.46484375
              ],
              [
                -83.35083770751953,
                76.37987518310547
              ],
              [
                -83.57160186767578,
                76.37987518310547
              ],
              [
                -84.27100372314453,
                76.63520812988281
              ],
              [
                -84.14751434326172,
                76.5499496459961
              ],
              [
                -84.4668960571289,
                76.46484375
              ],
              [
                -84.34429931640625,
                76.37987518310547
              ],
              [
                -84.67546081542969,
                76.37987518310547
              ],
              [
                -84.55317687988281,
                76.29505920410156
              ],
              [
                -85.87604522705078,
                76.29505920410156
              ],
              [
                -86.34593963623047,
                76.46484375
              ],
              [
                -87.21431732177734,
                76.37987518310547
              ],
              [
                -87.4679183959961,
                76.5499496459961
              ],
              [
                -87.57859802246094,
                76.5499496459961
              ],
              [
                -87.43508911132812,
                76.37987518310547
              ],
              [
                -88.31817626953125,
                76.37987518310547
              ],
              [
                -88.68539428710938,
                76.5499496459961
              ],
              [
                -88.55658721923828,
                76.46484375
              ],
              [
                -88.98048400878906,
                76.37987518310547
              ],
              [
                -89.81244659423828,
                76.63520812988281
              ],
              [
                -89.6815185546875,
                76.5499496459961
              ],
              [
                -89.90287780761719,
                76.5499496459961
              ],
              [
                -89.27579498291016,
                76.21038818359375
              ],
              [
                -89.49597930908203,
                76.21038818359375
              ],
              [
                -89.36857604980469,
                76.1258544921875
              ],
              [
                -90.5780258178711,
                76.1258544921875
              ],
              [
                -91.03730010986328,
                76.21038818359375
              ],
              [
                -90.77925872802734,
                76.04146575927734
              ],
              [
                -89.5548095703125,
                75.95721435546875
              ],
              [
                -89.07122039794922,
                75.70527648925781
              ],
              [
                -88.96197509765625,
                75.70527648925781
              ],
              [
                -89.08567810058594,
                75.78911590576172
              ],
              [
                -88.29354858398438,
                75.6215591430664
              ],
              [
                -87.21408081054688,
                75.70527648925781
              ],
              [
                -86.52789306640625,
                75.45452117919922
              ],
              [
                -85.76607513427734,
                75.45452117919922
              ],
              [
                -86.01239776611328,
                75.70527648925781
              ],
              [
                -84.38220977783203,
                75.78911590576172
              ],
              [
                -84.50067138671875,
                75.87310028076172
              ],
              [
                -81.65894317626953,
                75.95721435546875
              ],
              [
                -81.20568084716797,
                75.70527648925781
              ],
              [
                -80.22248840332031,
                75.70527648925781
              ],
              [
                -79.99957275390625,
                75.53797912597656
              ],
              [
                -79.67266845703125,
                75.53797912597656
              ],
              [
                -79.344970703125,
                75.28799438476562
              ],
              [
                -80.1045913696289,
                75.20491790771484
              ],
              [
                -79.4564208984375,
                75.03912353515625
              ],
              [
                -79.24485778808594,
                74.8738021850586
              ],
              [
                -79.89454650878906,
                74.79132080078125
              ],
              [
                -80.2159652709961,
                74.8738021850586
              ],
              [
                -80.00492858886719,
                74.70895385742188
              ],
              [
                -80.43804931640625,
                74.62670135498047
              ],
              [
                -80.3336410522461,
                74.54456329345703
              ],
              [
                -82.48247528076172,
                74.46253967285156
              ],
              [
                -83.01844024658203,
                74.62670135498047
              ],
              [
                -83.3450927734375,
                74.8738021850586
              ],
              [
                -83.45298767089844,
                74.8738021850586
              ],
              [
                -83.34098815917969,
                74.62670135498047
              ],
              [
                -83.98490142822266,
                74.54456329345703
              ],
              [
                -83.87690734863281,
                74.46253967285156
              ],
              [
                -85.59574890136719,
                74.54456329345703
              ],
              [
                -85.48587036132812,
                74.46253967285156
              ],
              [
                -86.0221939086914,
                74.46253967285156
              ],
              [
                -86.34747314453125,
                74.54456329345703
              ],
              [
                -86.23672485351562,
                74.46253967285156
              ],
              [
                -86.45125579833984,
                74.46253967285156
              ],
              [
                -86.66964721679688,
                74.54456329345703
              ],
              [
                -86.55851745605469,
                74.46253967285156
              ],
              [
                -87.09484100341797,
                74.46253967285156
              ],
              [
                -87.42137145996094,
                74.54456329345703
              ],
              [
                -87.30936431884766,
                74.46253967285156
              ],
              [
                -88.38201141357422,
                74.46253967285156
              ],
              [
                -88.94738006591797,
                74.79132080078125
              ],
              [
                -89.0551528930664,
                74.79132080078125
              ],
              [
                -88.93934631347656,
                74.70895385742188
              ],
              [
                -89.36190032958984,
                74.62670135498047
              ],
              [
                -89.24700164794922,
                74.54456329345703
              ],
              [
                -89.99873352050781,
                74.54456329345703
              ],
              [
                -90.769287109375,
                74.70895385742188
              ],
              [
                -91.40470886230469,
                74.62670135498047
              ],
              [
                -91.8457260131836,
                74.70895385742188
              ],
              [
                -92.32769012451172,
                75.03912353515625
              ],
              [
                -92.21952819824219,
                75.03912353515625
              ],
              [
                -92.34196472167969,
                75.12195587158203
              ],
              [
                -92.2336654663086,
                75.12195587158203
              ],
              [
                -92.71429443359375,
                75.3711929321289
              ],
              [
                -92.60559844970703,
                75.3711929321289
              ],
              [
                -92.73125457763672,
                75.45452117919922
              ],
              [
                -92.51359558105469,
                75.45452117919922
              ],
              [
                -92.63980865478516,
                75.53797912597656
              ],
              [
                -92.421875,
                75.53797912597656
              ],
              [
                -92.54865264892578,
                75.6215591430664
              ],
              [
                -92.2213363647461,
                75.6215591430664
              ],
              [
                -92.3671646118164,
                75.78911590576172
              ],
              [
                -92.25778198242188,
                75.78911590576172
              ],
              [
                -93.17512512207031,
                76.37987518310547
              ],
              [
                -93.50628662109375,
                76.37987518310547
              ],
              [
                -93.37232208251953,
                76.29505920410156
              ],
              [
                -93.81327819824219,
                76.29505920410156
              ],
              [
                -93.6795654296875,
                76.21038818359375
              ],
              [
                -93.78965759277344,
                76.21038818359375
              ],
              [
                -93.92352294921875,
                76.29505920410156
              ],
              [
                -95.82437133789062,
                76.37987518310547
              ],
              [
                -97.1093521118164,
                76.89189147949219
              ],
              [
                -96.77550506591797,
                76.89189147949219
              ],
              [
                -97.06246948242188,
                77.06378936767578
              ],
              [
                -96.61612701416016,
                77.06378936767578
              ],
              [
                -96.76023864746094,
                77.14997863769531
              ],
              [
                -95.41934967041016,
                77.14997863769531
              ],
              [
                -95.27709197998047,
                77.06378936767578
              ],
              [
                -93.79844665527344,
                76.9777603149414
              ],
              [
                -93.16253662109375,
                76.72061920166016
              ],
              [
                -91.29907989501953,
                76.8061752319336
              ],
              [
                -90.56695556640625,
                76.5499496459961
              ],
              [
                -90.23491668701172,
                76.5499496459961
              ],
              [
                -90.76634979248047,
                76.89189147949219
              ],
              [
                -90.23258972167969,
                76.9777603149414
              ],
              [
                -89.500244140625,
                76.72061920166016
              ],
              [
                -89.67542266845703,
                76.9777603149414
              ],
              [
                -89.45255279541016,
                76.9777603149414
              ],
              [
                -89.586181640625,
                77.06378936767578
              ],
              [
                -86.94644927978516,
                77.23632049560547
              ],
              [
                -87.63858795166016,
                77.32283020019531
              ],
              [
                -88.31302642822266,
                77.75786590576172
              ],
              [
                -88.20018768310547,
                77.75786590576172
              ],
              [
                -88.33712768554688,
                77.84538269042969
              ],
              [
                -88.11111450195312,
                77.84538269042969
              ],
              [
                -88.24845886230469,
                77.93307495117188
              ],
              [
                -87.7957763671875,
                77.93307495117188
              ],
              [
                -87.93319702148438,
                78.02094268798828
              ],
              [
                -86.55091094970703,
                77.93307495117188
              ],
              [
                -85.81026458740234,
                77.67052459716797
              ],
              [
                -85.65879821777344,
                77.49634552001953
              ],
              [
                -84.51792907714844,
                77.40950012207031
              ],
              [
                -84.79609680175781,
                77.67052459716797
              ],
              [
                -85.5119400024414,
                77.84538269042969
              ],
              [
                -86.05061340332031,
                78.19720458984375
              ],
              [
                -87.16336059570312,
                78.1089859008789
              ],
              [
                -87.71771240234375,
                78.46295928955078
              ],
              [
                -87.40071868896484,
                78.55191802978516
              ],
              [
                -88.05345916748047,
                78.81990814208984
              ],
              [
                -88.16829681396484,
                78.81990814208984
              ],
              [
                -87.88455963134766,
                78.64105987548828
              ],
              [
                -87.99906158447266,
                78.64105987548828
              ],
              [
                -87.83187866210938,
                78.46295928955078
              ],
              [
                -88.65835571289062,
                78.55191802978516
              ],
              [
                -88.34976196289062,
                78.28560638427734
              ],
              [
                -88.69124603271484,
                78.28560638427734
              ],
              [
                -88.55117797851562,
                78.19720458984375
              ],
              [
                -89.11949157714844,
                78.19720458984375
              ],
              [
                -89.51598358154297,
                78.37419128417969
              ],
              [
                -89.6299819946289,
                78.37419128417969
              ],
              [
                -89.4604721069336,
                78.19720458984375
              ],
              [
                -90.28483581542969,
                78.28560638427734
              ],
              [
                -90.14244842529297,
                78.19720458984375
              ],
              [
                -90.48343658447266,
                78.19720458984375
              ],
              [
                -90.34127807617188,
                78.1089859008789
              ],
              [
                -92.44756317138672,
                78.28560638427734
              ],
              [
                -93.11724090576172,
                78.55191802978516
              ],
              [
                -93.00291442871094,
                78.55191802978516
              ],
              [
                -93.15154266357422,
                78.64105987548828
              ],
              [
                -93.03704833984375,
                78.64105987548828
              ],
              [
                -93.33612823486328,
                78.81990814208984
              ],
              [
                -93.79548645019531,
                78.81990814208984
              ],
              [
                -94.3668441772461,
                79.08963012695312
              ],
              [
                -94.13612365722656,
                79.08963012695312
              ],
              [
                -94.28934478759766,
                79.179931640625
              ],
              [
                -93.48062133789062,
                79.179931640625
              ],
              [
                -93.78666687011719,
                79.36112976074219
              ],
              [
                -94.13431549072266,
                79.36112976074219
              ],
              [
                -93.98043060302734,
                79.27043151855469
              ],
              [
                -95.02179718017578,
                79.27043151855469
              ],
              [
                -95.40902709960938,
                79.36112976074219
              ],
              [
                -95.9969482421875,
                79.63444519042969
              ],
              [
                -95.76412200927734,
                79.63444519042969
              ],
              [
                -96.88584899902344,
                80.2796630859375
              ],
              [
                -96.06208801269531,
                80.2796630859375
              ],
              [
                -96.38636779785156,
                80.46641540527344
              ],
              [
                -95.67807006835938,
                80.46641540527344
              ],
              [
                -95.84036254882812,
                80.56034851074219
              ],
              [
                -95.48565673828125,
                80.56034851074219
              ],
              [
                -95.64830017089844,
                80.65467834472656
              ],
              [
                -94.10881042480469,
                80.65467834472656
              ],
              [
                -94.26995849609375,
                80.74945831298828
              ],
              [
                -94.8630142211914,
                80.74945831298828
              ],
              [
                -95.35545349121094,
                81.03675842285156
              ],
              [
                -94.9979019165039,
                81.03675842285156
              ],
              [
                -95.16368865966797,
                81.13362121582031
              ],
              [
                -94.04444122314453,
                81.03675842285156
              ],
              [
                -94.20868682861328,
                81.13362121582031
              ],
              [
                -93.85055541992188,
                81.13362121582031
              ],
              [
                -94.34877014160156,
                81.42796325683594
              ],
              [
                -92.14541625976562,
                81.32919311523438
              ],
              [
                -90.43771362304688,
                80.65467834472656
              ],
              [
                -89.10094451904297,
                80.56034851074219
              ],
              [
                -88.49878692626953,
                80.186767578125
              ],
              [
                -88.38129425048828,
                80.186767578125
              ],
              [
                -88.59510040283203,
                80.46641540527344
              ],
              [
                -88.47705078125,
                80.46641540527344
              ],
              [
                -88.62800598144531,
                80.56034851074219
              ],
              [
                -87.91859436035156,
                80.56034851074219
              ],
              [
                -86.76782989501953,
                79.90962982177734
              ],
              [
                -87.11869049072266,
                79.90962982177734
              ],
              [
                -86.94477081298828,
                79.72595977783203
              ],
              [
                -86.12861633300781,
                79.72595977783203
              ],
              [
                -86.56201171875,
                80.00177764892578
              ],
              [
                -86.44487762451172,
                80.00177764892578
              ],
              [
                -86.59030151367188,
                80.09414672851562
              ],
              [
                -86.35566711425781,
                80.09414672851562
              ],
              [
                -86.67679595947266,
                80.37286376953125
              ],
              [
                -83.73018646240234,
                80.37286376953125
              ],
              [
                -81.34830474853516,
                79.72595977783203
              ],
              [
                -81.64240264892578,
                80.00177764892578
              ],
              [
                -82.6239242553711,
                80.186767578125
              ],
              [
                -83.02300262451172,
                80.37286376953125
              ],
              [
                -82.90513610839844,
                80.37286376953125
              ],
              [
                -83.04678344726562,
                80.46641540527344
              ],
              [
                -82.33848571777344,
                80.46641540527344
              ],
              [
                -82.88334655761719,
                80.74945831298828
              ],
              [
                -83.59500885009766,
                80.74945831298828
              ],
              [
                -83.45079040527344,
                80.65467834472656
              ],
              [
                -83.5692138671875,
                80.65467834472656
              ],
              [
                -83.42565155029297,
                80.56034851074219
              ],
              [
                -83.66211700439453,
                80.56034851074219
              ],
              [
                -83.51898193359375,
                80.46641540527344
              ],
              [
                -85.28971862792969,
                80.46641540527344
              ],
              [
                -85.43565368652344,
                80.56034851074219
              ],
              [
                -86.26329803466797,
                80.56034851074219
              ],
              [
                -86.56027221679688,
                80.74945831298828
              ],
              [
                -86.79749298095703,
                80.74945831298828
              ],
              [
                -86.648193359375,
                80.65467834472656
              ],
              [
                -87.4771499633789,
                80.65467834472656
              ],
              [
                -87.3274154663086,
                80.56034851074219
              ],
              [
                -88.42453002929688,
                80.65467834472656
              ],
              [
                -89.87306213378906,
                81.03675842285156
              ],
              [
                -90.18914794921875,
                81.23108673095703
              ],
              [
                -89.95000457763672,
                81.23108673095703
              ],
              [
                -90.43185424804688,
                81.52743530273438
              ],
              [
                -90.91251373291016,
                81.52743530273438
              ],
              [
                -91.28780364990234,
                81.83036804199219
              ],
              [
                -88.353271484375,
                82.03641510009766
              ],
              [
                -88.51863098144531,
                82.14076232910156
              ],
              [
                -86.17192077636719,
                82.03641510009766
              ],
              [
                -86.53936767578125,
                82.3522720336914
              ],
              [
                -85.44296264648438,
                82.3522720336914
              ],
              [
                -85.60699462890625,
                82.4594955444336
              ],
              [
                -85.24087524414062,
                82.4594955444336
              ],
              [
                -85.40585327148438,
                82.56774139404297
              ],
              [
                -83.77639770507812,
                82.4594955444336
              ],
              [
                -82.57020568847656,
                82.14076232910156
              ],
              [
                -82.76284790039062,
                82.3522720336914
              ],
              [
                -82.27555847167969,
                82.3522720336914
              ],
              [
                -82.47164916992188,
                82.56774139404297
              ],
              [
                -81.86035919189453,
                82.56774139404297
              ],
              [
                -82.05967712402344,
                82.78743743896484
              ],
              [
                -81.04073333740234,
                82.67704772949219
              ],
              [
                -81.23948669433594,
                82.8989486694336
              ],
              [
                -80.62483978271484,
                82.8989486694336
              ],
              [
                -80.46453857421875,
                82.78743743896484
              ],
              [
                -79.44849395751953,
                82.67704772949219
              ],
              [
                -79.92469787597656,
                83.01161193847656
              ],
              [
                -77.0599136352539,
                82.8989486694336
              ],
              [
                -77.24880981445312,
                83.1254653930664
              ],
              [
                -76.50849151611328,
                83.1254653930664
              ],
              [
                -76.35315704345703,
                83.01161193847656
              ],
              [
                -74.75212097167969,
                83.01161193847656
              ],
              [
                -74.90445709228516,
                83.1254653930664
              ],
              [
                -74.65768432617188,
                83.1254653930664
              ],
              [
                -74.50580596923828,
                83.01161193847656
              ],
              [
                -73.89002227783203,
                83.01161193847656
              ],
              [
                -73.74085235595703,
                82.8989486694336
              ],
              [
                -72.97967529296875,
                82.78743743896484
              ],
              [
                -73.27424621582031,
                83.01161193847656
              ],
              [
                -72.90476989746094,
                83.01161193847656
              ],
              [
                -73.05364990234375,
                83.1254653930664
              ],
              [
                -71.57300567626953,
                83.1254653930664
              ],
              [
                -71.03642272949219,
                82.8989486694336
              ],
              [
                -70.91349792480469,
                82.8989486694336
              ],
              [
                -71.20284271240234,
                83.1254653930664
              ],
              [
                -69.47542572021484,
                83.1254653930664
              ],
              [
                -69.33323669433594,
                83.01161193847656
              ],
              [
                -66.25432586669922,
                83.01161193847656
              ]
            ]
          ],
          [
            [
              [
                -99.86652374267578,
                79.90962982177734
              ],
              [
                -100.24851989746094,
                80.186767578125
              ],
              [
                -99.47482299804688,
                80.2796630859375
              ],
              [
                -99.30854797363281,
                80.186767578125
              ],
              [
                -99.19104766845703,
                80.186767578125
              ],
              [
                -98.9560546875,
                80.186767578125
              ],
              [
                -98.41683959960938,
                79.81768798828125
              ],
              [
                -98.65038299560547,
                79.81768798828125
              ],
              [
                -98.48748016357422,
                79.72595977783203
              ],
              [
                -99.07044219970703,
                79.72595977783203
              ],
              [
                -99.39871215820312,
                79.90962982177734
              ],
              [
                -99.86652374267578,
                79.90962982177734
              ]
            ]
          ],
          [
            [
              [
                -61.090213775634766,
                -52.056766510009766
              ],
              [
                -61.05496597290039,
                -51.989723205566406
              ],
              [
                -61.22512435913086,
                -51.989723205566406
              ],
              [
                -61.11978530883789,
                -51.7887077331543
              ],
              [
                -60.814815521240234,
                -51.85569381713867
              ],
              [
                -61.00509262084961,
                -52.056766510009766
              ],
              [
                -61.090213775634766,
                -52.056766510009766
              ]
            ]
          ],
          [
            [
              [
                -59.744285583496094,
                -51.922698974609375
              ],
              [
                -60.23898696899414,
                -52.056766510009766
              ],
              [
                -60.51459503173828,
                -52.25802993774414
              ],
              [
                -60.599849700927734,
                -52.25802993774414
              ],
              [
                -60.90541458129883,
                -52.190921783447266
              ],
              [
                -60.37120056152344,
                -51.65480041503906
              ],
              [
                -60.540931701660156,
                -51.65480041503906
              ],
              [
                -60.64177703857422,
                -51.52097702026367
              ],
              [
                -60.57333755493164,
                -51.387229919433594
              ],
              [
                -59.21821975708008,
                -51.387229919433594
              ],
              [
                -59.744285583496094,
                -51.922698974609375
              ]
            ]
          ],
          [
            [
              [
                -61.72983932495117,
                10.057377815246582
              ],
              [
                -61.666908264160156,
                10.250240325927734
              ],
              [
                -61.45097732543945,
                10.314528465270996
              ],
              [
                -61.45794677734375,
                10.443102836608887
              ],
              [
                -61.46147537231445,
                10.507390975952148
              ],
              [
                -61.61492156982422,
                10.635965347290039
              ],
              [
                -61.552730560302734,
                10.828827857971191
              ],
              [
                -60.89426803588867,
                10.828827857971191
              ],
              [
                -61.026161193847656,
                10.571678161621094
              ],
              [
                -60.9390754699707,
                10.314528465270996
              ],
              [
                -60.99871063232422,
                10.057377815246582
              ],
              [
                -61.72983932495117,
                10.057377815246582
              ]
            ]
          ],
          [
            [
              [
                -60.70492935180664,
                11.343128204345703
              ],
              [
                -60.558536529541016,
                11.343128204345703
              ],
              [
                -60.616432189941406,
                11.085978507995605
              ],
              [
                -60.76279067993164,
                11.085978507995605
              ],
              [
                -60.83597183227539,
                11.085978507995605
              ],
              [
                -60.70492935180664,
                11.343128204345703
              ]
            ]
          ],
          [
            [
              [
                -61.551116943359375,
                11.986002922058105
              ],
              [
                -61.775146484375,
                12.050291061401367
              ],
              [
                -61.7105712890625,
                12.178865432739258
              ],
              [
                -61.714962005615234,
                12.24315357208252
              ],
              [
                -61.56843185424805,
                12.24315357208252
              ],
              [
                -61.551116943359375,
                11.986002922058105
              ]
            ]
          ],
          [
            [
              [
                -61.066200256347656,
                13.40032958984375
              ],
              [
                -61.046592712402344,
                13.143178939819336
              ],
              [
                -61.18844223022461,
                13.07889175415039
              ],
              [
                -61.193267822265625,
                13.143178939819336
              ],
              [
                -61.281307220458984,
                13.336042404174805
              ],
              [
                -61.066200256347656,
                13.40032958984375
              ]
            ]
          ],
          [
            [
              [
                -60.80828857421875,
                13.850343704223633
              ],
              [
                -60.79795837402344,
                13.721768379211426
              ],
              [
                -60.939613342285156,
                13.657480239868164
              ],
              [
                -61.04430389404297,
                14.043206214904785
              ],
              [
                -60.82405471801758,
                14.043206214904785
              ],
              [
                -60.813507080078125,
                13.914630889892578
              ],
              [
                -60.80828857421875,
                13.850343704223633
              ]
            ]
          ],
          [
            [
              [
                -61.48359680175781,
                15.650403022766113
              ],
              [
                -61.26287078857422,
                15.650403022766113
              ],
              [
                -61.14630889892578,
                15.200387001037598
              ],
              [
                -61.36689376831055,
                15.200387001037598
              ],
              [
                -61.464874267578125,
                15.457538604736328
              ],
              [
                -61.47107696533203,
                15.52182674407959
              ],
              [
                -61.48359680175781,
                15.650403022766113
              ]
            ]
          ],
          [
            [
              [
                -61.616119384765625,
                16.9361629486084
              ],
              [
                -61.763553619384766,
                16.9361629486084
              ],
              [
                -61.85826873779297,
                17.129026412963867
              ],
              [
                -61.86532211303711,
                17.193313598632812
              ],
              [
                -61.64407730102539,
                17.193313598632812
              ],
              [
                -61.616119384765625,
                16.9361629486084
              ]
            ]
          ],
          [
            [
              [
                -64.66875457763672,
                17.836191177368164
              ],
              [
                -64.57978820800781,
                17.707616806030273
              ],
              [
                -64.8674545288086,
                17.643327713012695
              ],
              [
                -64.88261413574219,
                17.77190399169922
              ],
              [
                -64.89022827148438,
                17.836191177368164
              ],
              [
                -64.66875457763672,
                17.836191177368164
              ]
            ]
          ],
          [
            [
              [
                -78.07617950439453,
                18.157629013061523
              ],
              [
                -78.29776763916016,
                18.157629013061523
              ],
              [
                -78.3900146484375,
                18.286205291748047
              ],
              [
                -78.05752563476562,
                18.543354034423828
              ],
              [
                -77.01364135742188,
                18.479066848754883
              ],
              [
                -76.22962188720703,
                18.157629013061523
              ],
              [
                -76.12023162841797,
                17.90047836303711
              ],
              [
                -76.48053741455078,
                17.836191177368164
              ],
              [
                -76.55435943603516,
                17.836191177368164
              ],
              [
                -76.8585433959961,
                17.90047836303711
              ],
              [
                -77.07112121582031,
                17.836191177368164
              ],
              [
                -77.05337524414062,
                17.707616806030273
              ],
              [
                -77.2748031616211,
                17.707616806030273
              ],
              [
                -77.36641693115234,
                17.836191177368164
              ],
              [
                -77.73553466796875,
                17.836191177368164
              ],
              [
                -78.07617950439453,
                18.157629013061523
              ]
            ]
          ],
          [
            [
              [
                -73.0047378540039,
                20.986249923706055
              ],
              [
                -73.66329956054688,
                20.921964645385742
              ],
              [
                -73.6915512084961,
                21.114822387695312
              ],
              [
                -73.48774719238281,
                21.24339485168457
              ],
              [
                -72.9679946899414,
                21.24339485168457
              ],
              [
                -72.93984985351562,
                21.050535202026367
              ],
              [
                -73.01407623291016,
                21.050535202026367
              ],
              [
                -73.0047378540039,
                20.986249923706055
              ]
            ]
          ],
          [
            [
              [
                -72.2171630859375,
                21.693397521972656
              ],
              [
                -72.32018280029297,
                21.88625717163086
              ],
              [
                -72.09717559814453,
                21.88625717163086
              ],
              [
                -72.07805633544922,
                21.7576847076416
              ],
              [
                -72.15237426757812,
                21.7576847076416
              ],
              [
                -72.2171630859375,
                21.693397521972656
              ]
            ]
          ],
          [
            [
              [
                -72.6858901977539,
                22.33626365661621
              ],
              [
                -72.67601776123047,
                22.271976470947266
              ],
              [
                -72.82479095458984,
                22.271976470947266
              ],
              [
                -72.92898559570312,
                22.46483612060547
              ],
              [
                -72.6858901977539,
                22.33626365661621
              ]
            ]
          ],
          [
            [
              [
                -73.80182647705078,
                22.33626365661621
              ],
              [
                -73.876220703125,
                22.33626365661621
              ],
              [
                -74.15374755859375,
                22.20768928527832
              ],
              [
                -74.04518127441406,
                22.46483612060547
              ],
              [
                -73.89635467529297,
                22.46483612060547
              ],
              [
                -73.93710327148438,
                22.72198486328125
              ],
              [
                -73.70353698730469,
                22.657697677612305
              ],
              [
                -73.6731185913086,
                22.46483612060547
              ],
              [
                -73.80182647705078,
                22.33626365661621
              ]
            ]
          ],
          [
            [
              [
                -74.71284484863281,
                22.914846420288086
              ],
              [
                -74.86180114746094,
                22.914846420288086
              ],
              [
                -74.87232208251953,
                22.97913360595703
              ],
              [
                -75.11701965332031,
                23.107707977294922
              ],
              [
                -75.17095184326172,
                23.429147720336914
              ],
              [
                -75.0218505859375,
                23.429147720336914
              ],
              [
                -74.97868347167969,
                23.171995162963867
              ],
              [
                -74.7445068359375,
                23.107707977294922
              ],
              [
                -74.71284484863281,
                22.914846420288086
              ]
            ]
          ],
          [
            [
              [
                -77.76241302490234,
                23.75058937072754
              ],
              [
                -77.91895294189453,
                24.200613021850586
              ],
              [
                -77.85621643066406,
                24.264904022216797
              ],
              [
                -77.48284149169922,
                24.264904022216797
              ],
              [
                -77.40090942382812,
                23.814878463745117
              ],
              [
                -77.47551727294922,
                23.814878463745117
              ],
              [
                -77.76241302490234,
                23.75058937072754
              ]
            ]
          ],
          [
            [
              [
                -74.547607421875,
                24.136323928833008
              ],
              [
                -74.32363891601562,
                24.136323928833008
              ],
              [
                -74.3010025024414,
                24.00774574279785
              ],
              [
                -74.3756332397461,
                24.00774574279785
              ],
              [
                -74.51364135742188,
                23.943456649780273
              ],
              [
                -74.547607421875,
                24.136323928833008
              ]
            ]
          ],
          [
            [
              [
                -75.49004364013672,
                24.393482208251953
              ],
              [
                -75.56473541259766,
                24.393482208251953
              ],
              [
                -75.58840942382812,
                24.522062301635742
              ],
              [
                -75.35242462158203,
                24.457773208618164
              ],
              [
                -75.24260711669922,
                24.264904022216797
              ],
              [
                -75.28267669677734,
                24.07203483581543
              ],
              [
                -75.43196105957031,
                24.07203483581543
              ],
              [
                -75.49004364013672,
                24.393482208251953
              ]
            ]
          ],
          [
            [
              [
                -78.35286712646484,
                24.522062301635742
              ],
              [
                -78.3899917602539,
                24.714935302734375
              ],
              [
                -78.2405014038086,
                24.714935302734375
              ],
              [
                -78.19078063964844,
                24.843517303466797
              ],
              [
                -78.20339965820312,
                24.907808303833008
              ],
              [
                -78.19271087646484,
                25.229267120361328
              ],
              [
                -77.8804702758789,
                25.164974212646484
              ],
              [
                -77.617919921875,
                24.586353302001953
              ],
              [
                -77.79352569580078,
                24.329193115234375
              ],
              [
                -78.09226989746094,
                24.329193115234375
              ],
              [
                -78.11650085449219,
                24.457773208618164
              ],
              [
                -78.35286712646484,
                24.522062301635742
              ]
            ]
          ],
          [
            [
              [
                -76.25920104980469,
                24.907808303833008
              ],
              [
                -76.04724884033203,
                24.97209930419922
              ],
              [
                -76.09732055664062,
                24.843517303466797
              ],
              [
                -76.08506774902344,
                24.779226303100586
              ],
              [
                -76.23458099365234,
                24.779226303100586
              ],
              [
                -76.25920104980469,
                24.907808303833008
              ]
            ]
          ],
          [
            [
              [
                -76.5980224609375,
                25.48643684387207
              ],
              [
                -76.3475341796875,
                25.357851028442383
              ],
              [
                -76.33470916748047,
                25.29355812072754
              ],
              [
                -76.48439025878906,
                25.29355812072754
              ],
              [
                -76.5980224609375,
                25.48643684387207
              ]
            ]
          ],
          [
            [
              [
                -77.06575012207031,
                25.936485290527344
              ],
              [
                -77.29061126708984,
                25.936485290527344
              ],
              [
                -77.331787109375,
                26.129364013671875
              ],
              [
                -77.17668914794922,
                26.450830459594727
              ],
              [
                -77.19087219238281,
                26.515121459960938
              ],
              [
                -77.63847351074219,
                26.836584091186523
              ],
              [
                -77.66790008544922,
                26.96516990661621
              ],
              [
                -77.35261535644531,
                26.900876998901367
              ],
              [
                -76.9656982421875,
                26.515121459960938
              ],
              [
                -76.93746948242188,
                26.386537551879883
              ],
              [
                -77.10681915283203,
                26.129364013671875
              ],
              [
                -77.06575012207031,
                25.936485290527344
              ]
            ]
          ],
          [
            [
              [
                -77.97029113769531,
                26.643707275390625
              ],
              [
                -78.16664123535156,
                26.515121459960938
              ],
              [
                -78.6776351928711,
                26.450830459594727
              ],
              [
                -78.79621124267578,
                26.643707275390625
              ],
              [
                -78.64604949951172,
                26.643707275390625
              ],
              [
                -78.60027313232422,
                26.772293090820312
              ],
              [
                -77.98481750488281,
                26.70800018310547
              ],
              [
                -77.97029113769531,
                26.643707275390625
              ]
            ]
          ],
          [
            [
              [
                -64.64949798583984,
                32.36451721191406
              ],
              [
                -64.69085693359375,
                32.23596954345703
              ],
              [
                -64.67342376708984,
                32.171695709228516
              ],
              [
                -64.86115264892578,
                32.30024337768555
              ],
              [
                -64.64949798583984,
                32.36451721191406
              ]
            ]
          ],
          [
            [
              [
                -63.83478927612305,
                46.414546966552734
              ],
              [
                -64.08049774169922,
                46.414546966552734
              ],
              [
                -64.17192840576172,
                46.61152267456055
              ],
              [
                -64.41793823242188,
                46.61152267456055
              ],
              [
                -64.51034545898438,
                46.808616638183594
              ],
              [
                -64.40799713134766,
                46.94007873535156
              ],
              [
                -64.24365234375,
                46.94007873535156
              ],
              [
                -64.22344970703125,
                47.07159423828125
              ],
              [
                -64.05897521972656,
                47.07159423828125
              ],
              [
                -63.956451416015625,
                46.677207946777344
              ],
              [
                -63.84392166137695,
                46.61152267456055
              ],
              [
                -63.51591491699219,
                46.61152267456055
              ],
              [
                -63.29154586791992,
                46.480194091796875
              ],
              [
                -62.01019287109375,
                46.54585266113281
              ],
              [
                -61.95104217529297,
                46.414546966552734
              ],
              [
                -62.08530807495117,
                46.348915100097656
              ],
              [
                -62.16717529296875,
                46.348915100097656
              ],
              [
                -62.46501922607422,
                46.283294677734375
              ],
              [
                -62.48120880126953,
                45.95537567138672
              ],
              [
                -62.80789566040039,
                45.95537567138672
              ],
              [
                -63.000797271728516,
                46.02093505859375
              ],
              [
                -63.08987808227539,
                46.21768569946289
              ],
              [
                -63.744300842285156,
                46.21768569946289
              ],
              [
                -63.83478927612305,
                46.414546966552734
              ]
            ]
          ],
          [
            [
              [
                -63.09821319580078,
                49.84712600708008
              ],
              [
                -62.42756271362305,
                49.51522445678711
              ],
              [
                -61.86016845703125,
                49.38258361816406
              ],
              [
                -61.76201248168945,
                49.18375015258789
              ],
              [
                -61.72950744628906,
                49.11750411987305
              ],
              [
                -62.28023147583008,
                49.051273345947266
              ],
              [
                -63.096065521240234,
                49.18375015258789
              ],
              [
                -63.49641418457031,
                49.316287994384766
              ],
              [
                -64.03435516357422,
                49.71431350708008
              ],
              [
                -64.4036636352539,
                49.78071212768555
              ],
              [
                -64.59197235107422,
                49.98000717163086
              ],
              [
                -63.09821319580078,
                49.84712600708008
              ]
            ]
          ],
          [
            [
              [
                -68.0009994506836,
                60.628211975097656
              ],
              [
                -67.79113006591797,
                60.34645080566406
              ],
              [
                -68.10447692871094,
                60.276100158691406
              ],
              [
                -68.19584655761719,
                60.276100158691406
              ],
              [
                -68.14356994628906,
                60.20578384399414
              ],
              [
                -68.41748046875,
                60.20578384399414
              ],
              [
                -68.57527923583984,
                60.416839599609375
              ],
              [
                -68.445068359375,
                60.48725891113281
              ],
              [
                -68.49797821044922,
                60.557716369628906
              ],
              [
                -68.0009994506836,
                60.628211975097656
              ]
            ]
          ],
          [
            [
              [
                -65.15643310546875,
                61.7611083984375
              ],
              [
                -65.40757751464844,
                61.97461700439453
              ],
              [
                -65.12893676757812,
                61.97461700439453
              ],
              [
                -65.0235366821289,
                61.832237243652344
              ],
              [
                -64.97105407714844,
                61.7611083984375
              ],
              [
                -64.73347473144531,
                61.69001388549805
              ],
              [
                -64.6294937133789,
                61.547950744628906
              ],
              [
                -64.72199249267578,
                61.547950744628906
              ],
              [
                -64.7108154296875,
                61.40604019165039
              ],
              [
                -65.17264556884766,
                61.40604019165039
              ],
              [
                -65.61986541748047,
                61.7611083984375
              ],
              [
                -65.15643310546875,
                61.7611083984375
              ]
            ]
          ],
          [
            [
              [
                -74.303955078125,
                62.61732482910156
              ],
              [
                -74.3974380493164,
                62.61732482910156
              ],
              [
                -74.58438873291016,
                62.61732482910156
              ],
              [
                -74.67332458496094,
                62.83230972290039
              ],
              [
                -74.303955078125,
                62.61732482910156
              ]
            ]
          ],
          [
            [
              [
                -78.12349700927734,
                63.55171203613281
              ],
              [
                -78.02913665771484,
                63.55171203613281
              ],
              [
                -77.61719512939453,
                63.4074821472168
              ],
              [
                -77.51930236816406,
                63.191463470458984
              ],
              [
                -78.11328887939453,
                63.11954879760742
              ],
              [
                -78.36548614501953,
                63.191463470458984
              ],
              [
                -78.7840576171875,
                63.55171203613281
              ],
              [
                -78.12349700927734,
                63.55171203613281
              ]
            ]
          ],
          [
            [
              [
                -77.14606475830078,
                63.4074821472168
              ],
              [
                -77.65694427490234,
                63.768394470214844
              ],
              [
                -77.0895004272461,
                63.768394470214844
              ],
              [
                -76.58070373535156,
                63.4074821472168
              ],
              [
                -76.76915740966797,
                63.4074821472168
              ],
              [
                -76.86338806152344,
                63.4074821472168
              ],
              [
                -77.14606475830078,
                63.4074821472168
              ]
            ]
          ],
          [
            [
              [
                -74.18641662597656,
                64.34822845458984
              ],
              [
                -74.31360626220703,
                64.49365234375
              ],
              [
                -74.21831512451172,
                64.49365234375
              ],
              [
                -74.15470886230469,
                64.4209213256836
              ],
              [
                -73.99613189697266,
                64.34822845458984
              ],
              [
                -74.18641662597656,
                64.34822845458984
              ]
            ]
          ],
          [
            [
              [
                -77.20946502685547,
                68.04534912109375
              ],
              [
                -77.28326416015625,
                68.1207046508789
              ],
              [
                -77.08506774902344,
                68.1207046508789
              ],
              [
                -77.15895080566406,
                68.19611358642578
              ],
              [
                -76.9605941772461,
                68.19611358642578
              ],
              [
                -77.03456115722656,
                68.27159118652344
              ],
              [
                -76.8360366821289,
                68.27159118652344
              ],
              [
                -76.91009521484375,
                68.34712219238281
              ],
              [
                -75.59231567382812,
                68.42272186279297
              ],
              [
                -75.00405883789062,
                68.1207046508789
              ],
              [
                -75.1031494140625,
                68.1207046508789
              ],
              [
                -75.03120422363281,
                68.04534912109375
              ],
              [
                -75.18458557128906,
                67.89481353759766
              ],
              [
                -74.99870300292969,
                67.5944595336914
              ],
              [
                -75.09721374511719,
                67.5944595336914
              ],
              [
                -75.0544662475586,
                67.44463348388672
              ],
              [
                -75.25116729736328,
                67.44463348388672
              ],
              [
                -75.18072509765625,
                67.36980438232422
              ],
              [
                -75.60145568847656,
                67.29503631591797
              ],
              [
                -75.69964599609375,
                67.29503631591797
              ],
              [
                -76.9045639038086,
                67.22032165527344
              ],
              [
                -77.17245483398438,
                67.29503631591797
              ],
              [
                -77.58216857910156,
                67.81964111328125
              ],
              [
                -77.35916900634766,
                67.89481353759766
              ],
              [
                -77.4074935913086,
                68.04534912109375
              ],
              [
                -77.20946502685547,
                68.04534912109375
              ]
            ]
          ],
          [
            [
              [
                -74.58026885986328,
                68.19611358642578
              ],
              [
                -74.48108673095703,
                68.19611358642578
              ],
              [
                -73.54602813720703,
                68.04534912109375
              ],
              [
                -73.40538024902344,
                67.89481353759766
              ],
              [
                -73.50422668457031,
                67.89481353759766
              ],
              [
                -73.46304321289062,
                67.74452209472656
              ],
              [
                -74.44983673095703,
                67.74452209472656
              ],
              [
                -75.00405883789062,
                68.1207046508789
              ],
              [
                -74.58026885986328,
                68.19611358642578
              ]
            ]
          ],
          [
            [
              [
                -75.194580078125,
                68.42272186279297
              ],
              [
                -75.46665954589844,
                68.49837493896484
              ],
              [
                -75.58808135986328,
                68.7257080078125
              ],
              [
                -75.16292572021484,
                68.8016128540039
              ],
              [
                -74.9894027709961,
                68.7257080078125
              ],
              [
                -74.79683685302734,
                68.42272186279297
              ],
              [
                -75.12179565429688,
                68.34712219238281
              ],
              [
                -75.194580078125,
                68.42272186279297
              ]
            ]
          ],
          [
            [
              [
                -76.69147491455078,
                69.33467864990234
              ],
              [
                -76.79195404052734,
                69.33467864990234
              ],
              [
                -76.73929595947266,
                69.18205261230469
              ],
              [
                -77.04021453857422,
                69.18205261230469
              ],
              [
                -76.96379852294922,
                69.10584259033203
              ],
              [
                -77.26445007324219,
                69.10584259033203
              ],
              [
                -77.49533081054688,
                69.33467864990234
              ],
              [
                -77.37171936035156,
                69.41107940673828
              ],
              [
                -77.4493637084961,
                69.487548828125
              ],
              [
                -76.84539031982422,
                69.487548828125
              ],
              [
                -76.69147491455078,
                69.33467864990234
              ]
            ]
          ],
          [
            [
              [
                -78.67207336425781,
                69.79407501220703
              ],
              [
                -78.26797485351562,
                69.79407501220703
              ],
              [
                -78.10972595214844,
                69.64068603515625
              ],
              [
                -78.2105712890625,
                69.64068603515625
              ],
              [
                -78.13180541992188,
                69.5640869140625
              ],
              [
                -78.5348129272461,
                69.5640869140625
              ],
              [
                -78.24386596679688,
                69.18205261230469
              ],
              [
                -78.66747283935547,
                69.10584259033203
              ],
              [
                -78.58984375,
                69.0296859741211
              ],
              [
                -78.91265869140625,
                68.95359802246094
              ],
              [
                -78.83523559570312,
                68.87757110595703
              ],
              [
                -79.35729217529297,
                68.8016128540039
              ],
              [
                -79.59112548828125,
                69.0296859741211
              ],
              [
                -79.49099731445312,
                69.0296859741211
              ],
              [
                -79.56941986083984,
                69.10584259033203
              ],
              [
                -78.92398834228516,
                69.25833129882812
              ],
              [
                -78.98087310791016,
                69.41107940673828
              ],
              [
                -78.67915344238281,
                69.41107940673828
              ],
              [
                -78.81562042236328,
                69.64068603515625
              ],
              [
                -78.5924301147461,
                69.71734619140625
              ],
              [
                -78.67207336425781,
                69.79407501220703
              ]
            ]
          ],
          [
            [
              [
                -38.006614685058594,
                -54.14601516723633
              ],
              [
                -37.956111907958984,
                -54.010562896728516
              ],
              [
                -37.61033248901367,
                -54.010562896728516
              ],
              [
                -37.63536071777344,
                -54.078277587890625
              ],
              [
                -36.62197494506836,
                -54.14601516723633
              ],
              [
                -36.522586822509766,
                -54.3493766784668
              ],
              [
                -36.17584991455078,
                -54.3493766784668
              ],
              [
                -36.0759162902832,
                -54.55295181274414
              ],
              [
                -35.90225601196289,
                -54.55295181274414
              ],
              [
                -35.73964309692383,
                -54.824737548828125
              ],
              [
                -35.764278411865234,
                -54.89274597167969
              ],
              [
                -36.162445068359375,
                -55.02883529663086
              ],
              [
                -36.323909759521484,
                -54.756752014160156
              ],
              [
                -36.795555114746094,
                -54.6208610534668
              ],
              [
                -36.832401275634766,
                -54.485069274902344
              ],
              [
                -37.327880859375,
                -54.41720962524414
              ],
              [
                -37.450950622558594,
                -54.28156280517578
              ],
              [
                -38.006614685058594,
                -54.14601516723633
              ]
            ]
          ],
          [
            [
              [
                -59.23419189453125,
                -51.5878791809082
              ],
              [
                -59.01553726196289,
                -51.32038497924805
              ],
              [
                -58.338314056396484,
                -51.32038497924805
              ],
              [
                -58.371273040771484,
                -51.387229919433594
              ],
              [
                -57.811180114746094,
                -51.45409393310547
              ],
              [
                -57.891685485839844,
                -51.7887077331543
              ],
              [
                -58.5876579284668,
                -51.989723205566406
              ],
              [
                -58.65574264526367,
                -52.12383270263672
              ],
              [
                -58.99641036987305,
                -52.12383270263672
              ],
              [
                -59.06527328491211,
                -52.25802993774414
              ],
              [
                -59.15052795410156,
                -52.25802993774414
              ],
              [
                -59.561279296875,
                -52.392311096191406
              ],
              [
                -59.5263557434082,
                -52.32516098022461
              ],
              [
                -59.83256149291992,
                -52.25802993774414
              ],
              [
                -59.539920806884766,
                -51.85569381713867
              ],
              [
                -59.13203048706055,
                -51.721744537353516
              ],
              [
                -59.23419189453125,
                -51.5878791809082
              ]
            ]
          ],
          [
            [
              [
                37.19254684448242,
                -17.650590896606445
              ],
              [
                37.25531005859375,
                -17.3934383392334
              ],
              [
                37.550392150878906,
                -17.3934383392334
              ],
              [
                37.6297492980957,
                -17.522014617919922
              ],
              [
                37.63254928588867,
                -17.586301803588867
              ],
              [
                37.558753967285156,
                -17.586301803588867
              ],
              [
                37.484962463378906,
                -17.586301803588867
              ],
              [
                37.41116714477539,
                -17.586301803588867
              ],
              [
                37.4139518737793,
                -17.650590896606445
              ],
              [
                37.340152740478516,
                -17.650590896606445
              ],
              [
                37.342933654785156,
                -17.71487808227539
              ],
              [
                37.26912307739258,
                -17.71487808227539
              ],
              [
                37.19254684448242,
                -17.650590896606445
              ]
            ]
          ],
          [
            [
              [
                40.171207427978516,
                -14.9504976272583
              ],
              [
                40.307865142822266,
                -14.69334602355957
              ],
              [
                40.381343841552734,
                -14.69334602355957
              ],
              [
                40.67784881591797,
                -14.757633209228516
              ],
              [
                40.68572998046875,
                -14.9504976272583
              ],
              [
                40.68838882446289,
                -15.014784812927246
              ],
              [
                40.6148796081543,
                -15.014784812927246
              ],
              [
                40.617549896240234,
                -15.079072952270508
              ],
              [
                40.620235443115234,
                -15.14336109161377
              ],
              [
                40.54671096801758,
                -15.14336109161377
              ],
              [
                40.549407958984375,
                -15.207649230957031
              ],
              [
                40.55211639404297,
                -15.271936416625977
              ],
              [
                40.328819274902344,
                -15.207649230957031
              ],
              [
                40.171207427978516,
                -14.9504976272583
              ]
            ]
          ],
          [
            [
              [
                39.81732940673828,
                -7.878862857818604
              ],
              [
                39.74433898925781,
                -7.878862857818604
              ],
              [
                39.67397689819336,
                -8.007437705993652
              ],
              [
                39.52798080444336,
                -8.007437705993652
              ],
              [
                39.52406311035156,
                -7.8145751953125
              ],
              [
                39.66746139526367,
                -7.685999870300293
              ],
              [
                39.81342697143555,
                -7.685999870300293
              ],
              [
                39.81732940673828,
                -7.878862857818604
              ]
            ]
          ],
          [
            [
              [
                39.34318161010742,
                -5.885946750640869
              ],
              [
                39.34423065185547,
                -5.950234413146973
              ],
              [
                39.3474235534668,
                -6.143096923828125
              ],
              [
                39.493255615234375,
                -6.143096923828125
              ],
              [
                39.42695236206055,
                -6.528822898864746
              ],
              [
                39.05683135986328,
                -6.207384586334229
              ],
              [
                39.12240219116211,
                -5.757371425628662
              ],
              [
                39.26820755004883,
                -5.757371425628662
              ],
              [
                39.34318161010742,
                -5.885946750640869
              ]
            ]
          ],
          [
            [
              [
                39.546966552734375,
                -4.921631813049316
              ],
              [
                39.76653289794922,
                -4.98591947555542
              ],
              [
                39.70050048828125,
                -5.435933113098145
              ],
              [
                39.55472183227539,
                -5.435933113098145
              ],
              [
                39.54981994628906,
                -5.114494800567627
              ],
              [
                39.54886245727539,
                -5.050207138061523
              ],
              [
                39.546966552734375,
                -4.921631813049316
              ]
            ]
          ],
          [
            [
              [
                38.802947998046875,
                32.94303894042969
              ],
              [
                38.72636795043945,
                32.94303894042969
              ],
              [
                38.35668182373047,
                33.07160949707031
              ],
              [
                38.28006362915039,
                33.07160949707031
              ],
              [
                38.2166748046875,
                33.20018768310547
              ],
              [
                38.05678176879883,
                33.13589859008789
              ],
              [
                37.763282775878906,
                33.26447677612305
              ],
              [
                37.699703216552734,
                33.393062591552734
              ],
              [
                37.25238800048828,
                33.52165222167969
              ],
              [
                36.82403564453125,
                33.84315490722656
              ],
              [
                36.29248809814453,
                33.90746307373047
              ],
              [
                36.049339294433594,
                33.77885055541992
              ],
              [
                36.0244255065918,
                33.52165222167969
              ],
              [
                35.781951904296875,
                33.393062591552734
              ],
              [
                35.89289855957031,
                32.94303894042969
              ],
              [
                35.54555892944336,
                32.493072509765625
              ],
              [
                35.52827072143555,
                32.30024337768555
              ],
              [
                35.66385269165039,
                32.107421875
              ],
              [
                35.63555908203125,
                31.78606605529785
              ],
              [
                35.466407775878906,
                31.593257904052734
              ],
              [
                35.493690490722656,
                31.014846801757812
              ],
              [
                35.22898483276367,
                30.564971923828125
              ],
              [
                35.07854461669922,
                29.600887298583984
              ],
              [
                34.92236328125,
                29.536611557006836
              ],
              [
                34.91290283203125,
                29.40805435180664
              ],
              [
                34.83723831176758,
                29.40805435180664
              ],
              [
                34.71140670776367,
                28.700960159301758
              ],
              [
                34.54724884033203,
                28.508106231689453
              ],
              [
                34.517303466796875,
                28.058101654052734
              ],
              [
                34.35825729370117,
                27.92952537536621
              ],
              [
                34.345943450927734,
                27.736658096313477
              ],
              [
                34.12004470825195,
                27.736658096313477
              ],
              [
                33.6169548034668,
                28.12238883972168
              ],
              [
                33.553810119628906,
                28.315250396728516
              ],
              [
                33.40296936035156,
                28.315250396728516
              ],
              [
                33.18891525268555,
                28.508106231689453
              ],
              [
                33.14677429199219,
                29.022375106811523
              ],
              [
                32.857112884521484,
                29.21521759033203
              ],
              [
                32.58876037597656,
                29.729440689086914
              ],
              [
                32.60188293457031,
                29.922264099121094
              ],
              [
                32.44160079956055,
                29.79371452331543
              ],
              [
                32.68916320800781,
                28.958093643188477
              ],
              [
                32.83612823486328,
                28.893810272216797
              ],
              [
                33.10531997680664,
                28.379535675048828
              ],
              [
                33.60887145996094,
                27.993812561035156
              ],
              [
                33.585105895996094,
                27.608078002929688
              ],
              [
                33.7991943359375,
                27.41520881652832
              ],
              [
                33.92659378051758,
                27.029460906982422
              ],
              [
                34.07311248779297,
                26.96516990661621
              ],
              [
                34.05074691772461,
                26.57941436767578
              ],
              [
                34.197208404541016,
                26.515121459960938
              ],
              [
                34.461280822753906,
                25.8721923828125
              ],
              [
                34.60763931274414,
                25.807899475097656
              ],
              [
                35.145530700683594,
                24.650644302368164
              ],
              [
                35.860408782958984,
                24.00774574279785
              ],
              [
                35.85411834716797,
                23.879167556762695
              ],
              [
                35.558753967285156,
                23.943456649780273
              ],
              [
                35.546443939208984,
                23.68630027770996
              ],
              [
                35.808685302734375,
                22.914846420288086
              ],
              [
                36.24660110473633,
                22.72198486328125
              ],
              [
                36.960968017578125,
                22.079116821289062
              ],
              [
                36.943214416503906,
                21.693397521972656
              ],
              [
                37.36817932128906,
                21.24339485168457
              ],
              [
                37.36223220825195,
                21.114822387695312
              ],
              [
                37.21376419067383,
                21.114822387695312
              ],
              [
                37.20489501953125,
                20.921964645385742
              ],
              [
                37.34142303466797,
                20.664819717407227
              ],
              [
                37.243438720703125,
                20.150527954101562
              ],
              [
                37.31755065917969,
                20.150527954101562
              ],
              [
                37.410865783691406,
                18.993366241455078
              ],
              [
                37.555702209472656,
                18.929079055786133
              ],
              [
                37.54951477050781,
                18.800504684448242
              ],
              [
                37.8421516418457,
                18.736217498779297
              ],
              [
                38.192813873291016,
                18.350492477416992
              ],
              [
                38.55583190917969,
                18.2219181060791
              ],
              [
                38.69392395019531,
                18.029054641723633
              ],
              [
                38.690711975097656,
                17.964767456054688
              ],
              [
                38.530277252197266,
                17.707616806030273
              ],
              [
                37.70293045043945,
                17.38617706298828
              ],
              [
                37.54316329956055,
                17.129026412963867
              ],
              [
                37.38962936401367,
                17.000450134277344
              ],
              [
                37.168453216552734,
                17.000450134277344
              ],
              [
                37.0120735168457,
                16.807586669921875
              ],
              [
                37.06218719482422,
                16.293283462524414
              ],
              [
                36.90909957885742,
                16.16470718383789
              ],
              [
                36.651676177978516,
                15.328963279724121
              ],
              [
                36.49644470214844,
                15.136098861694336
              ],
              [
                36.60921859741211,
                14.300357818603516
              ],
              [
                36.51567459106445,
                13.786055564880371
              ],
              [
                36.28096389770508,
                13.40032958984375
              ],
              [
                36.18421173095703,
                12.757453918457031
              ],
              [
                35.81542205810547,
                12.69316577911377
              ],
              [
                35.43568420410156,
                12.307440757751465
              ],
              [
                35.35377502441406,
                12.050291061401367
              ],
              [
                35.20514678955078,
                11.986002922058105
              ],
              [
                34.94656753540039,
                10.764540672302246
              ],
              [
                34.725128173828125,
                10.7002534866333
              ],
              [
                34.65589904785156,
                10.828827857971191
              ],
              [
                34.50957489013672,
                10.828827857971191
              ],
              [
                34.357418060302734,
                10.635965347290039
              ],
              [
                34.342124938964844,
                10.121665954589844
              ],
              [
                34.192134857177734,
                9.993090629577637
              ],
              [
                34.1846923828125,
                9.735940933227539
              ],
              [
                34.032997131347656,
                9.543078422546387
              ],
              [
                34.09336853027344,
                9.09306526184082
              ],
              [
                34.16642379760742,
                9.09306526184082
              ],
              [
                34.15392303466797,
                8.643052101135254
              ],
              [
                33.85480880737305,
                8.385902404785156
              ],
              [
                33.27238464355469,
                8.450189590454102
              ],
              [
                33.04484558105469,
                8.128751754760742
              ],
              [
                33.03813552856445,
                7.871601104736328
              ],
              [
                33.325077056884766,
                7.678738594055176
              ],
              [
                33.68999099731445,
                7.678738594055176
              ],
              [
                34.04645538330078,
                7.357300281524658
              ],
              [
                34.11272430419922,
                7.100150108337402
              ],
              [
                34.75592803955078,
                6.585848808288574
              ],
              [
                35.0943717956543,
                5.557246685028076
              ],
              [
                35.8135986328125,
                5.171521186828613
              ],
              [
                35.73115539550781,
                4.785795211791992
              ],
              [
                36.01472091674805,
                4.464356899261475
              ],
              [
                37.10439682006836,
                4.335781574249268
              ],
              [
                37.60165786743164,
                3.821480512619019
              ],
              [
                37.961124420166016,
                3.628617763519287
              ],
              [
                39.26736831665039,
                3.435754776000977
              ],
              [
                39.48585510253906,
                3.435754776000977
              ],
              [
                39.5634880065918,
                3.628617763519287
              ],
              [
                40.08477783203125,
                4.078630924224854
              ],
              [
                40.5997200012207,
                4.271493911743164
              ],
              [
                40.74542236328125,
                4.271493911743164
              ],
              [
                40.95726776123047,
                4.01434326171875
              ],
              [
                41.24530792236328,
                3.885768175125122
              ],
              [
                41.75687789916992,
                3.950055837631226
              ],
              [
                41.30010986328125,
                3.178604364395142
              ],
              [
                40.928016662597656,
                2.857166290283203
              ],
              [
                40.88401794433594,
                -0.871512532234192
              ],
              [
                41.473365783691406,
                -1.642963409423828
              ],
              [
                41.4739990234375,
                -1.707250952720642
              ],
              [
                41.40313720703125,
                -1.900113701820374
              ],
              [
                41.040462493896484,
                -2.028688907623291
              ],
              [
                41.04179763793945,
                -2.157264232635498
              ],
              [
                40.60911178588867,
                -2.542989730834961
              ],
              [
                40.17366409301758,
                -2.671565055847168
              ],
              [
                40.1030158996582,
                -2.864427804946899
              ],
              [
                40.17881393432617,
                -3.121578216552734
              ],
              [
                39.8193359375,
                -3.507303953170776
              ],
              [
                39.75136947631836,
                -3.893029928207397
              ],
              [
                39.53620529174805,
                -4.150180339813232
              ],
              [
                39.39663314819336,
                -4.600193977355957
              ],
              [
                39.10698318481445,
                -4.728769302368164
              ],
              [
                39.04254150390625,
                -5.307357788085938
              ],
              [
                38.757896423339844,
                -5.757371425628662
              ],
              [
                38.76729965209961,
                -6.335959911346436
              ],
              [
                39.21040725708008,
                -6.657398223876953
              ],
              [
                39.21268844604492,
                -6.78597354888916
              ],
              [
                39.43267822265625,
                -6.850261211395264
              ],
              [
                39.438602447509766,
                -7.171699047088623
              ],
              [
                39.22581481933594,
                -7.493137359619141
              ],
              [
                39.2308349609375,
                -7.750287532806396
              ],
              [
                39.37808609008789,
                -7.8145751953125
              ],
              [
                39.248077392578125,
                -8.586026191711426
              ],
              [
                39.398338317871094,
                -8.778888702392578
              ],
              [
                39.40552520751953,
                -9.100326538085938
              ],
              [
                39.551639556884766,
                -9.100326538085938
              ],
              [
                39.64142608642578,
                -9.807489395141602
              ],
              [
                39.719295501708984,
                -10.000351905822754
              ],
              [
                39.86551284790039,
                -10.000351905822754
              ],
              [
                39.86875534057617,
                -10.128927230834961
              ],
              [
                40.385597229003906,
                -10.321789741516113
              ],
              [
                40.317569732666016,
                -10.514652252197266
              ],
              [
                40.53873062133789,
                -10.578939437866211
              ],
              [
                40.48162841796875,
                -11.157526969909668
              ],
              [
                40.33892822265625,
                -11.286102294921875
              ],
              [
                40.45152282714844,
                -12.571852684020996
              ],
              [
                40.524810791015625,
                -12.571852684020996
              ],
              [
                40.482173919677734,
                -13.471879005432129
              ],
              [
                40.484466552734375,
                -13.536166191101074
              ],
              [
                40.039737701416016,
                -13.407590866088867
              ],
              [
                39.902042388916016,
                -13.664741516113281
              ],
              [
                39.535133361816406,
                -13.664741516113281
              ],
              [
                39.468563079833984,
                -13.85760498046875
              ],
              [
                38.38336181640625,
                -14.307619094848633
              ],
              [
                38.241092681884766,
                -14.43619441986084
              ],
              [
                38.1107063293457,
                -14.886209487915039
              ],
              [
                37.8143424987793,
                -14.821921348571777
              ],
              [
                37.87382888793945,
                -14.43619441986084
              ],
              [
                37.798099517822266,
                -14.371907234191895
              ],
              [
                37.50656509399414,
                -14.43619441986084
              ],
              [
                37.463623046875,
                -15.271936416625977
              ],
              [
                37.243019104003906,
                -15.271936416625977
              ],
              [
                37.09115982055664,
                -15.14336109161377
              ],
              [
                37.001373291015625,
                -14.69334602355957
              ],
              [
                36.85441970825195,
                -14.69334602355957
              ],
              [
                36.64768981933594,
                -15.079072952270508
              ],
              [
                36.362937927246094,
                -15.336224555969238
              ],
              [
                36.21585464477539,
                -15.336224555969238
              ],
              [
                36.07581329345703,
                -15.529088973999023
              ],
              [
                35.78156280517578,
                -15.529088973999023
              ],
              [
                35.724613189697266,
                -15.979104042053223
              ],
              [
                35.14763641357422,
                -16.30054473876953
              ],
              [
                35.090999603271484,
                -16.750560760498047
              ],
              [
                35.24087142944336,
                -16.814847946166992
              ],
              [
                35.179630279541016,
                -17.136287689208984
              ],
              [
                35.03215026855469,
                -17.136287689208984
              ],
              [
                35.02469253540039,
                -16.943424224853516
              ],
              [
                34.4182243347168,
                -16.493408203125
              ],
              [
                34.2592658996582,
                -16.171968460083008
              ],
              [
                34.241172790527344,
                -15.65766429901123
              ],
              [
                34.5200309753418,
                -15.207649230957031
              ],
              [
                34.503135681152344,
                -14.69334602355957
              ],
              [
                34.27464294433594,
                -14.43619441986084
              ],
              [
                33.47053146362305,
                -14.564769744873047
              ],
              [
                33.3140754699707,
                -14.243330955505371
              ],
              [
                32.9414176940918,
                -14.050468444824219
              ],
              [
                32.7982063293457,
                -14.179043769836426
              ],
              [
                32.140907287597656,
                -14.307619094848633
              ],
              [
                31.997604370117188,
                -14.43619441986084
              ],
              [
                30.1030330657959,
                -15.014784812927246
              ],
              [
                30.187198638916016,
                -15.4005126953125
              ],
              [
                30.337955474853516,
                -15.529088973999023
              ],
              [
                30.271799087524414,
                -15.786240577697754
              ],
              [
                30.351057052612305,
                -15.979104042053223
              ],
              [
                31.311996459960938,
                -16.10767936706543
              ],
              [
                31.688365936279297,
                -16.364831924438477
              ],
              [
                32.35554122924805,
                -16.493408203125
              ],
              [
                32.882354736328125,
                -16.814847946166992
              ],
              [
                32.822200775146484,
                -17.20057487487793
              ],
              [
                32.89594650268555,
                -17.20057487487793
              ],
              [
                32.914390563964844,
                -17.71487808227539
              ],
              [
                32.988197326660156,
                -17.71487808227539
              ],
              [
                32.94252014160156,
                -18.486328125
              ],
              [
                32.806453704833984,
                -18.80776596069336
              ],
              [
                32.66090393066406,
                -18.872053146362305
              ],
              [
                32.765296936035156,
                -19.70778465270996
              ],
              [
                32.91575241088867,
                -19.772069931030273
              ],
              [
                32.922786712646484,
                -19.96493148803711
              ],
              [
                32.7166862487793,
                -20.414936065673828
              ],
              [
                32.42918395996094,
                -20.672080993652344
              ],
              [
                32.30568313598633,
                -21.379228591918945
              ],
              [
                31.58287811279297,
                -21.957805633544922
              ],
              [
                31.587352752685547,
                -22.08637809753418
              ],
              [
                31.15446662902832,
                -22.472097396850586
              ],
              [
                31.47768783569336,
                -23.179258346557617
              ],
              [
                31.49466896057129,
                -23.629274368286133
              ],
              [
                31.7285213470459,
                -23.886428833007812
              ],
              [
                31.82691192626953,
                -24.46503448486328
              ],
              [
                31.9016170501709,
                -24.46503448486328
              ],
              [
                31.85214614868164,
                -25.04365348815918
              ],
              [
                31.950843811035156,
                -25.55799102783203
              ],
              [
                31.741628646850586,
                -25.87945556640625
              ],
              [
                31.979326248168945,
                -26.136627197265625
              ],
              [
                32.01644515991211,
                -26.843847274780273
              ],
              [
                32.77128982543945,
                -26.908138275146484
              ],
              [
                32.77493667602539,
                -26.972431182861328
              ],
              [
                32.46742248535156,
                -28.129650115966797
              ],
              [
                32.39204025268555,
                -28.129650115966797
              ],
              [
                32.40810012817383,
                -28.386796951293945
              ],
              [
                32.20628356933594,
                -28.772504806518555
              ],
              [
                31.471363067626953,
                -29.093917846679688
              ],
              [
                31.479625701904297,
                -29.22247886657715
              ],
              [
                31.050657272338867,
                -29.6081485748291
              ],
              [
                30.92886734008789,
                -30.058069229125977
              ],
              [
                30.709970474243164,
                -30.186613082885742
              ],
              [
                30.512697219848633,
                -30.636499404907227
              ],
              [
                30.226333618164062,
                -30.893569946289062
              ],
              [
                30.235191345214844,
                -31.022106170654297
              ],
              [
                29.0786075592041,
                -31.921865463256836
              ],
              [
                29.08751678466797,
                -32.05040740966797
              ],
              [
                28.795475006103516,
                -32.243228912353516
              ],
              [
                28.80441665649414,
                -32.37178039550781
              ],
              [
                28.579601287841797,
                -32.43605422973633
              ],
              [
                28.295957565307617,
                -32.757450103759766
              ],
              [
                28.142902374267578,
                -32.757450103759766
              ],
              [
                27.930932998657227,
                -33.014583587646484
              ],
              [
                27.777732849121094,
                -33.014583587646484
              ],
              [
                27.05025863647461,
                -33.59321212768555
              ],
              [
                26.602413177490234,
                -33.78611755371094
              ],
              [
                25.68050765991211,
                -33.78611755371094
              ],
              [
                25.534900665283203,
                -33.91472625732422
              ],
              [
                25.623991012573242,
                -34.1076545715332
              ],
              [
                24.923879623413086,
                -33.979034423828125
              ],
              [
                24.55475616455078,
                -34.23628616333008
              ],
              [
                24.24691390991211,
                -34.23628616333008
              ],
              [
                23.77424430847168,
                -34.04334259033203
              ],
              [
                23.312828063964844,
                -34.04334259033203
              ],
              [
                23.2429141998291,
                -34.17197036743164
              ],
              [
                22.16250991821289,
                -34.1076545715332
              ],
              [
                21.86113166809082,
                -34.23628616333008
              ],
              [
                21.793655395507812,
                -34.42924118041992
              ],
              [
                21.642757415771484,
                -34.49356460571289
              ],
              [
                20.410131454467773,
                -34.49356460571289
              ],
              [
                19.96156883239746,
                -34.815216064453125
              ],
              [
                19.421598434448242,
                -34.815216064453125
              ],
              [
                19.339284896850586,
                -34.68655014038086
              ],
              [
                19.185089111328125,
                -34.68655014038086
              ],
              [
                19.177505493164062,
                -34.49356460571289
              ],
              [
                18.6358585357666,
                -34.42924118041992
              ],
              [
                18.547183990478516,
                -34.1076545715332
              ],
              [
                18.39561653137207,
                -34.17197036743164
              ],
              [
                18.40249252319336,
                -34.36492156982422
              ],
              [
                18.171493530273438,
                -34.36492156982422
              ],
              [
                18.221874237060547,
                -33.59321212768555
              ],
              [
                17.906478881835938,
                -33.336029052734375
              ],
              [
                17.821664810180664,
                -33.07887268066406
              ],
              [
                17.668426513671875,
                -33.07887268066406
              ],
              [
                17.73320960998535,
                -32.69316864013672
              ],
              [
                18.04127311706543,
                -32.757450103759766
              ],
              [
                18.11372184753418,
                -32.62888717651367
              ],
              [
                18.105669021606445,
                -32.37178039550781
              ],
              [
                18.182086944580078,
                -32.37178039550781
              ],
              [
                18.091903686523438,
                -31.921865463256836
              ],
              [
                17.061403274536133,
                -30.379423141479492
              ],
              [
                16.734535217285156,
                -29.286758422851562
              ],
              [
                16.503910064697266,
                -29.093917846679688
              ],
              [
                16.344560623168945,
                -28.643938064575195
              ],
              [
                16.116992950439453,
                -28.579652786254883
              ],
              [
                15.581916809082031,
                -28.129650115966797
              ],
              [
                15.120694160461426,
                -27.422470092773438
              ],
              [
                15.116925239562988,
                -27.101015090942383
              ],
              [
                14.965174674987793,
                -26.972431182861328
              ],
              [
                14.960474967956543,
                -26.522384643554688
              ],
              [
                14.809735298156738,
                -26.458091735839844
              ],
              [
                14.647401809692383,
                -24.915069580078125
              ],
              [
                14.34538745880127,
                -24.400745391845703
              ],
              [
                14.3369140625,
                -22.472097396850586
              ],
              [
                14.112373352050781,
                -22.08637809753418
              ],
              [
                13.888911247253418,
                -21.957805633544922
              ],
              [
                13.664557456970215,
                -21.443513870239258
              ],
              [
                13.515851974487305,
                -21.379228591918945
              ],
              [
                13.217765808105469,
                -20.864938735961914
              ],
              [
                13.142755508422852,
                -20.47922134399414
              ],
              [
                12.696581840515137,
                -19.772069931030273
              ],
              [
                12.696157455444336,
                -19.57921028137207
              ],
              [
                12.547811508178711,
                -19.45063591003418
              ],
              [
                12.324588775634766,
                -18.872053146362305
              ],
              [
                11.732276916503906,
                -18.35775375366211
              ],
              [
                11.657593727111816,
                -17.84345245361328
              ],
              [
                11.583768844604492,
                -17.84345245361328
              ],
              [
                11.582921028137207,
                -17.329151153564453
              ],
              [
                11.582809448242188,
                -17.264863967895508
              ],
              [
                12.467879295349121,
                -17.264863967895508
              ],
              [
                12.835689544677734,
                -17.00771141052246
              ],
              [
                13.278044700622559,
                -17.00771141052246
              ],
              [
                13.426403045654297,
                -17.20057487487793
              ],
              [
                13.944053649902344,
                -17.457727432250977
              ],
              [
                18.296184539794922,
                -17.3934383392334
              ],
              [
                18.595428466796875,
                -17.71487808227539
              ],
              [
                18.892393112182617,
                -17.84345245361328
              ],
              [
                20.22223663330078,
                -17.90774154663086
              ],
              [
                20.519636154174805,
                -18.03631591796875
              ],
              [
                21.553504943847656,
                -18.03631591796875
              ],
              [
                22.140670776367188,
                -17.84345245361328
              ],
              [
                23.17159080505371,
                -17.71487808227539
              ],
              [
                23.242769241333008,
                -17.586301803588867
              ],
              [
                22.119281768798828,
                -16.68627166748047
              ],
              [
                21.966196060180664,
                -16.364831924438477
              ],
              [
                21.914846420288086,
                -13.021865844726562
              ],
              [
                23.820371627807617,
                -12.9575777053833
              ],
              [
                23.81560707092285,
                -12.636139869689941
              ],
              [
                23.959379196166992,
                -12.443277359008789
              ],
              [
                23.876253128051758,
                -11.736114501953125
              ],
              [
                24.018394470214844,
                -11.414677619934082
              ],
              [
                24.01503562927246,
                -11.157526969909668
              ],
              [
                23.866222381591797,
                -10.964664459228516
              ],
              [
                24.01175308227539,
                -10.90037727355957
              ],
              [
                24.30777359008789,
                -11.157526969909668
              ],
              [
                24.385282516479492,
                -11.478964805603027
              ],
              [
                24.821836471557617,
                -11.286102294921875
              ],
              [
                25.18780517578125,
                -11.286102294921875
              ],
              [
                25.340776443481445,
                -11.736114501953125
              ],
              [
                25.781124114990234,
                -11.800402641296387
              ],
              [
                26.150360107421875,
                -11.993265151977539
              ],
              [
                26.7363224029541,
                -11.993265151977539
              ],
              [
                26.878524780273438,
                -11.736114501953125
              ],
              [
                27.09713363647461,
                -11.67182731628418
              ],
              [
                27.395530700683594,
                -11.993265151977539
              ],
              [
                27.47332763671875,
                -12.250414848327637
              ],
              [
                28.13511848449707,
                -12.378990173339844
              ],
              [
                28.358657836914062,
                -12.571852684020996
              ],
              [
                28.512941360473633,
                -12.9575777053833
              ],
              [
                28.810253143310547,
                -13.15044116973877
              ],
              [
                28.889101028442383,
                -13.407590866088867
              ],
              [
                29.546463012695312,
                -13.279016494750977
              ],
              [
                29.696054458618164,
                -13.407590866088867
              ],
              [
                29.744537353515625,
                -12.250414848327637
              ],
              [
                29.523456573486328,
                -12.186127662658691
              ],
              [
                29.308813095092773,
                -12.443277359008789
              ],
              [
                29.01569366455078,
                -12.443277359008789
              ],
              [
                28.34420394897461,
                -11.800402641296387
              ],
              [
                28.402864456176758,
                -10.964664459228516
              ],
              [
                28.61594581604004,
                -10.578939437866211
              ],
              [
                28.536609649658203,
                -10.193214416503906
              ],
              [
                28.601762771606445,
                -9.678915023803711
              ],
              [
                28.30282211303711,
                -9.228901863098145
              ],
              [
                28.808677673339844,
                -8.84317684173584
              ],
              [
                28.94931983947754,
                -8.457450866699219
              ],
              [
                30.333887100219727,
                -8.264588356018066
              ],
              [
                30.334827423095703,
                -8.328875541687012
              ],
              [
                30.338647842407227,
                -8.586026191711426
              ],
              [
                30.630760192871094,
                -8.586026191711426
              ],
              [
                30.706764221191406,
                -8.778888702392578
              ],
              [
                31.144994735717773,
                -8.778888702392578
              ],
              [
                31.064973831176758,
                -8.328875541687012
              ],
              [
                30.917978286743164,
                -8.264588356018066
              ],
              [
                30.840232849121094,
                -7.943150520324707
              ],
              [
                30.541946411132812,
                -7.493137359619141
              ],
              [
                30.38506507873535,
                -6.657398223876953
              ],
              [
                30.165456771850586,
                -6.59311056137085
              ],
              [
                30.09016990661621,
                -6.400247573852539
              ],
              [
                29.72477912902832,
                -6.335959911346436
              ],
              [
                29.72178077697754,
                -6.078809261322021
              ],
              [
                29.866865158081055,
                -6.014522075653076
              ],
              [
                29.861797332763672,
                -5.564508438110352
              ],
              [
                29.71461296081543,
                -5.435933113098145
              ],
              [
                29.709205627441406,
                -4.921631813049316
              ],
              [
                29.562808990478516,
                -4.857344150543213
              ],
              [
                29.558984756469727,
                -4.47161865234375
              ],
              [
                29.55836296081543,
                -4.407330989837646
              ],
              [
                29.92139434814453,
                -4.278755664825439
              ],
              [
                30.27956199645996,
                -3.635879278182983
              ],
              [
                30.569135665893555,
                -3.443016529083252
              ],
              [
                30.710798263549805,
                -2.993003129959106
              ],
              [
                30.41897201538086,
                -2.928715467453003
              ],
              [
                30.342952728271484,
                -2.542989730834961
              ],
              [
                30.77720832824707,
                -2.221551656723022
              ],
              [
                30.773244857788086,
                -1.707250952720642
              ],
              [
                30.332355499267578,
                -1.128662824630737
              ],
              [
                30.186782836914062,
                -1.128662824630737
              ],
              [
                29.897871017456055,
                -1.450100660324097
              ],
              [
                29.53302764892578,
                -1.321525454521179
              ],
              [
                29.457225799560547,
                -0.871512532234192
              ],
              [
                29.530006408691406,
                -0.871512532234192
              ],
              [
                29.6591796875,
                0.221375524997711
              ],
              [
                29.884164810180664,
                0.542813181877136
              ],
              [
                29.890840530395508,
                0.864250957965851
              ],
              [
                31.15127182006836,
                1.957139730453491
              ],
              [
                31.22819709777832,
                2.150002479553223
              ],
              [
                30.724071502685547,
                2.407152891159058
              ],
              [
                30.821918487548828,
                3.564330101013184
              ],
              [
                30.603418350219727,
                3.564330101013184
              ],
              [
                30.32048988342285,
                3.950055837631226
              ],
              [
                30.030515670776367,
                4.01434326171875
              ],
              [
                29.89183235168457,
                4.335781574249268
              ],
              [
                29.53456687927246,
                4.657219886779785
              ],
              [
                29.16329002380371,
                4.335781574249268
              ],
              [
                28.58320426940918,
                4.464356899261475
              ],
              [
                28.434749603271484,
                4.335781574249268
              ],
              [
                28.2161865234375,
                4.335781574249268
              ],
              [
                27.855979919433594,
                4.528644561767578
              ],
              [
                27.215042114257812,
                5.235808849334717
              ],
              [
                27.22317886352539,
                5.62153434753418
              ],
              [
                26.502262115478516,
                6.007260322570801
              ],
              [
                26.504953384399414,
                6.135835647583008
              ],
              [
                26.290231704711914,
                6.328698635101318
              ],
              [
                26.296966552734375,
                6.650136470794678
              ],
              [
                26.08084487915039,
                6.778711795806885
              ],
              [
                26.083538055419922,
                6.907287120819092
              ],
              [
                25.79710578918457,
                7.164437294006348
              ],
              [
                25.218721389770508,
                7.421587944030762
              ],
              [
                25.226688385009766,
                7.807313442230225
              ],
              [
                24.937376022338867,
                7.935888767242432
              ],
              [
                24.723649978637695,
                8.193038940429688
              ],
              [
                24.213891983032227,
                8.25732707977295
              ],
              [
                24.146059036254883,
                8.514476776123047
              ],
              [
                24.22038459777832,
                8.578764915466309
              ],
              [
                24.076921463012695,
                8.707340240478516
              ],
              [
                23.566953659057617,
                8.771627426147461
              ],
              [
                23.50156021118164,
                9.157352447509766
              ],
              [
                23.72589874267578,
                9.41450309753418
              ],
              [
                23.66318130493164,
                9.928803443908691
              ],
              [
                23.451618194580078,
                10.314528465270996
              ],
              [
                22.878021240234375,
                10.893115997314453
              ],
              [
                22.958913803100586,
                11.278841018676758
              ],
              [
                22.598047256469727,
                11.535990715026855
              ],
              [
                22.680299758911133,
                11.986002922058105
              ],
              [
                22.53510093688965,
                12.050291061401367
              ],
              [
                22.465726852416992,
                12.24315357208252
              ],
              [
                22.47354507446289,
                12.628878593444824
              ],
              [
                21.888460159301758,
                12.69316577911377
              ],
              [
                21.894859313964844,
                13.014603614807129
              ],
              [
                22.266767501831055,
                13.271754264831543
              ],
              [
                22.2054386138916,
                13.850343704223633
              ],
              [
                22.57798194885254,
                14.107494354248047
              ],
              [
                22.51580810546875,
                14.621796607971191
              ],
              [
                22.664186477661133,
                14.686083793640137
              ],
              [
                22.74348258972168,
                14.943235397338867
              ],
              [
                23.045000076293945,
                15.26467514038086
              ],
              [
                23.052614212036133,
                15.586114883422852
              ],
              [
                23.35001564025879,
                15.714691162109375
              ],
              [
                23.938671112060547,
                15.714691162109375
              ],
              [
                24.089113235473633,
                15.843266487121582
              ],
              [
                24.037635803222656,
                19.571949005126953
              ],
              [
                23.449888229370117,
                19.764808654785156
              ],
              [
                23.378820419311523,
                19.893383026123047
              ],
              [
                22.937223434448242,
                20.021955490112305
              ],
              [
                22.865962982177734,
                20.150527954101562
              ],
              [
                21.690279006958008,
                20.664819717407227
              ],
              [
                21.25114631652832,
                20.986249923706055
              ],
              [
                20.808090209960938,
                21.114822387695312
              ],
              [
                20.73607635498047,
                21.24339485168457
              ],
              [
                19.776775360107422,
                21.629112243652344
              ],
              [
                19.704429626464844,
                21.7576847076416
              ],
              [
                18.964805603027344,
                22.014829635620117
              ],
              [
                18.892210006713867,
                22.143402099609375
              ],
              [
                18.2996768951416,
                22.33626365661621
              ],
              [
                18.226879119873047,
                22.46483612060547
              ],
              [
                16.374088287353516,
                23.30057144165039
              ],
              [
                16.375261306762695,
                23.429147720336914
              ],
              [
                18.92595863342285,
                24.522062301635742
              ],
              [
                18.966373443603516,
                26.836584091186523
              ],
              [
                18.891252517700195,
                26.836584091186523
              ],
              [
                18.97939109802246,
                27.4794979095459
              ],
              [
                19.28318214416504,
                27.608078002929688
              ],
              [
                19.514863967895508,
                27.865236282348633
              ],
              [
                19.665517807006836,
                27.865236282348633
              ],
              [
                19.820816040039062,
                28.058101654052734
              ],
              [
                19.97154998779297,
                28.058101654052734
              ],
              [
                20.204238891601562,
                28.315250396728516
              ],
              [
                20.35508155822754,
                28.315250396728516
              ],
              [
                20.511127471923828,
                28.508106231689453
              ],
              [
                20.66205406188965,
                28.508106231689453
              ],
              [
                20.818435668945312,
                28.700960159301758
              ],
              [
                20.969446182250977,
                28.700960159301758
              ],
              [
                21.126171112060547,
                28.893810272216797
              ],
              [
                21.277267456054688,
                28.893810272216797
              ],
              [
                21.28118324279785,
                29.022375106811523
              ],
              [
                21.50590705871582,
                28.958093643188477
              ],
              [
                21.718536376953125,
                28.508106231689453
              ],
              [
                22.161165237426758,
                28.186676025390625
              ],
              [
                22.9129695892334,
                28.12238883972168
              ],
              [
                23.21887969970703,
                28.25096321105957
              ],
              [
                23.685270309448242,
                28.636676788330078
              ],
              [
                23.92885971069336,
                29.08665657043457
              ],
              [
                23.941450119018555,
                29.40805435180664
              ],
              [
                23.729698181152344,
                29.79371452331543
              ],
              [
                23.910633087158203,
                30.500701904296875
              ],
              [
                24.07367706298828,
                30.757776260375977
              ],
              [
                24.307418823242188,
                30.886310577392578
              ],
              [
                24.313230514526367,
                31.014846801757812
              ],
              [
                25.102048873901367,
                31.593257904052734
              ],
              [
                25.17825698852539,
                31.593257904052734
              ],
              [
                25.248035430908203,
                31.464719772338867
              ],
              [
                26.847702026367188,
                31.464719772338867
              ],
              [
                27.297456741333008,
                31.336183547973633
              ],
              [
                27.514896392822266,
                31.143381118774414
              ],
              [
                28.496395111083984,
                31.014846801757812
              ],
              [
                28.865032196044922,
                30.822044372558594
              ],
              [
                29.3970890045166,
                30.822044372558594
              ],
              [
                29.485143661499023,
                31.014846801757812
              ],
              [
                29.633193969726562,
                30.950578689575195
              ],
              [
                29.86956024169922,
                31.079113006591797
              ],
              [
                29.8017635345459,
                31.20764923095703
              ],
              [
                29.882049560546875,
                31.271915435791016
              ],
              [
                30.33879280090332,
                31.271915435791016
              ],
              [
                30.271244049072266,
                31.40045166015625
              ],
              [
                30.351730346679688,
                31.464719772338867
              ],
              [
                30.80877685546875,
                31.464719772338867
              ],
              [
                30.965608596801758,
                31.528987884521484
              ],
              [
                30.974620819091797,
                31.65752601623535
              ],
              [
                31.203296661376953,
                31.65752601623535
              ],
              [
                31.117990493774414,
                31.528987884521484
              ],
              [
                31.265825271606445,
                31.464719772338867
              ],
              [
                31.875221252441406,
                31.464719772338867
              ],
              [
                31.780553817749023,
                31.20764923095703
              ],
              [
                31.93739891052246,
                31.271915435791016
              ],
              [
                31.999635696411133,
                31.079113006591797
              ],
              [
                32.303932189941406,
                31.079113006591797
              ],
              [
                32.23719787597656,
                31.20764923095703
              ],
              [
                32.38941192626953,
                31.20764923095703
              ],
              [
                32.53215408325195,
                31.079113006591797
              ],
              [
                32.76515197753906,
                31.143381118774414
              ],
              [
                32.8316764831543,
                31.014846801757812
              ],
              [
                33.74934005737305,
                31.079113006591797
              ],
              [
                34.2972412109375,
                31.271915435791016
              ],
              [
                34.30759811401367,
                31.40045166015625
              ],
              [
                34.63344955444336,
                31.65752601623535
              ],
              [
                34.57329559326172,
                31.8503360748291
              ],
              [
                34.81304168701172,
                31.978878021240234
              ],
              [
                34.76983642578125,
                32.36451721191406
              ],
              [
                35.021759033203125,
                32.62162780761719
              ],
              [
                35.05632781982422,
                33.00732421875
              ],
              [
                35.21538543701172,
                33.07160949707031
              ],
              [
                35.39840316772461,
                33.393062591552734
              ],
              [
                35.34577560424805,
                33.65024948120117
              ],
              [
                35.66522216796875,
                33.77885055541992
              ],
              [
                35.70256042480469,
                34.164703369140625
              ],
              [
                35.6256217956543,
                34.164703369140625
              ],
              [
                35.63188934326172,
                34.22901916503906
              ],
              [
                35.86276626586914,
                34.22901916503906
              ],
              [
                36.03588104248047,
                34.42197799682617
              ],
              [
                36.04231643676758,
                34.48630142211914
              ],
              [
                35.96527862548828,
                34.48630142211914
              ],
              [
                36.0682373046875,
                34.743614196777344
              ],
              [
                35.92698669433594,
                34.87228775024414
              ],
              [
                35.959747314453125,
                35.194007873535156
              ],
              [
                35.88248825073242,
                35.194007873535156
              ],
              [
                35.99294662475586,
                35.51579284667969
              ],
              [
                35.84488296508789,
                35.58015823364258
              ],
              [
                35.990074157714844,
                36.2239875793457
              ],
              [
                35.84174346923828,
                36.28839111328125
              ],
              [
                36.27198791503906,
                36.67487716674805
              ],
              [
                36.27909851074219,
                36.73930740356445
              ],
              [
                36.4980583190918,
                36.61045455932617
              ],
              [
                37.423301696777344,
                36.5460319519043
              ],
              [
                37.63417053222656,
                36.3527946472168
              ],
              [
                37.590328216552734,
                35.9664192199707
              ],
              [
                37.730812072753906,
                35.837650299072266
              ],
              [
                37.765071868896484,
                35.45143127441406
              ],
              [
                38.12295150756836,
                35.194007873535156
              ],
              [
                38.10865783691406,
                35.065311431884766
              ],
              [
                38.88082504272461,
                35.065311431884766
              ],
              [
                39.02055740356445,
                34.93662643432617
              ],
              [
                39.18229293823242,
                35.00096893310547
              ],
              [
                39.73270797729492,
                34.42197799682617
              ],
              [
                39.904991149902344,
                33.90746307373047
              ],
              [
                39.89773941040039,
                33.84315490722656
              ],
              [
                39.645755767822266,
                33.65024948120117
              ],
              [
                39.415401458740234,
                33.65024948120117
              ],
              [
                39.40131759643555,
                33.52165222167969
              ],
              [
                39.24782180786133,
                33.52165222167969
              ],
              [
                38.91337203979492,
                33.26447677612305
              ],
              [
                38.802947998046875,
                32.94303894042969
              ]
            ]
          ],
          [
            [
              [
                -57.33391571044922,
                5.492959022521973
              ],
              [
                -57.325496673583984,
                5.042945861816406
              ],
              [
                -57.90628433227539,
                4.914370536804199
              ],
              [
                -57.90019607543945,
                4.528644561767578
              ],
              [
                -58.11433410644531,
                4.207206249237061
              ],
              [
                -58.11049270629883,
                3.885768175125122
              ],
              [
                -57.66859817504883,
                3.371467113494873
              ],
              [
                -57.303497314453125,
                3.242892026901245
              ],
              [
                -57.2280387878418,
                2.7928786277771
              ],
              [
                -56.93560791015625,
                2.471440553665161
              ],
              [
                -56.935001373291016,
                2.150002479553223
              ],
              [
                -56.71652603149414,
                1.892852187156677
              ],
              [
                -57.444496154785156,
                1.957139730453491
              ],
              [
                -57.59016799926758,
                1.76427698135376
              ],
              [
                -58.46406936645508,
                1.507126569747925
              ],
              [
                -58.90174102783203,
                1.185688734054565
              ],
              [
                -59.337852478027344,
                1.378551483154297
              ],
              [
                -59.77402114868164,
                1.76427698135376
              ],
              [
                -59.847206115722656,
                2.214290142059326
              ],
              [
                -60.06636047363281,
                2.471440553665161
              ],
              [
                -59.99802780151367,
                3.242892026901245
              ],
              [
                -59.85344696044922,
                3.371467113494873
              ],
              [
                -59.855873107910156,
                3.628617763519287
              ],
              [
                -59.63871765136719,
                3.757192850112915
              ],
              [
                -59.568077087402344,
                3.950055837631226
              ],
              [
                -59.715354919433594,
                4.078630924224854
              ],
              [
                -59.71883010864258,
                4.335781574249268
              ],
              [
                -60.15885543823242,
                4.528644561767578
              ],
              [
                -60.1619758605957,
                4.721507549285889
              ],
              [
                -60.018436431884766,
                4.850082874298096
              ],
              [
                -60.09724044799805,
                5.171521186828613
              ],
              [
                -60.6802864074707,
                5.171521186828613
              ],
              [
                -61.274417877197266,
                5.685822010040283
              ],
              [
                -61.35509490966797,
                6.007260322570801
              ],
              [
                -61.14131546020508,
                6.200123310089111
              ],
              [
                -61.15193176269531,
                6.585848808288574
              ],
              [
                -60.93876647949219,
                6.778711795806885
              ],
              [
                -60.64699935913086,
                6.778711795806885
              ],
              [
                -60.36103820800781,
                6.971574783325195
              ],
              [
                -60.36503982543945,
                7.100150108337402
              ],
              [
                -60.66523361206055,
                7.357300281524658
              ],
              [
                -60.67403030395508,
                7.614450931549072
              ],
              [
                -59.88985824584961,
                8.128751754760742
              ],
              [
                -59.82933807373047,
                8.450189590454102
              ],
              [
                -59.756317138671875,
                8.450189590454102
              ],
              [
                -59.31068801879883,
                8.25732707977295
              ],
              [
                -58.480377197265625,
                7.485875606536865
              ],
              [
                -58.46433639526367,
                6.971574783325195
              ],
              [
                -58.46244430541992,
                6.907287120819092
              ],
              [
                -57.800479888916016,
                6.714424133300781
              ],
              [
                -57.49858856201172,
                6.328698635101318
              ],
              [
                -57.27981948852539,
                6.328698635101318
              ],
              [
                -57.12627410888672,
                6.007260322570801
              ],
              [
                -57.12480926513672,
                5.942972660064697
              ],
              [
                -57.19075012207031,
                5.62153434753418
              ],
              [
                -57.33391571044922,
                5.492959022521973
              ]
            ]
          ],
          [
            [
              [
                0.69967246055603,
                7.228724956512451
              ],
              [
                0.552698075771332,
                7.035862445831299
              ],
              [
                0.550810694694519,
                6.714424133300781
              ],
              [
                1.129834055900574,
                6.071547985076904
              ],
              [
                1.129348993301392,
                6.007260322570801
              ],
              [
                0.908639550209045,
                5.750109672546387
              ],
              [
                0.10624348372221,
                5.685822010040283
              ],
              [
                -0.772451758384705,
                5.171521186828613
              ],
              [
                -1.502264022827148,
                5.042945861816406
              ],
              [
                -1.86923885345459,
                4.721507549285889
              ],
              [
                -2.233568429946899,
                4.721507549285889
              ],
              [
                -2.450636863708496,
                4.914370536804199
              ],
              [
                -2.88738751411438,
                4.978658199310303
              ],
              [
                -2.960261583328247,
                4.978658199310303
              ],
              [
                -2.959325551986694,
                5.10723352432251
              ],
              [
                -2.739772319793701,
                5.235808849334717
              ],
              [
                -2.738029479980469,
                5.492959022521973
              ],
              [
                -2.955893516540527,
                5.62153434753418
              ],
              [
                -3.026559114456177,
                6.007260322570801
              ],
              [
                -3.171709775924683,
                6.135835647583008
              ],
              [
                -3.241532325744629,
                6.842999458312988
              ],
              [
                -3.020807981491089,
                7.421587944030762
              ],
              [
                -2.87452220916748,
                7.550163269042969
              ],
              [
                -2.874063730239868,
                7.743025779724121
              ],
              [
                -2.508231639862061,
                8.193038940429688
              ],
              [
                -2.507708787918091,
                8.643052101135254
              ],
              [
                -2.726715087890625,
                8.964489936828613
              ],
              [
                -2.653800964355469,
                9.350214958190918
              ],
              [
                -2.726871490478516,
                9.350214958190918
              ],
              [
                -2.728187799453735,
                10.185953140258789
              ],
              [
                -2.875137090682983,
                10.443102836608887
              ],
              [
                -2.803768634796143,
                10.957403182983398
              ],
              [
                -0.8282870054245,
                11.021690368652344
              ],
              [
                -0.535349071025848,
                10.893115997314453
              ],
              [
                -0.316173881292343,
                11.085978507995605
              ],
              [
                -0.023454179987311,
                11.085978507995605
              ],
              [
                0.049905676394701,
                10.957403182983398
              ],
              [
                -0.023265460506082,
                10.957403182983398
              ],
              [
                -0.022916218265891,
                10.635965347290039
              ],
              [
                0.416020572185516,
                10.250240325927734
              ],
              [
                0.342371582984924,
                9.543078422546387
              ],
              [
                0.269289970397949,
                9.543078422546387
              ],
              [
                0.342187166213989,
                9.41450309753418
              ],
              [
                0.415261268615723,
                9.41450309753418
              ],
              [
                0.561295866966248,
                9.350214958190918
              ],
              [
                0.561048269271851,
                9.221640586853027
              ],
              [
                0.487985253334045,
                9.221640586853027
              ],
              [
                0.413348734378815,
                8.578764915466309
              ],
              [
                0.704814195632935,
                8.385902404785156
              ],
              [
                0.554739773273468,
                7.421587944030762
              ],
              [
                0.69967246055603,
                7.228724956512451
              ]
            ]
          ],
          [
            [
              [
                -10.902092933654785,
                7.614450931549072
              ],
              [
                -11.338984489440918,
                7.228724956512451
              ],
              [
                -11.411490440368652,
                6.971574783325195
              ],
              [
                -11.557390213012695,
                6.971574783325195
              ],
              [
                -11.630340576171875,
                6.971574783325195
              ],
              [
                -12.214361190795898,
                7.164437294006348
              ],
              [
                -12.50695514678955,
                7.421587944030762
              ],
              [
                -12.945012092590332,
                7.485875606536865
              ],
              [
                -12.945784568786621,
                7.678738594055176
              ],
              [
                -12.727107048034668,
                7.743025779724121
              ],
              [
                -12.873078346252441,
                7.743025779724121
              ],
              [
                -12.947978019714355,
                8.128751754760742
              ],
              [
                -13.31415843963623,
                8.321614265441895
              ],
              [
                -13.31541919708252,
                8.514476776123047
              ],
              [
                -13.096779823303223,
                8.578764915466309
              ],
              [
                -13.316317558288574,
                8.643052101135254
              ],
              [
                -13.3172607421875,
                8.771627426147461
              ],
              [
                -13.171667098999023,
                8.835914611816406
              ],
              [
                -13.31876277923584,
                8.964489936828613
              ],
              [
                -13.319286346435547,
                9.028778076171875
              ],
              [
                -12.882011413574219,
                9.157352447509766
              ],
              [
                -12.449934959411621,
                9.86451530456543
              ],
              [
                -12.084430694580078,
                9.86451530456543
              ],
              [
                -11.939462661743164,
                9.993090629577637
              ],
              [
                -11.281484603881836,
                9.993090629577637
              ],
              [
                -10.913736343383789,
                9.735940933227539
              ],
              [
                -10.838627815246582,
                9.478790283203125
              ],
              [
                -10.692002296447754,
                9.41450309753418
              ],
              [
                -10.540809631347656,
                8.578764915466309
              ],
              [
                -10.613837242126465,
                8.578764915466309
              ],
              [
                -10.685644149780273,
                8.321614265441895
              ],
              [
                -10.24810791015625,
                8.450189590454102
              ],
              [
                -10.392821311950684,
                8.128751754760742
              ],
              [
                -10.611357688903809,
                8.000176429748535
              ],
              [
                -10.756134033203125,
                7.614450931549072
              ],
              [
                -10.902092933654785,
                7.614450931549072
              ]
            ]
          ],
          [
            [
              [
                10.164381980895996,
                13.271754264831543
              ],
              [
                10.384861946105957,
                13.336042404174805
              ],
              [
                11.192243576049805,
                13.40032958984375
              ],
              [
                11.851381301879883,
                13.271754264831543
              ],
              [
                12.143057823181152,
                13.07889175415039
              ],
              [
                12.436383247375488,
                13.07889175415039
              ],
              [
                12.880118370056152,
                13.464617729187012
              ],
              [
                13.616464614868164,
                13.721768379211426
              ],
              [
                14.123007774353027,
                13.07889175415039
              ],
              [
                14.189059257507324,
                12.436016082763672
              ],
              [
                14.69894027709961,
                12.178865432739258
              ],
              [
                14.617207527160645,
                11.47170352935791
              ],
              [
                13.8082857131958,
                11.15026569366455
              ],
              [
                13.582919120788574,
                10.635965347290039
              ],
              [
                13.579967498779297,
                10.378815650939941
              ],
              [
                13.28304386138916,
                9.993090629577637
              ],
              [
                13.278571128845215,
                9.607365608215332
              ],
              [
                12.91019058227539,
                9.350214958190918
              ],
              [
                12.906442642211914,
                9.028778076171875
              ],
              [
                12.756562232971191,
                8.707340240478516
              ],
              [
                12.610492706298828,
                8.707340240478516
              ],
              [
                12.241597175598145,
                8.385902404785156
              ],
              [
                12.237802505493164,
                8.06446361541748
              ],
              [
                11.866700172424316,
                7.550163269042969
              ],
              [
                11.787454605102539,
                7.035862445831299
              ],
              [
                11.566218376159668,
                6.842999458312988
              ],
              [
                11.415517807006836,
                6.457273483276367
              ],
              [
                11.269660949707031,
                6.457273483276367
              ],
              [
                10.385770797729492,
                5.750109672546387
              ],
              [
                10.167067527770996,
                5.750109672546387
              ],
              [
                9.942658424377441,
                5.300096035003662
              ],
              [
                9.796062469482422,
                5.235808849334717
              ],
              [
                9.865591049194336,
                4.978658199310303
              ],
              [
                9.71729850769043,
                4.785795211791992
              ],
              [
                9.571562767028809,
                4.785795211791992
              ],
              [
                9.421545028686523,
                4.464356899261475
              ],
              [
                9.48822021484375,
                4.01434326171875
              ],
              [
                9.415375709533691,
                4.01434326171875
              ],
              [
                9.413575172424316,
                3.885768175125122
              ],
              [
                9.050261497497559,
                3.950055837631226
              ],
              [
                8.906341552734375,
                4.078630924224854
              ],
              [
                8.839529991149902,
                4.528644561767578
              ],
              [
                8.331167221069336,
                4.657219886779785
              ],
              [
                8.332807540893555,
                4.785795211791992
              ],
              [
                8.18379020690918,
                4.528644561767578
              ],
              [
                7.891526222229004,
                4.464356899261475
              ],
              [
                6.725000381469727,
                4.400069236755371
              ],
              [
                6.653730869293213,
                4.528644561767578
              ],
              [
                6.652144432067871,
                4.400069236755371
              ],
              [
                6.431980609893799,
                4.271493911743164
              ],
              [
                5.922014236450195,
                4.271493911743164
              ],
              [
                5.488726139068604,
                4.592932224273682
              ],
              [
                5.345950603485107,
                4.850082874298096
              ],
              [
                5.27870512008667,
                5.364383697509766
              ],
              [
                5.132930755615234,
                5.364383697509766
              ],
              [
                5.134938716888428,
                5.557246685028076
              ],
              [
                4.989804267883301,
                5.62153434753418
              ],
              [
                4.847793102264404,
                6.007260322570801
              ],
              [
                4.558522701263428,
                6.264410972595215
              ],
              [
                4.195046424865723,
                6.392985820770264
              ],
              [
                2.808943748474121,
                6.328698635101318
              ],
              [
                2.73602032661438,
                6.328698635101318
              ],
              [
                2.818030118942261,
                7.614450931549072
              ],
              [
                2.745050668716431,
                7.614450931549072
              ],
              [
                2.751929998397827,
                8.964489936828613
              ],
              [
                3.117725372314453,
                9.09306526184082
              ],
              [
                3.192554473876953,
                9.543078422546387
              ],
              [
                3.339632987976074,
                9.800228118896484
              ],
              [
                3.632693290710449,
                9.993090629577637
              ],
              [
                3.633700609207153,
                10.314528465270996
              ],
              [
                3.853660583496094,
                10.507390975952148
              ],
              [
                3.781901836395264,
                11.085978507995605
              ],
              [
                3.56268310546875,
                11.278841018676758
              ],
              [
                3.563173770904541,
                11.664566040039062
              ],
              [
                3.709814310073853,
                11.857428550720215
              ],
              [
                3.710121631622314,
                12.500303268432617
              ],
              [
                4.1499342918396,
                13.014603614807129
              ],
              [
                4.223119735717773,
                13.464617729187012
              ],
              [
                4.589862823486328,
                13.721768379211426
              ],
              [
                5.837568759918213,
                13.850343704223633
              ],
              [
                6.130897045135498,
                13.657480239868164
              ],
              [
                6.424422264099121,
                13.657480239868164
              ],
              [
                6.936327457427979,
                13.014603614807129
              ],
              [
                7.229846954345703,
                13.07889175415039
              ],
              [
                7.303178310394287,
                13.07889175415039
              ],
              [
                7.744143486022949,
                13.336042404174805
              ],
              [
                8.110910415649414,
                13.336042404174805
              ],
              [
                8.40315055847168,
                13.07889175415039
              ],
              [
                8.76948070526123,
                13.014603614807129
              ],
              [
                8.988409042358398,
                12.821741104125977
              ],
              [
                9.574493408203125,
                12.757453918457031
              ],
              [
                10.164381980895996,
                13.271754264831543
              ]
            ]
          ],
          [
            [
              [
                -59.35515594482422,
                13.07889175415039
              ],
              [
                -59.57047653198242,
                13.014603614807129
              ],
              [
                -59.66753387451172,
                13.336042404174805
              ],
              [
                -59.52082824707031,
                13.336042404174805
              ],
              [
                -59.43791198730469,
                13.207467079162598
              ],
              [
                -59.36457061767578,
                13.207467079162598
              ],
              [
                -59.35515594482422,
                13.07889175415039
              ]
            ]
          ],
          [
            [
              [
                -15.871064186096191,
                13.143178939819336
              ],
              [
                -16.749553680419922,
                13.07889175415039
              ],
              [
                -16.822885513305664,
                13.07889175415039
              ],
              [
                -16.830827713012695,
                13.40032958984375
              ],
              [
                -16.54062843322754,
                13.528904914855957
              ],
              [
                -16.542268753051758,
                13.593193054199219
              ],
              [
                -15.88029956817627,
                13.528904914855957
              ],
              [
                -15.515010833740234,
                13.593193054199219
              ],
              [
                -15.226210594177246,
                13.786055564880371
              ],
              [
                -14.859247207641602,
                13.786055564880371
              ],
              [
                -14.782773971557617,
                13.657480239868164
              ],
              [
                -14.264707565307617,
                13.464617729187012
              ],
              [
                -13.7511568069458,
                13.464617729187012
              ],
              [
                -14.039009094238281,
                13.207467079162598
              ],
              [
                -14.407129287719727,
                13.271754264831543
              ],
              [
                -14.480477333068848,
                13.271754264831543
              ],
              [
                -14.926488876342773,
                13.528904914855957
              ],
              [
                -15.146598815917969,
                13.528904914855957
              ],
              [
                -15.362143516540527,
                13.336042404174805
              ],
              [
                -15.728910446166992,
                13.336042404174805
              ],
              [
                -15.725882530212402,
                13.207467079162598
              ],
              [
                -15.871064186096191,
                13.143178939819336
              ]
            ]
          ],
          [
            [
              [
                33.1320686340332,
                34.679283142089844
              ],
              [
                33.04356002807617,
                34.55062484741211
              ],
              [
                32.36665725708008,
                34.743614196777344
              ],
              [
                32.229042053222656,
                34.93662643432617
              ],
              [
                32.24578857421875,
                35.12965774536133
              ],
              [
                32.55473709106445,
                35.12965774536133
              ],
              [
                32.875247955322266,
                35.258358001708984
              ],
              [
                32.886871337890625,
                35.38706970214844
              ],
              [
                33.73737716674805,
                35.38706970214844
              ],
              [
                34.309810638427734,
                35.708900451660156
              ],
              [
                34.38723373413086,
                35.708900451660156
              ],
              [
                34.542076110839844,
                35.708900451660156
              ],
              [
                34.5294189453125,
                35.58015823364258
              ],
              [
                33.95713424682617,
                35.258358001708984
              ],
              [
                34.08732223510742,
                35.00096893310547
              ],
              [
                33.69539260864258,
                34.93662643432617
              ],
              [
                33.523399353027344,
                34.743614196777344
              ],
              [
                33.1320686340332,
                34.679283142089844
              ]
            ]
          ],
          [
            [
              [
                14.568227767944336,
                35.77327346801758
              ],
              [
                14.33681869506836,
                35.837650299072266
              ],
              [
                14.339592933654785,
                36.03080368041992
              ],
              [
                14.417119026184082,
                36.03080368041992
              ],
              [
                14.571182250976562,
                35.9664192199707
              ],
              [
                14.568227767944336,
                35.77327346801758
              ]
            ]
          ],
          [
            [
              [
                -5.51620626449585,
                36.15959167480469
              ],
              [
                -5.296883106231689,
                36.3527946472168
              ],
              [
                -5.292408466339111,
                36.28839111328125
              ],
              [
                -5.361068248748779,
                36.15959167480469
              ],
              [
                -5.51620626449585,
                36.15959167480469
              ]
            ]
          ],
          [
            [
              [
                25.99143409729004,
                38.67427444458008
              ],
              [
                26.217344284057617,
                38.54513168334961
              ],
              [
                26.111188888549805,
                38.157840728759766
              ],
              [
                25.876405715942383,
                38.157840728759766
              ],
              [
                25.89913558959961,
                38.48057174682617
              ],
              [
                25.820756912231445,
                38.48057174682617
              ],
              [
                25.912982940673828,
                38.67427444458008
              ],
              [
                25.99143409729004,
                38.67427444458008
              ]
            ]
          ],
          [
            [
              [
                26.043895721435547,
                39.38497543334961
              ],
              [
                26.122615814208984,
                39.38497543334961
              ],
              [
                26.511207580566406,
                39.320335388183594
              ],
              [
                26.643573760986328,
                38.997230529785156
              ],
              [
                26.24588966369629,
                38.93262481689453
              ],
              [
                26.09356689453125,
                38.997230529785156
              ],
              [
                26.103172302246094,
                39.1264533996582
              ],
              [
                25.793418884277344,
                39.19107437133789
              ],
              [
                26.043895721435547,
                39.38497543334961
              ]
            ]
          ],
          [
            [
              [
                25.46186065673828,
                40.031734466552734
              ],
              [
                25.447328567504883,
                39.8376350402832
              ],
              [
                24.973936080932617,
                39.8376350402832
              ],
              [
                25.066978454589844,
                40.031734466552734
              ],
              [
                25.145954132080078,
                40.031734466552734
              ],
              [
                25.46186065673828,
                40.031734466552734
              ]
            ]
          ],
          [
            [
              [
                26.03508949279785,
                40.29063034057617
              ],
              [
                26.024850845336914,
                40.16116714477539
              ],
              [
                25.703752517700195,
                40.0964469909668
              ],
              [
                25.718765258789062,
                40.29063034057617
              ],
              [
                25.7978458404541,
                40.29063034057617
              ],
              [
                26.03508949279785,
                40.29063034057617
              ]
            ]
          ],
          [
            [
              [
                24.808143615722656,
                40.80876541137695
              ],
              [
                24.793624877929688,
                40.614410400390625
              ],
              [
                24.551259994506836,
                40.54964065551758
              ],
              [
                24.490964889526367,
                40.80876541137695
              ],
              [
                24.57025909423828,
                40.80876541137695
              ],
              [
                24.808143615722656,
                40.80876541137695
              ]
            ]
          ],
          [
            [
              [
                24.852645874023438,
                41.39224624633789
              ],
              [
                24.912128448486328,
                41.132843017578125
              ],
              [
                25.07099151611328,
                41.132843017578125
              ],
              [
                25.140329360961914,
                41.00318908691406
              ],
              [
                25.06095314025879,
                41.00318908691406
              ],
              [
                24.34181785583496,
                40.93837356567383
              ],
              [
                24.262470245361328,
                40.93837356567383
              ],
              [
                24.02906036376953,
                41.00318908691406
              ],
              [
                23.958953857421875,
                41.132843017578125
              ],
              [
                23.25290870666504,
                41.26253128051758
              ],
              [
                23.173423767089844,
                41.26253128051758
              ],
              [
                23.093936920166016,
                41.26253128051758
              ],
              [
                23.09832191467285,
                41.32738494873047
              ],
              [
                23.659517288208008,
                41.39224624633789
              ],
              [
                24.151145935058594,
                41.586883544921875
              ],
              [
                24.54927635192871,
                41.586883544921875
              ],
              [
                24.69356346130371,
                41.39224624633789
              ],
              [
                24.852645874023438,
                41.39224624633789
              ]
            ]
          ],
          [
            [
              [
                -55.56839370727539,
                50.04647445678711
              ],
              [
                -55.506744384765625,
                49.91355895996094
              ],
              [
                -55.8865852355957,
                49.64793395996094
              ],
              [
                -55.74216842651367,
                49.51522445678711
              ],
              [
                -55.40789794921875,
                49.51522445678711
              ],
              [
                -55.234500885009766,
                49.316287994384766
              ],
              [
                -54.9841423034668,
                49.316287994384766
              ],
              [
                -54.96017074584961,
                49.44889450073242
              ],
              [
                -54.7095832824707,
                49.44889450073242
              ],
              [
                -54.76923370361328,
                49.58156967163086
              ],
              [
                -54.51841735839844,
                49.58156967163086
              ],
              [
                -54.45899200439453,
                49.44889450073242
              ],
              [
                -53.903682708740234,
                49.51522445678711
              ],
              [
                -53.48197555541992,
                49.316287994384766
              ],
              [
                -53.42416000366211,
                49.18375015258789
              ],
              [
                -53.590919494628906,
                49.18375015258789
              ],
              [
                -53.671207427978516,
                48.98506164550781
              ],
              [
                -53.83774185180664,
                48.98506164550781
              ],
              [
                -54.00135040283203,
                48.786521911621094
              ],
              [
                -53.80466842651367,
                48.52202224731445
              ],
              [
                -53.55563735961914,
                48.52202224731445
              ],
              [
                -53.52892303466797,
                48.654239654541016
              ],
              [
                -53.25159454345703,
                48.5881233215332
              ],
              [
                -53.22472381591797,
                48.72037124633789
              ],
              [
                -53.05848693847656,
                48.72037124633789
              ],
              [
                -52.9467658996582,
                48.455936431884766
              ],
              [
                -53.11271286010742,
                48.455936431884766
              ],
              [
                -53.084922790527344,
                48.38986587524414
              ],
              [
                -53.25080108642578,
                48.38986587524414
              ],
              [
                -53.4990348815918,
                48.191749572753906
              ],
              [
                -53.83035659790039,
                48.191749572753906
              ],
              [
                -53.63689041137695,
                47.92780685424805
              ],
              [
                -53.82990264892578,
                47.79592514038086
              ],
              [
                -53.58287811279297,
                47.598209381103516
              ],
              [
                -53.6373291015625,
                47.730003356933594
              ],
              [
                -53.49943161010742,
                47.79592514038086
              ],
              [
                -53.49898147583008,
                47.993770599365234
              ],
              [
                -53.333534240722656,
                47.993770599365234
              ],
              [
                -53.1677131652832,
                48.191749572753906
              ],
              [
                -52.91922378540039,
                48.191749572753906
              ],
              [
                -52.86445617675781,
                48.059749603271484
              ],
              [
                -53.22441482543945,
                47.730003356933594
              ],
              [
                -53.225852966308594,
                47.53233337402344
              ],
              [
                -53.06089782714844,
                47.53233337402344
              ],
              [
                -52.921104431152344,
                47.79592514038086
              ],
              [
                -52.7558708190918,
                47.79592514038086
              ],
              [
                -52.621849060058594,
                47.46647262573242
              ],
              [
                -52.70429229736328,
                47.46647262573242
              ],
              [
                -52.6805534362793,
                47.20316696166992
              ],
              [
                -52.8187255859375,
                47.13737487792969
              ],
              [
                -52.766056060791016,
                47.005828857421875
              ],
              [
                -52.9041633605957,
                46.94007873535156
              ],
              [
                -52.85176086425781,
                46.808616638183594
              ],
              [
                -53.019657135009766,
                46.61152267456055
              ],
              [
                -53.6756706237793,
                46.61152267456055
              ],
              [
                -53.75489044189453,
                46.808616638183594
              ],
              [
                -53.617156982421875,
                46.87434005737305
              ],
              [
                -53.67030334472656,
                47.005828857421875
              ],
              [
                -53.919097900390625,
                46.808616638183594
              ],
              [
                -54.24750900268555,
                46.808616638183594
              ],
              [
                -54.27264404296875,
                47.07159423828125
              ],
              [
                -53.913814544677734,
                47.4006233215332
              ],
              [
                -54.105350494384766,
                47.86185836791992
              ],
              [
                -54.49067687988281,
                47.4006233215332
              ],
              [
                -55.01252746582031,
                47.26897048950195
              ],
              [
                -55.012786865234375,
                47.07159423828125
              ],
              [
                -55.36927032470703,
                46.94007873535156
              ],
              [
                -55.34202194213867,
                46.87434005737305
              ],
              [
                -55.999114990234375,
                46.87434005737305
              ],
              [
                -56.08188247680664,
                47.07159423828125
              ],
              [
                -55.42422866821289,
                47.26897048950195
              ],
              [
                -55.28781509399414,
                47.53233337402344
              ],
              [
                -55.04037857055664,
                47.53233337402344
              ],
              [
                -55.09592819213867,
                47.664100646972656
              ],
              [
                -55.42612075805664,
                47.664100646972656
              ],
              [
                -55.37029266357422,
                47.53233337402344
              ],
              [
                -55.479591369628906,
                47.4006233215332
              ],
              [
                -55.837158203125,
                47.46647262573242
              ],
              [
                -55.8670654296875,
                47.730003356933594
              ],
              [
                -56.1973991394043,
                47.730003356933594
              ],
              [
                -56.22330093383789,
                47.598209381103516
              ],
              [
                -56.635868072509766,
                47.598209381103516
              ],
              [
                -56.60747146606445,
                47.53233337402344
              ],
              [
                -57.985111236572266,
                47.664100646972656
              ],
              [
                -59.358802795410156,
                47.598209381103516
              ],
              [
                -59.44792175292969,
                47.79592514038086
              ],
              [
                -59.36530685424805,
                47.79592514038086
              ],
              [
                -59.50775909423828,
                47.92780685424805
              ],
              [
                -59.34977722167969,
                48.1257438659668
              ],
              [
                -58.5889892578125,
                48.455936431884766
              ],
              [
                -59.200321197509766,
                48.52202224731445
              ],
              [
                -59.261634826660156,
                48.654239654541016
              ],
              [
                -58.90755081176758,
                48.786521911621094
              ],
              [
                -58.76313781738281,
                48.654239654541016
              ],
              [
                -58.771976470947266,
                48.852684020996094
              ],
              [
                -58.56254196166992,
                49.11750411987305
              ],
              [
                -58.14583969116211,
                49.11750411987305
              ],
              [
                -58.35353088378906,
                49.38258361816406
              ],
              [
                -58.27003860473633,
                49.38258361816406
              ],
              [
                -58.33275604248047,
                49.51522445678711
              ],
              [
                -57.94624710083008,
                49.58156967163086
              ],
              [
                -58.0726318359375,
                49.84712600708008
              ],
              [
                -57.67755889892578,
                50.2459831237793
              ],
              [
                -57.7421989440918,
                50.37908172607422
              ],
              [
                -57.53587341308594,
                50.64549255371094
              ],
              [
                -57.367401123046875,
                50.64549255371094
              ],
              [
                -57.432891845703125,
                50.77880859375
              ],
              [
                -57.12836837768555,
                50.84549331665039
              ],
              [
                -56.88615798950195,
                51.37968063354492
              ],
              [
                -56.580711364746094,
                51.44654083251953
              ],
              [
                -56.6141357421875,
                51.51342010498047
              ],
              [
                -56.2750358581543,
                51.51342010498047
              ],
              [
                -56.17214584350586,
                51.64724349975586
              ],
              [
                -55.460227966308594,
                51.580322265625
              ],
              [
                -55.53112030029297,
                51.37968063354492
              ],
              [
                -55.95457077026367,
                51.37968063354492
              ],
              [
                -55.97346115112305,
                51.24601745605469
              ],
              [
                -55.80424880981445,
                51.24601745605469
              ],
              [
                -55.70660400390625,
                51.04566955566406
              ],
              [
                -55.91518783569336,
                50.77880859375
              ],
              [
                -56.16813659667969,
                50.77880859375
              ],
              [
                -56.135948181152344,
                50.71213912963867
              ],
              [
                -56.22022247314453,
                50.71213912963867
              ],
              [
                -56.156089782714844,
                50.578861236572266
              ],
              [
                -56.60637283325195,
                50.11296081542969
              ],
              [
                -56.407161712646484,
                50.04647445678711
              ],
              [
                -56.38607406616211,
                50.17946243286133
              ],
              [
                -56.218162536621094,
                50.17946243286133
              ],
              [
                -56.1555290222168,
                50.04647445678711
              ],
              [
                -55.56839370727539,
                50.04647445678711
              ]
            ]
          ],
          [
            [
              [
                2.938045263290405,
                50.77880859375
              ],
              [
                2.612135887145996,
                50.578861236572266
              ],
              [
                2.61966609954834,
                50.445655822753906
              ],
              [
                2.535551309585571,
                50.445655822753906
              ],
              [
                2.638346433639526,
                50.11296081542969
              ],
              [
                2.474304437637329,
                50.04647445678711
              ],
              [
                2.294918537139893,
                50.2459831237793
              ],
              [
                2.359550476074219,
                50.578861236572266
              ],
              [
                2.275355339050293,
                50.578861236572266
              ],
              [
                2.267467260360718,
                50.71213912963867
              ],
              [
                1.909662842750549,
                51.04566955566406
              ],
              [
                1.905493497848511,
                51.112430572509766
              ],
              [
                2.658580541610718,
                51.24601745605469
              ],
              [
                2.743186473846436,
                51.24601745605469
              ],
              [
                2.938045263290405,
                50.77880859375
              ]
            ]
          ],
          [
            [
              [
                -6.086330413818359,
                52.85536575317383
              ],
              [
                -6.171980857849121,
                52.85536575317383
              ],
              [
                -6.14614200592041,
                52.653533935546875
              ],
              [
                -6.2316575050354,
                52.653533935546875
              ],
              [
                -6.427507877349854,
                52.18334197998047
              ],
              [
                -7.611197948455811,
                52.11625671386719
              ],
              [
                -8.075331687927246,
                51.78114318847656
              ],
              [
                -8.415112495422363,
                51.78114318847656
              ],
              [
                -8.481083869934082,
                51.64724349975586
              ],
              [
                -9.639079093933105,
                51.44654083251953
              ],
              [
                -9.808544158935547,
                51.44654083251953
              ],
              [
                -9.92369556427002,
                51.64724349975586
              ],
              [
                -10.167977333068848,
                51.580322265625
              ],
              [
                -10.188602447509766,
                51.71418380737305
              ],
              [
                -10.45379638671875,
                51.78114318847656
              ],
              [
                -10.485442161560059,
                51.98215103149414
              ],
              [
                -10.25121021270752,
                52.11625671386719
              ],
              [
                -10.506694793701172,
                52.11625671386719
              ],
              [
                -10.528071403503418,
                52.250450134277344
              ],
              [
                -9.941752433776855,
                52.31757736206055
              ],
              [
                -9.973213195800781,
                52.51908493041992
              ],
              [
                -9.727348327636719,
                52.586299896240234
              ],
              [
                -9.74826431274414,
                52.720787048339844
              ],
              [
                -9.437079429626465,
                52.92268753051758
              ],
              [
                -9.468400001525879,
                53.124786376953125
              ],
              [
                -9.382568359375,
                53.124786376953125
              ],
              [
                -10.209695816040039,
                53.462066650390625
              ],
              [
                -10.231764793395996,
                53.597137451171875
              ],
              [
                -9.984235763549805,
                53.664710998535156
              ],
              [
                -10.006207466125488,
                53.799922943115234
              ],
              [
                -9.833613395690918,
                53.799922943115234
              ],
              [
                -10.084067344665527,
                54.27390670776367
              ],
              [
                -9.49949836730957,
                54.4095458984375
              ],
              [
                -8.697977066040039,
                54.27390670776367
              ],
              [
                -8.642707824707031,
                54.47740173339844
              ],
              [
                -8.316265106201172,
                54.613189697265625
              ],
              [
                -8.837503433227539,
                54.613189697265625
              ],
              [
                -8.869585037231445,
                54.817054748535156
              ],
              [
                -8.532058715820312,
                54.88506317138672
              ],
              [
                -8.56389045715332,
                55.089229583740234
              ],
              [
                -8.41061782836914,
                55.225467681884766
              ],
              [
                -7.886708736419678,
                55.225467681884766
              ],
              [
                -7.819964408874512,
                55.36180877685547
              ],
              [
                -7.120616436004639,
                55.36180877685547
              ],
              [
                -7.013527870178223,
                55.225467681884766
              ],
              [
                -6.149667739868164,
                55.29362487792969
              ],
              [
                -5.727906227111816,
                54.74907684326172
              ],
              [
                -5.553964138031006,
                54.74907684326172
              ],
              [
                -5.527542591094971,
                54.545284271240234
              ],
              [
                -5.440718173980713,
                54.545284271240234
              ],
              [
                -5.501331806182861,
                54.341712951660156
              ],
              [
                -5.588010787963867,
                54.341712951660156
              ],
              [
                -5.899145126342773,
                54.07062530517578
              ],
              [
                -6.331579685211182,
                54.07062530517578
              ],
              [
                -6.286456108093262,
                53.732303619384766
              ],
              [
                -6.087455749511719,
                53.52959060668945
              ],
              [
                -6.241942882537842,
                53.39456558227539
              ],
              [
                -6.14714241027832,
                53.32708740234375
              ],
              [
                -6.086330413818359,
                52.85536575317383
              ]
            ]
          ],
          [
            [
              [
                -4.382591724395752,
                54.4095458984375
              ],
              [
                -4.358400821685791,
                54.20612335205078
              ],
              [
                -4.861302852630615,
                54.07062530517578
              ],
              [
                -4.799596309661865,
                54.27390670776367
              ],
              [
                -4.807900905609131,
                54.341712951660156
              ],
              [
                -4.382591724395752,
                54.4095458984375
              ]
            ]
          ],
          [
            [
              [
                -2.671310901641846,
                56.25059127807617
              ],
              [
                -3.103936910629272,
                56.182064056396484
              ],
              [
                -3.26426100730896,
                56.04508590698242
              ],
              [
                -2.656256437301636,
                56.11355972290039
              ],
              [
                -2.01904296875,
                55.90821838378906
              ],
              [
                -1.734845399856567,
                55.70311737060547
              ],
              [
                -1.606520295143127,
                55.29362487792969
              ],
              [
                -1.519152045249939,
                55.29362487792969
              ],
              [
                -1.486006855964661,
                54.95309066772461
              ],
              [
                -1.398887872695923,
                54.95309066772461
              ],
              [
                -1.285956144332886,
                54.681121826171875
              ],
              [
                -0.671433329582214,
                54.613189697265625
              ],
              [
                -0.202435865998268,
                54.20612335205078
              ],
              [
                -0.17964468896389,
                53.93522644042969
              ],
              [
                0.004257039166987,
                53.799922943115234
              ],
              [
                0.020827349275351,
                53.597137451171875
              ],
              [
                0.29531991481781,
                53.39456558227539
              ],
              [
                0.316494405269623,
                53.124786376953125
              ],
              [
                0.06977716833353,
                52.99003219604492
              ],
              [
                0.166152358055115,
                52.85536575317383
              ],
              [
                0.337453275918961,
                52.85536575317383
              ],
              [
                0.493327647447586,
                53.057395935058594
              ],
              [
                1.093834638595581,
                53.057395935058594
              ],
              [
                1.622210025787354,
                52.85536575317383
              ],
              [
                1.739019155502319,
                52.38472366333008
              ],
              [
                1.653681755065918,
                52.38472366333008
              ],
              [
                1.586262822151184,
                52.11625671386719
              ],
              [
                1.425007224082947,
                51.98215103149414
              ],
              [
                1.169783234596252,
                51.98215103149414
              ],
              [
                1.183690190315247,
                51.78114318847656
              ],
              [
                0.843909561634064,
                51.78114318847656
              ],
              [
                0.862975299358368,
                51.51342010498047
              ],
              [
                0.523877322673798,
                51.51342010498047
              ],
              [
                1.380577206611633,
                51.37968063354492
              ],
              [
                1.313834071159363,
                51.112430572509766
              ],
              [
                0.492853790521622,
                50.77880859375
              ],
              [
                -1.367843627929688,
                50.84549331665039
              ],
              [
                -1.109168291091919,
                50.77880859375
              ],
              [
                -1.176646590232849,
                50.578861236572266
              ],
              [
                -1.513427257537842,
                50.578861236572266
              ],
              [
                -1.524962306022644,
                50.71213912963867
              ],
              [
                -2.607964515686035,
                50.578861236572266
              ],
              [
                -2.789105415344238,
                50.71213912963867
              ],
              [
                -3.12621021270752,
                50.71213912963867
              ],
              [
                -3.456606388092041,
                50.64549255371094
              ],
              [
                -3.584736108779907,
                50.2459831237793
              ],
              [
                -4.088706493377686,
                50.2459831237793
              ],
              [
                -4.186630249023438,
                50.37908172607422
              ],
              [
                -4.354779243469238,
                50.37908172607422
              ],
              [
                -4.928657054901123,
                50.2459831237793
              ],
              [
                -5.151133060455322,
                49.98000717163086
              ],
              [
                -5.745615005493164,
                50.04647445678711
              ],
              [
                -5.768607616424561,
                50.2459831237793
              ],
              [
                -5.279601097106934,
                50.37908172607422
              ],
              [
                -5.133819580078125,
                50.578861236572266
              ],
              [
                -4.881234169006348,
                50.578861236572266
              ],
              [
                -4.819114208221436,
                50.77880859375
              ],
              [
                -4.657799243927002,
                50.84549331665039
              ],
              [
                -4.67988109588623,
                51.04566955566406
              ],
              [
                -4.426436901092529,
                51.04566955566406
              ],
              [
                -4.201729774475098,
                51.31283950805664
              ],
              [
                -3.094635725021362,
                51.24601745605469
              ],
              [
                -3.107994079589844,
                51.37968063354492
              ],
              [
                -2.945236444473267,
                51.44654083251953
              ],
              [
                -3.121426105499268,
                51.51342010498047
              ],
              [
                -3.277374029159546,
                51.37968063354492
              ],
              [
                -3.70082426071167,
                51.37968063354492
              ],
              [
                -3.891522645950317,
                51.580322265625
              ],
              [
                -4.308269023895264,
                51.51342010498047
              ],
              [
                -4.415247440338135,
                51.71418380737305
              ],
              [
                -5.078959941864014,
                51.580322265625
              ],
              [
                -5.264270305633545,
                51.71418380737305
              ],
              [
                -5.295889377593994,
                51.98215103149414
              ],
              [
                -4.893810749053955,
                52.18334197998047
              ],
              [
                -4.39012336730957,
                52.250450134277344
              ],
              [
                -4.156738758087158,
                52.4518928527832
              ],
              [
                -4.29533576965332,
                52.92268753051758
              ],
              [
                -4.793659210205078,
                52.78806686401367
              ],
              [
                -4.809510231018066,
                52.92268753051758
              ],
              [
                -4.490120410919189,
                53.124786376953125
              ],
              [
                -4.669717311859131,
                53.192195892333984
              ],
              [
                -4.701662540435791,
                53.462066650390625
              ],
              [
                -4.271347522735596,
                53.462066650390625
              ],
              [
                -4.162125587463379,
                53.25962829589844
              ],
              [
                -3.317377805709839,
                53.39456558227539
              ],
              [
                -3.152528285980225,
                53.462066650390625
              ],
              [
                -3.095205545425415,
                53.732303619384766
              ],
              [
                -3.196035623550415,
                53.86756134033203
              ],
              [
                -2.96582555770874,
                54.138362884521484
              ],
              [
                -3.304538726806641,
                54.07062530517578
              ],
              [
                -3.319409608840942,
                54.20612335205078
              ],
              [
                -3.586766958236694,
                54.27390670776367
              ],
              [
                -3.71977162361145,
                54.681121826171875
              ],
              [
                -3.569097280502319,
                54.88506317138672
              ],
              [
                -4.423340797424316,
                54.74907684326172
              ],
              [
                -4.953676700592041,
                54.817054748535156
              ],
              [
                -4.936679363250732,
                54.681121826171875
              ],
              [
                -5.206079959869385,
                54.74907684326172
              ],
              [
                -5.32801628112793,
                55.021148681640625
              ],
              [
                -5.153679370880127,
                55.021148681640625
              ],
              [
                -5.171102046966553,
                55.15733337402344
              ],
              [
                -4.768880844116211,
                55.430015563964844
              ],
              [
                -4.794708251953125,
                55.63479995727539
              ],
              [
                -4.978706836700439,
                55.70311737060547
              ],
              [
                -4.996289253234863,
                55.83982467651367
              ],
              [
                -5.444243907928467,
                55.90821838378906
              ],
              [
                -5.426101684570312,
                55.77145767211914
              ],
              [
                -5.162932395935059,
                55.77145767211914
              ],
              [
                -5.118756771087646,
                55.430015563964844
              ],
              [
                -5.381163120269775,
                55.430015563964844
              ],
              [
                -5.574207305908203,
                55.56651306152344
              ],
              [
                -5.625458240509033,
                55.29362487792969
              ],
              [
                -5.887563228607178,
                55.29362487792969
              ],
              [
                -5.915220260620117,
                55.498252868652344
              ],
              [
                -5.689270496368408,
                55.77145767211914
              ],
              [
                -5.80486011505127,
                55.97663879394531
              ],
              [
                -5.89273738861084,
                55.97663879394531
              ],
              [
                -5.952439785003662,
                55.77145767211914
              ],
              [
                -6.127885818481445,
                55.77145767211914
              ],
              [
                -6.187198638916016,
                55.56651306152344
              ],
              [
                -6.362338542938232,
                55.56651306152344
              ],
              [
                -6.381457328796387,
                55.70311737060547
              ],
              [
                -6.634748458862305,
                55.63479995727539
              ],
              [
                -6.507877826690674,
                55.97663879394531
              ],
              [
                -6.068491458892822,
                55.97663879394531
              ],
              [
                -5.920981407165527,
                56.182064056396484
              ],
              [
                -5.656883716583252,
                56.182064056396484
              ],
              [
                -5.684883117675781,
                56.387733459472656
              ],
              [
                -6.292484283447266,
                56.319149017333984
              ],
              [
                -6.23344087600708,
                56.524986267089844
              ],
              [
                -6.341366291046143,
                56.662349700927734
              ],
              [
                -5.908953666687012,
                56.731075286865234
              ],
              [
                -5.947565078735352,
                57.00625228881836
              ],
              [
                -6.055799961090088,
                57.14401626586914
              ],
              [
                -6.410901069641113,
                57.14401626586914
              ],
              [
                -6.618975639343262,
                57.35087585449219
              ],
              [
                -6.796852111816406,
                57.35087585449219
              ],
              [
                -6.817555904388428,
                57.488929748535156
              ],
              [
                -6.471539974212646,
                57.55800247192383
              ],
              [
                -6.502223968505859,
                57.7653923034668
              ],
              [
                -6.323688507080078,
                57.7653923034668
              ],
              [
                -6.11513090133667,
                57.55800247192383
              ],
              [
                -6.085347175598145,
                57.35087585449219
              ],
              [
                -5.808821201324463,
                57.28189468383789
              ],
              [
                -5.700699329376221,
                57.14401626586914
              ],
              [
                -5.729594707489014,
                57.35087585449219
              ],
              [
                -5.917263507843018,
                57.41988754272461
              ],
              [
                -5.887243270874023,
                57.8345832824707
              ],
              [
                -5.728240966796875,
                57.97305679321289
              ],
              [
                -5.459936618804932,
                57.97305679321289
              ],
              [
                -5.418947219848633,
                58.31977081298828
              ],
              [
                -5.239514827728271,
                58.31977081298828
              ],
              [
                -5.258847236633301,
                58.45867156982422
              ],
              [
                -5.169017314910889,
                58.45867156982422
              ],
              [
                -5.198037147521973,
                58.66725540161133
              ],
              [
                -4.019067287445068,
                58.59769821166992
              ],
              [
                -3.676762819290161,
                58.73685073852539
              ],
              [
                -3.136410236358643,
                58.73685073852539
              ],
              [
                -3.021383285522461,
                58.528167724609375
              ],
              [
                -3.428223133087158,
                58.180992126464844
              ],
              [
                -4.118414402008057,
                57.97305679321289
              ],
              [
                -3.930825471878052,
                57.903804779052734
              ],
              [
                -3.994018077850342,
                57.696231842041016
              ],
              [
                -3.726380348205566,
                57.696231842041016
              ],
              [
                -3.734920263290405,
                57.7653923034668
              ],
              [
                -1.852917313575745,
                57.696231842041016
              ],
              [
                -1.823600172996521,
                57.41988754272461
              ],
              [
                -2.075707674026489,
                57.28189468383789
              ],
              [
                -2.208682298660278,
                56.86860656738281
              ],
              [
                -2.532599925994873,
                56.59365463256836
              ],
              [
                -2.789952516555786,
                56.524986267089844
              ],
              [
                -2.671310901641846,
                56.25059127807617
              ]
            ]
          ],
          [
            [
              [
                -7.288100242614746,
                57.07511901855469
              ],
              [
                -7.465542793273926,
                57.07511901855469
              ],
              [
                -7.597294807434082,
                57.35087585449219
              ],
              [
                -7.252153396606445,
                57.41988754272461
              ],
              [
                -7.230959415435791,
                57.28189468383789
              ],
              [
                -7.319843292236328,
                57.28189468383789
              ],
              [
                -7.288100242614746,
                57.07511901855469
              ]
            ]
          ],
          [
            [
              [
                -7.562519073486328,
                57.696231842041016
              ],
              [
                -7.116456508636475,
                57.696231842041016
              ],
              [
                -7.105842113494873,
                57.62710189819336
              ],
              [
                -7.440887928009033,
                57.488929748535156
              ],
              [
                -7.562519073486328,
                57.696231842041016
              ]
            ]
          ],
          [
            [
              [
                -7.06976318359375,
                57.97305679321289
              ],
              [
                -7.281157493591309,
                58.180992126464844
              ],
              [
                -6.854404926300049,
                58.31977081298828
              ],
              [
                -6.764688491821289,
                58.31977081298828
              ],
              [
                -6.785952091217041,
                58.45867156982422
              ],
              [
                -6.25730562210083,
                58.528167724609375
              ],
              [
                -6.205919742584229,
                58.180992126464844
              ],
              [
                -6.385126113891602,
                58.180992126464844
              ],
              [
                -6.52281665802002,
                57.903804779052734
              ],
              [
                -7.12709903717041,
                57.7653923034668
              ],
              [
                -7.06976318359375,
                57.97305679321289
              ]
            ]
          ],
          [
            [
              [
                -2.809081315994263,
                59.015533447265625
              ],
              [
                -2.792584657669067,
                58.876129150390625
              ],
              [
                -2.972933053970337,
                58.876129150390625
              ],
              [
                -3.063107252120972,
                58.876129150390625
              ],
              [
                -3.415184020996094,
                58.80647277832031
              ],
              [
                -3.531404256820679,
                59.015533447265625
              ],
              [
                -3.441113948822021,
                59.015533447265625
              ],
              [
                -3.376785039901733,
                59.22488784790039
              ],
              [
                -3.195853710174561,
                59.22488784790039
              ],
              [
                -3.088408470153809,
                59.08528518676758
              ],
              [
                -2.809081315994263,
                59.015533447265625
              ]
            ]
          ],
          [
            [
              [
                -2.644851207733154,
                59.15507125854492
              ],
              [
                -2.825665473937988,
                59.15507125854492
              ],
              [
                -2.842337846755981,
                59.294734954833984
              ],
              [
                -2.578956842422485,
                59.36461639404297
              ],
              [
                -2.562593460083008,
                59.22488784790039
              ],
              [
                -2.653059244155884,
                59.22488784790039
              ],
              [
                -2.644851207733154,
                59.15507125854492
              ]
            ]
          ],
          [
            [
              [
                -1.203181028366089,
                60.065250396728516
              ],
              [
                -1.674645304679871,
                60.20578384399414
              ],
              [
                -1.63013768196106,
                60.628211975097656
              ],
              [
                -1.36280632019043,
                60.69873809814453
              ],
              [
                -1.347454905509949,
                60.557716369628906
              ],
              [
                -1.255844354629517,
                60.557716369628906
              ],
              [
                -1.278715848922729,
                60.76930236816406
              ],
              [
                -0.827084124088287,
                60.83990478515625
              ],
              [
                -0.805085599422455,
                60.628211975097656
              ],
              [
                -1.164233803749084,
                60.557716369628906
              ],
              [
                -1.050302863121033,
                60.34645080566406
              ],
              [
                -1.141728639602661,
                60.34645080566406
              ],
              [
                -1.203181028366089,
                60.065250396728516
              ]
            ]
          ],
          [
            [
              [
                143.99758911132812,
                -39.715576171875
              ],
              [
                144.0414276123047,
                -39.78025817871094
              ],
              [
                144.08543395996094,
                -39.84494400024414
              ],
              [
                144.1295928955078,
                -39.909637451171875
              ],
              [
                144.06419797440384,
                -39.909637451171875
              ],
              [
                143.91038513183594,
                -39.586238861083984
              ],
              [
                143.9539031982422,
                -39.65090560913086
              ],
              [
                143.99758911132812,
                -39.715576171875
              ]
            ]
          ],
          [
            [
              [
                137.94970562793577,
                -35.918500765730634
              ],
              [
                137.97964477539062,
                -35.973690032958984
              ],
              [
                137.90213012695312,
                -35.973690032958984
              ],
              [
                137.82461547851562,
                -35.973690032958984
              ],
              [
                137.7471160888672,
                -35.973690032958984
              ],
              [
                137.6696014404297,
                -35.973690032958984
              ],
              [
                137.59210205078125,
                -35.973690032958984
              ],
              [
                137.51458740234375,
                -35.973690032958984
              ],
              [
                137.94970562793577,
                -35.918500765730634
              ]
            ]
          ],
          [
            [
              [
                137.34164428710938,
                -35.651798248291016
              ],
              [
                137.41905212402344,
                -35.651798248291016
              ],
              [
                137.49644470214844,
                -35.651798248291016
              ],
              [
                136.74685707939304,
                -35.697775607748696
              ],
              [
                136.722412109375,
                -35.651798248291016
              ],
              [
                136.79981994628906,
                -35.651798248291016
              ],
              [
                136.87722778320312,
                -35.651798248291016
              ],
              [
                136.95462036132812,
                -35.651798248291016
              ],
              [
                137.0320281982422,
                -35.651798248291016
              ],
              [
                137.10943603515625,
                -35.651798248291016
              ],
              [
                137.18682861328125,
                -35.651798248291016
              ],
              [
                137.2642364501953,
                -35.651798248291016
              ],
              [
                137.34164428710938,
                -35.651798248291016
              ]
            ]
          ],
          [
            [
              [
                57.62409973144531,
                -20.350648880004883
              ],
              [
                57.56508255004883,
                -20.543508529663086
              ],
              [
                57.194278717041016,
                -20.543508529663086
              ],
              [
                57.179283142089844,
                -20.350648880004883
              ],
              [
                57.44566345214844,
                -19.96493148803711
              ],
              [
                57.67298126220703,
                -20.029216766357422
              ],
              [
                57.69823455810547,
                -20.350648880004883
              ],
              [
                57.62409973144531,
                -20.350648880004883
              ]
            ]
          ],
          [
            [
              [
                136.64654541015625,
                -11.157526969909668
              ],
              [
                136.6542510986328,
                -11.22181510925293
              ],
              [
                136.66201782226562,
                -11.286102294921875
              ],
              [
                136.5888214111328,
                -11.286102294921875
              ],
              [
                136.64654541015625,
                -11.157526969909668
              ]
            ]
          ],
          [
            [
              [
                136.5001678466797,
                -11.157526969909668
              ],
              [
                136.5733642578125,
                -11.157526969909668
              ],
              [
                136.64654541015625,
                -11.157526969909668
              ],
              [
                136.50530479383434,
                -11.200384240286311
              ],
              [
                136.5001678466797,
                -11.157526969909668
              ]
            ]
          ],
          [
            [
              [
                55.42900085449219,
                -4.728769302368164
              ],
              [
                55.430362701416016,
                -4.793056964874268
              ],
              [
                55.20771789550781,
                -4.600193977355957
              ],
              [
                55.426307678222656,
                -4.600193977355957
              ],
              [
                55.42900085449219,
                -4.728769302368164
              ]
            ]
          ],
          [
            [
              [
                103.98136138916016,
                2.728590965270996
              ],
              [
                104.06256103515625,
                2.921453714370728
              ],
              [
                104.20537567138672,
                2.857166290283203
              ],
              [
                104.19979858398438,
                2.728590965270996
              ],
              [
                104.12698364257812,
                2.728590965270996
              ],
              [
                103.98136138916016,
                2.728590965270996
              ]
            ]
          ],
          [
            [
              [
                113.75458526611328,
                1.378551483154297
              ],
              [
                113.60415649414062,
                1.249976277351379
              ],
              [
                113.09705352783203,
                1.314263939857483
              ],
              [
                112.81573486328125,
                1.571414232254028
              ],
              [
                112.37899017333984,
                1.571414232254028
              ],
              [
                112.08043670654297,
                1.378551483154297
              ],
              [
                111.99812316894531,
                1.121401190757751
              ],
              [
                111.70236206054688,
                0.992826044559479
              ],
              [
                110.8289566040039,
                0.992826044559479
              ],
              [
                110.46053314208984,
                0.864250957965851
              ],
              [
                109.8896713256836,
                1.185688734054565
              ],
              [
                109.61785125732422,
                1.699989318847656
              ],
              [
                109.47477722167969,
                1.76427698135376
              ],
              [
                109.48245239257812,
                1.957139730453491
              ],
              [
                109.48505401611328,
                2.021427392959595
              ],
              [
                109.63065338134766,
                2.021427392959595
              ],
              [
                109.6254653930664,
                1.892852187156677
              ],
              [
                109.98182678222656,
                1.699989318847656
              ],
              [
                110.27806854248047,
                1.828564524650574
              ],
              [
                110.48639678955078,
                1.571414232254028
              ],
              [
                110.9206771850586,
                1.507126569747925
              ],
              [
                111.01384735107422,
                2.021427392959595
              ],
              [
                111.1647720336914,
                2.150002479553223
              ],
              [
                111.10289764404297,
                2.407152891159058
              ],
              [
                111.2485122680664,
                2.407152891159058
              ],
              [
                111.26271057128906,
                2.728590965270996
              ],
              [
                111.70841979980469,
                2.921453714370728
              ],
              [
                112.80979919433594,
                3.114316701889038
              ],
              [
                113.11360931396484,
                3.371467113494873
              ],
              [
                113.20266723632812,
                3.692905426025391
              ],
              [
                113.65660095214844,
                4.01434326171875
              ],
              [
                113.83073425292969,
                4.528644561767578
              ],
              [
                113.98013305664062,
                4.592932224273682
              ],
              [
                114.05299377441406,
                4.592932224273682
              ],
              [
                114.05670166015625,
                4.657219886779785
              ],
              [
                114.27529907226562,
                4.657219886779785
              ],
              [
                114.73540496826172,
                5.042945861816406
              ],
              [
                115.09588623046875,
                4.978658199310303
              ],
              [
                115.16876220703125,
                4.978658199310303
              ],
              [
                115.24163055419922,
                4.978658199310303
              ],
              [
                115.31450653076172,
                4.978658199310303
              ],
              [
                115.31841278076172,
                5.042945861816406
              ],
              [
                115.39128875732422,
                5.042945861816406
              ],
              [
                115.39522552490234,
                5.10723352432251
              ],
              [
                115.4720687866211,
                5.171521186828613
              ],
              [
                115.26142883300781,
                5.300096035003662
              ],
              [
                115.3465347290039,
                5.492959022521973
              ],
              [
                115.5006103515625,
                5.62153434753418
              ],
              [
                115.79219818115234,
                5.62153434753418
              ],
              [
                116.04978942871094,
                6.200123310089111
              ],
              [
                116.35498809814453,
                6.392985820770264
              ],
              [
                116.69381713867188,
                7.035862445831299
              ],
              [
                116.8397216796875,
                7.035862445831299
              ],
              [
                116.82048797607422,
                6.778711795806885
              ],
              [
                116.8934326171875,
                6.778711795806885
              ],
              [
                116.90299224853516,
                6.907287120819092
              ],
              [
                117.2044906616211,
                7.035862445831299
              ],
              [
                117.25814056396484,
                6.778711795806885
              ],
              [
                117.74519348144531,
                6.457273483276367
              ],
              [
                117.63619232177734,
                5.942972660064697
              ],
              [
                117.70909881591797,
                5.942972660064697
              ],
              [
                118.00959777832031,
                6.071547985076904
              ],
              [
                118.06488800048828,
                5.81439733505249
              ],
              [
                118.36087799072266,
                5.878684997558594
              ],
              [
                118.562255859375,
                5.62153434753418
              ],
              [
                119.13690185546875,
                5.492959022521973
              ],
              [
                119.2742691040039,
                5.364383697509766
              ],
              [
                119.26185607910156,
                5.171521186828613
              ],
              [
                118.80848693847656,
                4.914370536804199
              ],
              [
                118.15660095214844,
                4.978658199310303
              ],
              [
                118.14480590820312,
                4.785795211791992
              ],
              [
                118.50140380859375,
                4.657219886779785
              ],
              [
                118.5553970336914,
                4.335781574249268
              ],
              [
                117.60829162597656,
                4.335781574249268
              ],
              [
                117.52452087402344,
                4.142918586730957
              ],
              [
                117.45167541503906,
                4.142918586730957
              ],
              [
                117.1711654663086,
                4.335781574249268
              ],
              [
                115.78693389892578,
                4.335781574249268
              ],
              [
                115.62692260742188,
                4.078630924224854
              ],
              [
                115.51372528076172,
                3.30717945098877
              ],
              [
                115.35546112060547,
                3.050029039382935
              ],
              [
                115.28263854980469,
                3.050029039382935
              ],
              [
                115.05803680419922,
                2.921453714370728
              ],
              [
                115.11013793945312,
                2.471440553665161
              ],
              [
                114.73482513427734,
                2.214290142059326
              ],
              [
                114.79673767089844,
                1.957139730453491
              ],
              [
                114.562744140625,
                1.571414232254028
              ],
              [
                114.41215515136719,
                1.442839026451111
              ],
              [
                113.75458526611328,
                1.378551483154297
              ]
            ]
          ],
          [
            [
              [
                103.16619873046875,
                5.364383697509766
              ],
              [
                103.36314392089844,
                4.978658199310303
              ],
              [
                103.40839385986328,
                4.464356899261475
              ],
              [
                103.48124694824219,
                4.464356899261475
              ],
              [
                103.36668395996094,
                3.628617763519287
              ],
              [
                103.4043960571289,
                2.857166290283203
              ],
              [
                103.82755279541016,
                2.535728216171265
              ],
              [
                103.96255493164062,
                2.27857780456543
              ],
              [
                103.95481872558594,
                2.085714817047119
              ],
              [
                104.23108673095703,
                1.699989318847656
              ],
              [
                104.14411163330078,
                1.314263939857483
              ],
              [
                103.27066040039062,
                1.314263939857483
              ],
              [
                103.27527618408203,
                1.442839026451111
              ],
              [
                103.06398010253906,
                1.635701775550842
              ],
              [
                102.63202667236328,
                1.76427698135376
              ],
              [
                102.35320281982422,
                2.085714817047119
              ],
              [
                101.9917221069336,
                2.150002479553223
              ],
              [
                101.71080780029297,
                2.407152891159058
              ],
              [
                101.71607971191406,
                2.535728216171265
              ],
              [
                101.42749786376953,
                2.600015640258789
              ],
              [
                101.2171630859375,
                2.7928786277771
              ],
              [
                101.23393249511719,
                3.178604364395142
              ],
              [
                100.81448364257812,
                3.564330101013184
              ],
              [
                100.48112487792969,
                4.207206249237061
              ],
              [
                100.5107650756836,
                4.785795211791992
              ],
              [
                100.23651123046875,
                5.10723352432251
              ],
              [
                100.2840347290039,
                5.942972660064697
              ],
              [
                100.0235824584961,
                6.457273483276367
              ],
              [
                100.027587890625,
                6.521561145782471
              ],
              [
                100.32742309570312,
                6.650136470794678
              ],
              [
                100.39224243164062,
                6.521561145782471
              ],
              [
                100.67993927001953,
                6.457273483276367
              ],
              [
                101.09375,
                6.071547985076904
              ],
              [
                101.00929260253906,
                5.878684997558594
              ],
              [
                101.06714630126953,
                5.62153434753418
              ],
              [
                101.51963806152344,
                5.878684997558594
              ],
              [
                101.59254455566406,
                5.878684997558594
              ],
              [
                101.65782928466797,
                5.750109672546387
              ],
              [
                101.87653350830078,
                5.750109672546387
              ],
              [
                102.0534896850586,
                6.264410972595215
              ],
              [
                102.12641143798828,
                6.264410972595215
              ],
              [
                102.34117889404297,
                6.200123310089111
              ],
              [
                102.40226745605469,
                6.007260322570801
              ],
              [
                103.16619873046875,
                5.364383697509766
              ]
            ]
          ],
          [
            [
              [
                99.88172912597656,
                6.521561145782471
              ],
              [
                99.8658676147461,
                6.264410972595215
              ],
              [
                99.64710235595703,
                6.264410972595215
              ],
              [
                99.6510238647461,
                6.328698635101318
              ],
              [
                99.58204650878906,
                6.392985820770264
              ],
              [
                99.88172912597656,
                6.521561145782471
              ]
            ]
          ],
          [
            [
              [
                93.7378921508789,
                7.421587944030762
              ],
              [
                93.72565460205078,
                7.228724956512451
              ],
              [
                93.87158203125,
                7.228724956512451
              ],
              [
                93.86353302001953,
                7.100150108337402
              ],
              [
                93.85954284667969,
                7.035862445831299
              ],
              [
                93.920654296875,
                6.842999458312988
              ],
              [
                93.69792938232422,
                6.778711795806885
              ],
              [
                93.65269470214844,
                7.228724956512451
              ],
              [
                93.50677490234375,
                7.228724956512451
              ],
              [
                93.51488494873047,
                7.357300281524658
              ],
              [
                93.7378921508789,
                7.421587944030762
              ]
            ]
          ],
          [
            [
              [
                117.21431732177734,
                7.164437294006348
              ],
              [
                116.99051666259766,
                7.100150108337402
              ],
              [
                117.00537872314453,
                7.293012619018555
              ],
              [
                117.01039123535156,
                7.357300281524658
              ],
              [
                117.22929382324219,
                7.357300281524658
              ],
              [
                117.21431732177734,
                7.164437294006348
              ]
            ]
          ],
          [
            [
              [
                81.33750915527344,
                6.135835647583008
              ],
              [
                80.6685791015625,
                5.878684997558594
              ],
              [
                80.23114776611328,
                5.878684997558594
              ],
              [
                79.95211029052734,
                6.135835647583008
              ],
              [
                79.75935363769531,
                6.650136470794678
              ],
              [
                79.74190521240234,
                7.678738594055176
              ],
              [
                79.60686492919922,
                7.871601104736328
              ],
              [
                79.61796569824219,
                8.06446361541748
              ],
              [
                79.76396942138672,
                8.06446361541748
              ],
              [
                79.8062515258789,
                8.771627426147461
              ],
              [
                80.04952239990234,
                9.157352447509766
              ],
              [
                79.99295806884766,
                9.41450309753418
              ],
              [
                80.0786361694336,
                9.607365608215332
              ],
              [
                79.86360931396484,
                9.671652793884277
              ],
              [
                79.87643432617188,
                9.86451530456543
              ],
              [
                80.45260620117188,
                9.735940933227539
              ],
              [
                80.52141571044922,
                9.671652793884277
              ],
              [
                80.4398193359375,
                9.543078422546387
              ],
              [
                80.72791290283203,
                9.478790283203125
              ],
              [
                80.7195053100586,
                9.350214958190918
              ],
              [
                80.86146545410156,
                9.285927772521973
              ],
              [
                80.8531723022461,
                9.157352447509766
              ],
              [
                80.99517059326172,
                9.09306526184082
              ],
              [
                80.98698425292969,
                8.964489936828613
              ],
              [
                81.2590103149414,
                8.643052101135254
              ],
              [
                81.25503540039062,
                8.578764915466309
              ],
              [
                81.39713287353516,
                8.514476776123047
              ],
              [
                81.44681549072266,
                8.128751754760742
              ],
              [
                81.65440368652344,
                7.935888767242432
              ],
              [
                81.77438354492188,
                7.485875606536865
              ],
              [
                81.91669464111328,
                7.421587944030762
              ],
              [
                81.87792205810547,
                6.714424133300781
              ],
              [
                81.33750915527344,
                6.135835647583008
              ]
            ]
          ],
          [
            [
              [
                93.25631713867188,
                7.871601104736328
              ],
              [
                93.26919555664062,
                8.06446361541748
              ],
              [
                93.48820495605469,
                8.06446361541748
              ],
              [
                93.47957611083984,
                7.935888767242432
              ],
              [
                93.47529602050781,
                7.871601104736328
              ],
              [
                93.25631713867188,
                7.871601104736328
              ]
            ]
          ],
          [
            [
              [
                49.23823547363281,
                11.343128204345703
              ],
              [
                49.437564849853516,
                10.893115997314453
              ],
              [
                49.44538116455078,
                9.350214958190918
              ],
              [
                49.06222915649414,
                8.900202751159668
              ],
              [
                48.69451904296875,
                8.835914611816406
              ],
              [
                48.24168014526367,
                8.450189590454102
              ],
              [
                48.2345085144043,
                8.25732707977295
              ],
              [
                47.85776901245117,
                7.935888767242432
              ],
              [
                46.83811569213867,
                8.000176429748535
              ],
              [
                46.69668197631836,
                8.128751754760742
              ],
              [
                43.809783935546875,
                9.09306526184082
              ],
              [
                43.59975051879883,
                9.350214958190918
              ],
              [
                43.38283157348633,
                9.41450309753418
              ],
              [
                43.25056457519531,
                9.800228118896484
              ],
              [
                43.035945892333984,
                9.928803443908691
              ],
              [
                42.76240539550781,
                10.443102836608887
              ],
              [
                42.85749435424805,
                11.021690368652344
              ],
              [
                43.08203125,
                11.15026569366455
              ],
              [
                43.243717193603516,
                11.535990715026855
              ],
              [
                43.31692886352539,
                11.535990715026855
              ],
              [
                43.67005920410156,
                11.214552879333496
              ],
              [
                43.73307418823242,
                10.957403182983398
              ],
              [
                44.083831787109375,
                10.571678161621094
              ],
              [
                44.371421813964844,
                10.443102836608887
              ],
              [
                44.885902404785156,
                10.507390975952148
              ],
              [
                44.959041595458984,
                10.507390975952148
              ],
              [
                45.25415802001953,
                10.571678161621094
              ],
              [
                45.706058502197266,
                10.893115997314453
              ],
              [
                46.578712463378906,
                10.764540672302246
              ],
              [
                47.25631332397461,
                11.214552879333496
              ],
              [
                47.985382080078125,
                11.15026569366455
              ],
              [
                48.359859466552734,
                11.343128204345703
              ],
              [
                49.1650390625,
                11.343128204345703
              ],
              [
                49.23823547363281,
                11.343128204345703
              ]
            ]
          ],
          [
            [
              [
                92.5739974975586,
                10.507390975952148
              ],
              [
                92.28667449951172,
                10.571678161621094
              ],
              [
                92.3810806274414,
                10.828827857971191
              ],
              [
                92.38646697998047,
                10.893115997314453
              ],
              [
                92.60596466064453,
                10.893115997314453
              ],
              [
                92.5739974975586,
                10.507390975952148
              ]
            ]
          ],
          [
            [
              [
                98.08775329589844,
                10.828827857971191
              ],
              [
                98.09922790527344,
                10.957403182983398
              ],
              [
                98.24556732177734,
                10.957403182983398
              ],
              [
                98.30723571777344,
                10.828827857971191
              ],
              [
                98.3015365600586,
                10.764540672302246
              ],
              [
                98.08775329589844,
                10.828827857971191
              ]
            ]
          ],
          [
            [
              [
                98.32334899902344,
                11.793140411376953
              ],
              [
                98.61006927490234,
                11.728853225708008
              ],
              [
                98.51847076416016,
                11.535990715026855
              ],
              [
                98.44525909423828,
                11.535990715026855
              ],
              [
                98.30491638183594,
                11.6002779006958
              ],
              [
                98.32334899902344,
                11.793140411376953
              ]
            ]
          ],
          [
            [
              [
                53.390071868896484,
                12.37172794342041
              ],
              [
                53.39694595336914,
                12.500303268432617
              ],
              [
                53.32366180419922,
                12.500303268432617
              ],
              [
                53.48419189453125,
                12.757453918457031
              ],
              [
                54.21724319458008,
                12.757453918457031
              ],
              [
                54.50330352783203,
                12.628878593444824
              ],
              [
                54.49269104003906,
                12.436016082763672
              ],
              [
                54.192623138427734,
                12.307440757751465
              ],
              [
                53.533199310302734,
                12.307440757751465
              ],
              [
                53.390071868896484,
                12.37172794342041
              ]
            ]
          ],
          [
            [
              [
                98.48676300048828,
                12.69316577911377
              ],
              [
                98.46028900146484,
                12.436016082763672
              ],
              [
                98.24700164794922,
                12.500303268432617
              ],
              [
                98.26020050048828,
                12.628878593444824
              ],
              [
                98.26686096191406,
                12.69316577911377
              ],
              [
                98.48676300048828,
                12.69316577911377
              ]
            ]
          ],
          [
            [
              [
                93.08092498779297,
                13.593193054199219
              ],
              [
                93.10103607177734,
                13.07889175415039
              ],
              [
                92.92863464355469,
                12.821741104125977
              ],
              [
                93.06257629394531,
                12.69316577911377
              ],
              [
                93.0376205444336,
                12.436016082763672
              ],
              [
                92.78740692138672,
                12.114578247070312
              ],
              [
                92.83106994628906,
                11.793140411376953
              ],
              [
                92.82524871826172,
                11.728853225708008
              ],
              [
                92.73475646972656,
                11.535990715026855
              ],
              [
                92.52082824707031,
                11.6002779006958
              ],
              [
                92.5676498413086,
                12.114578247070312
              ],
              [
                92.72016143798828,
                12.178865432739258
              ],
              [
                92.71507263183594,
                12.886029243469238
              ],
              [
                92.85403442382812,
                13.528904914855957
              ],
              [
                93.08092498779297,
                13.593193054199219
              ]
            ]
          ],
          [
            [
              [
                51.883026123046875,
                15.457538604736328
              ],
              [
                51.27429962158203,
                15.136098861694336
              ],
              [
                50.75569152832031,
                15.07181167602539
              ],
              [
                50.22562789916992,
                14.81466007232666
              ],
              [
                49.409767150878906,
                14.686083793640137
              ],
              [
                48.7861213684082,
                14.043206214904785
              ],
              [
                47.75149917602539,
                13.914630889892578
              ],
              [
                47.668033599853516,
                13.721768379211426
              ],
              [
                47.06792449951172,
                13.464617729187012
              ],
              [
                45.74114990234375,
                13.336042404174805
              ],
              [
                45.05411911010742,
                12.757453918457031
              ],
              [
                44.614288330078125,
                12.757453918457031
              ],
              [
                44.38864517211914,
                12.628878593444824
              ],
              [
                43.658504486083984,
                12.69316577911377
              ],
              [
                43.585205078125,
                12.69316577911377
              ],
              [
                43.59368133544922,
                12.886029243469238
              ],
              [
                43.825172424316406,
                13.143178939819336
              ],
              [
                44.34445571899414,
                13.271754264831543
              ],
              [
                44.42680740356445,
                13.464617729187012
              ],
              [
                45.022987365722656,
                13.657480239868164
              ],
              [
                45.18234634399414,
                13.914630889892578
              ],
              [
                45.555816650390625,
                14.043206214904785
              ],
              [
                45.76958465576172,
                13.914630889892578
              ],
              [
                45.99631118774414,
                14.043206214904785
              ],
              [
                46.159767150878906,
                14.364645004272461
              ],
              [
                45.59579086303711,
                14.81466007232666
              ],
              [
                45.61313247680664,
                15.136098861694336
              ],
              [
                46.38114929199219,
                15.714691162109375
              ],
              [
                46.47349166870117,
                16.036130905151367
              ],
              [
                46.62452697753906,
                16.100418090820312
              ],
              [
                46.95011520385742,
                16.614723205566406
              ],
              [
                47.051605224609375,
                17.06473731994629
              ],
              [
                47.12533950805664,
                17.06473731994629
              ],
              [
                47.346534729003906,
                17.06473731994629
              ],
              [
                47.35462188720703,
                17.193313598632812
              ],
              [
                47.50211715698242,
                17.193313598632812
              ],
              [
                47.514347076416016,
                17.38617706298828
              ],
              [
                48.00702667236328,
                18.157629013061523
              ],
              [
                48.315189361572266,
                18.350492477416992
              ],
              [
                49.0756950378418,
                18.67193031311035
              ],
              [
                51.381134033203125,
                18.864791870117188
              ],
              [
                51.6861686706543,
                18.993366241455078
              ],
              [
                52.12995910644531,
                18.993366241455078
              ],
              [
                52.8304328918457,
                17.450464248657227
              ],
              [
                52.8257942199707,
                17.38617706298828
              ],
              [
                53.033172607421875,
                17.193313598632812
              ],
              [
                53.2266960144043,
                16.807586669921875
              ],
              [
                53.212989807128906,
                16.614723205566406
              ],
              [
                52.380313873291016,
                16.293283462524414
              ],
              [
                52.25921630859375,
                15.586114883422852
              ],
              [
                52.10369110107422,
                15.457538604736328
              ],
              [
                51.883026123046875,
                15.457538604736328
              ]
            ]
          ],
          [
            [
              [
                91.2628402709961,
                22.20768928527832
              ],
              [
                91.0304183959961,
                22.143402099609375
              ],
              [
                91.0583724975586,
                22.33626365661621
              ],
              [
                91.0677490234375,
                22.400548934936523
              ],
              [
                91.21656036376953,
                22.400548934936523
              ],
              [
                91.2628402709961,
                22.20768928527832
              ]
            ]
          ],
          [
            [
              [
                114.6038818359375,
                22.529123306274414
              ],
              [
                114.5916519165039,
                22.46483612060547
              ],
              [
                114.5794677734375,
                22.400548934936523
              ],
              [
                114.56732177734375,
                22.33626365661621
              ],
              [
                114.53111267089844,
                22.143402099609375
              ],
              [
                113.99858856201172,
                22.079116821289062
              ],
              [
                113.9842300415039,
                22.400548934936523
              ],
              [
                113.99634552001953,
                22.46483612060547
              ],
              [
                114.31842803955078,
                22.59341049194336
              ],
              [
                114.6038818359375,
                22.529123306274414
              ]
            ]
          ],
          [
            [
              [
                76.83696746826172,
                34.93662643432617
              ],
              [
                76.80268859863281,
                34.80794906616211
              ],
              [
                77.55931854248047,
                35.32271194458008
              ],
              [
                78.05872344970703,
                35.45143127441406
              ],
              [
                78.16651916503906,
                35.00096893310547
              ],
              [
                78.24371337890625,
                35.00096893310547
              ],
              [
                78.1737060546875,
                34.743614196777344
              ],
              [
                79.07111358642578,
                34.3576545715332
              ],
              [
                79.01922607421875,
                34.164703369140625
              ],
              [
                78.72016143798828,
                33.90746307373047
              ],
              [
                78.56014251708984,
                32.685909271240234
              ],
              [
                78.54415130615234,
                32.62162780761719
              ],
              [
                78.46499633789062,
                32.30024337768555
              ],
              [
                78.7987060546875,
                31.78606605529785
              ],
              [
                78.76864624023438,
                31.336183547973633
              ],
              [
                79.1644515991211,
                31.40045166015625
              ],
              [
                79.4549560546875,
                31.014846801757812
              ],
              [
                79.97239685058594,
                30.950578689575195
              ],
              [
                80.26356506347656,
                30.564971923828125
              ],
              [
                80.8416519165039,
                30.436433792114258
              ],
              [
                81.01100158691406,
                30.179353713989258
              ],
              [
                80.470703125,
                29.79371452331543
              ],
              [
                80.10308074951172,
                28.765243530273438
              ],
              [
                80.30361938476562,
                28.636676788330078
              ],
              [
                80.68107604980469,
                28.636676788330078
              ],
              [
                80.95700073242188,
                28.508106231689453
              ],
              [
                81.19453430175781,
                28.186676025390625
              ],
              [
                81.88497924804688,
                27.865236282348633
              ],
              [
                82.53770446777344,
                27.736658096313477
              ],
              [
                83.07760620117188,
                27.41520881652832
              ],
              [
                84.43182373046875,
                27.41520881652832
              ],
              [
                84.75791931152344,
                27.158044815063477
              ],
              [
                84.73326110839844,
                27.029460906982422
              ],
              [
                84.88357543945312,
                27.029460906982422
              ],
              [
                84.9972152709961,
                26.836584091186523
              ],
              [
                85.2734603881836,
                26.70800018310547
              ],
              [
                85.73619079589844,
                26.772293090820312
              ],
              [
                85.78701782226562,
                26.643707275390625
              ],
              [
                86.3125991821289,
                26.643707275390625
              ],
              [
                86.65162658691406,
                26.450830459594727
              ],
              [
                87.11405181884766,
                26.515121459960938
              ],
              [
                87.23990631103516,
                26.386537551879883
              ],
              [
                87.99026489257812,
                26.386537551879883
              ],
              [
                88.16487884521484,
                26.515121459960938
              ],
              [
                88.21475982666016,
                26.772293090820312
              ],
              [
                88.04019927978516,
                27.029460906982422
              ],
              [
                88.13705444335938,
                27.865236282348633
              ],
              [
                88.47978973388672,
                28.058101654052734
              ],
              [
                88.78125762939453,
                28.058101654052734
              ],
              [
                88.95187377929688,
                27.800947189331055
              ],
              [
                88.79541015625,
                27.41520881652832
              ],
              [
                88.94587707519531,
                27.41520881652832
              ],
              [
                88.80475616455078,
                27.093751907348633
              ],
              [
                89.12883758544922,
                26.836584091186523
              ],
              [
                89.50444030761719,
                26.836584091186523
              ],
              [
                89.70410919189453,
                26.70800018310547
              ],
              [
                90.0044937133789,
                26.70800018310547
              ],
              [
                90.34380340576172,
                26.900876998901367
              ],
              [
                90.56920623779297,
                26.900876998901367
              ],
              [
                90.69332885742188,
                26.772293090820312
              ],
              [
                91.8199462890625,
                26.772293090820312
              ],
              [
                92.07186126708984,
                26.900876998901367
              ],
              [
                92.09185028076172,
                27.35091781616211
              ],
              [
                91.66815948486328,
                27.4794979095459
              ],
              [
                91.72425842285156,
                27.736658096313477
              ],
              [
                92.58130645751953,
                27.865236282348633
              ],
              [
                92.72978973388672,
                28.186676025390625
              ],
              [
                93.06122589111328,
                28.315250396728516
              ],
              [
                93.36358642578125,
                28.636676788330078
              ],
              [
                93.92314910888672,
                28.765243530273438
              ],
              [
                94.57997131347656,
                29.279497146606445
              ],
              [
                95.43846130371094,
                29.08665657043457
              ],
              [
                95.89904022216797,
                29.40805435180664
              ],
              [
                96.20170593261719,
                29.40805435180664
              ],
              [
                96.31958770751953,
                29.279497146606445
              ],
              [
                96.25357818603516,
                29.022375106811523
              ],
              [
                96.61506652832031,
                28.958093643188477
              ],
              [
                96.64185333251953,
                28.765243530273438
              ],
              [
                96.3673095703125,
                28.572391510009766
              ],
              [
                96.3954086303711,
                28.379535675048828
              ],
              [
                96.86382293701172,
                28.44382095336914
              ],
              [
                97.4198989868164,
                28.25096321105957
              ],
              [
                97.55886840820312,
                28.508106231689453
              ],
              [
                97.70979309082031,
                28.508106231689453
              ],
              [
                98.15814971923828,
                28.186676025390625
              ],
              [
                98.14239501953125,
                28.12238883972168
              ],
              [
                98.26004791259766,
                27.6723690032959
              ],
              [
                98.56119537353516,
                27.6723690032959
              ],
              [
                98.74139404296875,
                27.4794979095459
              ],
              [
                98.7623291015625,
                26.57941436767578
              ],
              [
                98.83740234375,
                26.57941436767578
              ],
              [
                98.67317199707031,
                25.807899475097656
              ],
              [
                98.17144775390625,
                25.55072784423828
              ],
              [
                98.13310241699219,
                25.357851028442383
              ],
              [
                97.87094116210938,
                25.164974212646484
              ],
              [
                97.82181549072266,
                24.907808303833008
              ],
              [
                97.64815521240234,
                24.779226303100586
              ],
              [
                97.58908081054688,
                24.457773208618164
              ],
              [
                97.78995513916016,
                24.329193115234375
              ],
              [
                97.64704895019531,
                23.943456649780273
              ],
              [
                98.8753662109375,
                24.136323928833008
              ],
              [
                98.7326431274414,
                23.75058937072754
              ],
              [
                98.87066650390625,
                23.68630027770996
              ],
              [
                98.94291687011719,
                23.236284255981445
              ],
              [
                99.57035827636719,
                22.97913360595703
              ],
              [
                99.28540802001953,
                22.143402099609375
              ],
              [
                99.94442749023438,
                22.079116821289062
              ],
              [
                100.07260131835938,
                21.950544357299805
              ],
              [
                100.03181457519531,
                21.693397521972656
              ],
              [
                100.22432708740234,
                21.500539779663086
              ],
              [
                100.74431610107422,
                21.500539779663086
              ],
              [
                101.15673828125,
                21.7576847076416
              ],
              [
                101.19001770019531,
                21.500539779663086
              ],
              [
                101.17981719970703,
                21.43625259399414
              ],
              [
                100.69373321533203,
                21.179107666015625
              ],
              [
                100.6435546875,
                20.857677459716797
              ],
              [
                100.24270629882812,
                20.664819717407227
              ],
              [
                100.1288833618164,
                20.40767478942871
              ],
              [
                99.83231353759766,
                20.40767478942871
              ],
              [
                99.41250610351562,
                20.08624267578125
              ],
              [
                99.19020080566406,
                20.08624267578125
              ],
              [
                98.91905212402344,
                19.764808654785156
              ],
              [
                98.1043701171875,
                19.764808654785156
              ],
              [
                97.93692779541016,
                19.6362361907959
              ],
              [
                97.86650085449219,
                18.67193031311035
              ],
              [
                97.77346801757812,
                18.543354034423828
              ],
              [
                97.46833038330078,
                18.479066848754883
              ],
              [
                97.44935607910156,
                18.350492477416992
              ],
              [
                97.72592163085938,
                18.2219181060791
              ],
              [
                97.9178695678711,
                17.514753341674805
              ],
              [
                98.62763977050781,
                16.807586669921875
              ],
              [
                98.63817596435547,
                16.35757064819336
              ],
              [
                98.93278503417969,
                16.35757064819336
              ],
              [
                98.90609741210938,
                16.16470718383789
              ],
              [
                98.6676254272461,
                16.036130905151367
              ],
              [
                98.67230224609375,
                15.52182674407959
              ],
              [
                98.26284790039062,
                15.200387001037598
              ],
              [
                98.23027801513672,
                14.943235397338867
              ],
              [
                98.48443603515625,
                14.621796607971191
              ],
              [
                98.46879577636719,
                14.493220329284668
              ],
              [
                99.12709045410156,
                13.850343704223633
              ],
              [
                99.24447631835938,
                13.593193054199219
              ],
              [
                99.20860290527344,
                13.271754264831543
              ],
              [
                99.28195190429688,
                13.271754264831543
              ],
              [
                99.16683197021484,
                12.886029243469238
              ],
              [
                99.42621612548828,
                12.564591407775879
              ],
              [
                99.46651458740234,
                12.24315357208252
              ],
              [
                99.66049194335938,
                11.986002922058105
              ],
              [
                99.5434341430664,
                11.535990715026855
              ],
              [
                98.97727966308594,
                10.957403182983398
              ],
              [
                98.77433776855469,
                10.314528465270996
              ],
              [
                98.5331802368164,
                10.057377815246582
              ],
              [
                98.46006774902344,
                10.057377815246582
              ],
              [
                98.4478530883789,
                10.764540672302246
              ],
              [
                98.59989166259766,
                10.828827857971191
              ],
              [
                98.6962661743164,
                11.085978507995605
              ],
              [
                98.65278625488281,
                11.407415390014648
              ],
              [
                98.75652313232422,
                11.728853225708008
              ],
              [
                98.61006927490234,
                11.728853225708008
              ],
              [
                98.64683532714844,
                12.821741104125977
              ],
              [
                98.42300415039062,
                13.464617729187012
              ],
              [
                98.28340911865234,
                13.528904914855957
              ],
              [
                98.24630737304688,
                13.850343704223633
              ],
              [
                98.04086303710938,
                13.97891902923584
              ],
              [
                98.07085418701172,
                14.236069679260254
              ],
              [
                97.8811264038086,
                14.493220329284668
              ],
              [
                97.9858627319336,
                14.750371932983398
              ],
              [
                97.77332305908203,
                14.81466007232666
              ],
              [
                97.74982452392578,
                15.77897834777832
              ],
              [
                97.55474090576172,
                15.971842765808105
              ],
              [
                97.62474060058594,
                16.486146926879883
              ],
              [
                97.40374755859375,
                16.486146926879883
              ],
              [
                97.27415466308594,
                16.614723205566406
              ],
              [
                97.16256713867188,
                16.87187385559082
              ],
              [
                97.19876861572266,
                17.129026412963867
              ],
              [
                97.0512924194336,
                17.129026412963867
              ],
              [
                97.06951141357422,
                17.257600784301758
              ],
              [
                96.9311294555664,
                17.321889877319336
              ],
              [
                96.92353820800781,
                16.743297576904297
              ],
              [
                96.83206939697266,
                16.614723205566406
              ],
              [
                96.66708374023438,
                16.486146926879883
              ],
              [
                96.3724136352539,
                16.486146926879883
              ],
              [
                96.35496520996094,
                16.35757064819336
              ],
              [
                96.03450012207031,
                16.16470718383789
              ],
              [
                95.81361389160156,
                16.16470718383789
              ],
              [
                95.60743713378906,
                15.714691162109375
              ],
              [
                95.3131103515625,
                15.714691162109375
              ],
              [
                95.33806610107422,
                15.907554626464844
              ],
              [
                94.87162017822266,
                15.714691162109375
              ],
              [
                94.81454467773438,
                15.843266487121582
              ],
              [
                94.2423095703125,
                15.971842765808105
              ],
              [
                94.35287475585938,
                16.807586669921875
              ],
              [
                94.42657470703125,
                16.807586669921875
              ],
              [
                94.60650634765625,
                17.57904052734375
              ],
              [
                94.48590850830078,
                17.77190399169922
              ],
              [
                94.47563171386719,
                18.2219181060791
              ],
              [
                94.12384796142578,
                18.864791870117188
              ],
              [
                93.82804870605469,
                18.864791870117188
              ],
              [
                93.80060577392578,
                18.67193031311035
              ],
              [
                93.51400756835938,
                18.736217498779297
              ],
              [
                93.54138946533203,
                18.929079055786133
              ],
              [
                93.76325988769531,
                18.929079055786133
              ],
              [
                93.51317596435547,
                19.25051498413086
              ],
              [
                93.53150939941406,
                19.379087448120117
              ],
              [
                93.67953491210938,
                19.379087448120117
              ],
              [
                93.79956817626953,
                19.700523376464844
              ],
              [
                93.57740783691406,
                19.700523376464844
              ],
              [
                93.6049575805664,
                19.893383026123047
              ],
              [
                93.38272094726562,
                19.893383026123047
              ],
              [
                93.40103912353516,
                20.021955490112305
              ],
              [
                93.02145385742188,
                19.95766830444336
              ],
              [
                93.05791473388672,
                20.214815139770508
              ],
              [
                92.82646942138672,
                20.150527954101562
              ],
              [
                92.85374450683594,
                20.343387603759766
              ],
              [
                92.63134002685547,
                20.343387603759766
              ],
              [
                92.37098693847656,
                20.60053253173828
              ],
              [
                92.38911437988281,
                20.72910499572754
              ],
              [
                92.1195297241211,
                20.921964645385742
              ],
              [
                92.00740814208984,
                21.179107666015625
              ],
              [
                92.05309295654297,
                21.500539779663086
              ],
              [
                91.83023834228516,
                21.500539779663086
              ],
              [
                91.89482116699219,
                21.950544357299805
              ],
              [
                91.76476287841797,
                22.079116821289062
              ],
              [
                91.73738861083984,
                22.400548934936523
              ],
              [
                91.37480926513672,
                22.46483612060547
              ],
              [
                91.49696350097656,
                22.786272048950195
              ],
              [
                90.93775177001953,
                22.529123306274414
              ],
              [
                90.86321258544922,
                22.014829635620117
              ],
              [
                90.6309814453125,
                21.950544357299805
              ],
              [
                90.64935302734375,
                22.079116821289062
              ],
              [
                90.42626953125,
                22.079116821289062
              ],
              [
                90.23202514648438,
                21.7576847076416
              ],
              [
                89.89663696289062,
                22.014829635620117
              ],
              [
                89.86945343017578,
                21.821969985961914
              ],
              [
                89.71179962158203,
                21.7576847076416
              ],
              [
                89.11725616455078,
                21.7576847076416
              ],
              [
                89.09945678710938,
                21.629112243652344
              ],
              [
                88.72795104980469,
                21.629112243652344
              ],
              [
                88.71597290039062,
                22.079116821289062
              ],
              [
                88.64161682128906,
                22.079116821289062
              ],
              [
                88.51387023925781,
                21.693397521972656
              ],
              [
                88.3652572631836,
                21.693397521972656
              ],
              [
                88.34766387939453,
                21.5648250579834
              ],
              [
                88.133544921875,
                21.629112243652344
              ],
              [
                88.17765045166016,
                21.950544357299805
              ],
              [
                88.10330963134766,
                21.950544357299805
              ],
              [
                87.76203918457031,
                21.629112243652344
              ],
              [
                87.06745910644531,
                21.43625259399414
              ],
              [
                86.88469696044922,
                21.179107666015625
              ],
              [
                86.95893859863281,
                21.179107666015625
              ],
              [
                87.03089904785156,
                20.60053253173828
              ],
              [
                86.7915267944336,
                20.471960067749023
              ],
              [
                86.84036254882812,
                20.279102325439453
              ],
              [
                86.43616485595703,
                20.021955490112305
              ],
              [
                86.41937255859375,
                19.893383026123047
              ],
              [
                85.64532470703125,
                19.6362361907959
              ],
              [
                85.49723052978516,
                19.6362361907959
              ],
              [
                85.52213287353516,
                19.8290958404541
              ],
              [
                85.37399291992188,
                19.8290958404541
              ],
              [
                85.4148941040039,
                19.571949005126953
              ],
              [
                84.74866485595703,
                18.993366241455078
              ],
              [
                84.37962341308594,
                18.414779663085938
              ],
              [
                84.0519027709961,
                18.157629013061523
              ],
              [
                83.66666412353516,
                18.029054641723633
              ],
              [
                83.5611572265625,
                17.77190399169922
              ],
              [
                83.15304565429688,
                17.450464248657227
              ],
              [
                82.4507827758789,
                17.129026412963867
              ],
              [
                82.27310943603516,
                16.87187385559082
              ],
              [
                82.25813293457031,
                16.743297576904297
              ],
              [
                82.40552520751953,
                16.743297576904297
              ],
              [
                82.3832015991211,
                16.550434112548828
              ],
              [
                82.06647491455078,
                16.35757064819336
              ],
              [
                81.32273864746094,
                16.293283462524414
              ],
              [
                81.11875915527344,
                15.77897834777832
              ],
              [
                80.61058044433594,
                15.843266487121582
              ],
              [
                80.37598419189453,
                15.714691162109375
              ],
              [
                80.0882339477539,
                15.07181167602539
              ],
              [
                80.26371765136719,
                14.621796607971191
              ],
              [
                80.24600982666016,
                13.657480239868164
              ],
              [
                80.16102600097656,
                13.528904914855957
              ],
              [
                80.37535858154297,
                13.464617729187012
              ],
              [
                80.41468048095703,
                13.07889175415039
              ],
              [
                80.34135437011719,
                13.07889175415039
              ],
              [
                80.30301666259766,
                12.628878593444824
              ],
              [
                79.97303009033203,
                12.178865432739258
              ],
              [
                79.9576644897461,
                11.986002922058105
              ],
              [
                79.73287200927734,
                11.92171573638916
              ],
              [
                79.72283935546875,
                11.793140411376953
              ],
              [
                79.86930084228516,
                11.793140411376953
              ],
              [
                79.88430786132812,
                11.021690368652344
              ],
              [
                79.73795318603516,
                11.021690368652344
              ],
              [
                79.72860717773438,
                10.893115997314453
              ],
              [
                79.87494659423828,
                10.893115997314453
              ],
              [
                79.90264892578125,
                10.250240325927734
              ],
              [
                79.3176498413086,
                10.250240325927734
              ],
              [
                79.29590606689453,
                9.928803443908691
              ],
              [
                78.98654174804688,
                9.671652793884277
              ],
              [
                78.95767211914062,
                9.221640586853027
              ],
              [
                78.58833312988281,
                9.157352447509766
              ],
              [
                78.28418731689453,
                8.964489936828613
              ],
              [
                78.1802749633789,
                8.450189590454102
              ],
              [
                77.87327575683594,
                8.193038940429688
              ],
              [
                77.57392883300781,
                8.06446361541748
              ],
              [
                77.1395492553711,
                8.128751754760742
              ],
              [
                76.72357177734375,
                8.514476776123047
              ],
              [
                76.53102111816406,
                8.964489936828613
              ],
              [
                76.38877868652344,
                9.028778076171875
              ],
              [
                76.33528137207031,
                9.350214958190918
              ],
              [
                76.19708251953125,
                9.478790283203125
              ],
              [
                76.20915222167969,
                9.671652793884277
              ],
              [
                76.3553237915039,
                9.671652793884277
              ],
              [
                76.36347961425781,
                9.800228118896484
              ],
              [
                76.22138977050781,
                9.86451530456543
              ],
              [
                76.23381042480469,
                10.057377815246582
              ],
              [
                75.90209197998047,
                10.571678161621094
              ],
              [
                75.8552017211914,
                10.957403182983398
              ],
              [
                75.52082824707031,
                11.407415390014648
              ],
              [
                75.68109893798828,
                11.6002779006958
              ],
              [
                75.45681762695312,
                11.535990715026855
              ],
              [
                75.3384780883789,
                11.92171573638916
              ],
              [
                75.06465148925781,
                12.178865432739258
              ],
              [
                74.74769592285156,
                12.821741104125977
              ],
              [
                74.66364288330078,
                13.593193054199219
              ],
              [
                74.30680084228516,
                14.55750846862793
              ],
              [
                74.3125991821289,
                14.621796607971191
              ],
              [
                74.55064392089844,
                14.81466007232666
              ],
              [
                74.51935577392578,
                15.26467514038086
              ],
              [
                74.10276794433594,
                15.52182674407959
              ],
              [
                73.8023452758789,
                15.457538604736328
              ],
              [
                73.80851745605469,
                15.52182674407959
              ],
              [
                73.41714477539062,
                16.036130905151367
              ],
              [
                73.32787322998047,
                16.614723205566406
              ],
              [
                73.25418853759766,
                16.614723205566406
              ],
              [
                73.25337219238281,
                17.321889877319336
              ],
              [
                72.95886993408203,
                18.029054641723633
              ],
              [
                72.87482452392578,
                19.314802169799805
              ],
              [
                72.73371887207031,
                19.379087448120117
              ],
              [
                72.7613525390625,
                19.6362361907959
              ],
              [
                72.63394165039062,
                19.8290958404541
              ],
              [
                72.8372573852539,
                20.343387603759766
              ],
              [
                72.89940643310547,
                20.921964645385742
              ],
              [
                72.56289672851562,
                21.24339485168457
              ],
              [
                72.76029968261719,
                21.693397521972656
              ],
              [
                72.54438781738281,
                21.7576847076416
              ],
              [
                72.52674865722656,
                22.271976470947266
              ],
              [
                72.37797546386719,
                22.271976470947266
              ],
              [
                72.34249877929688,
                21.950544357299805
              ],
              [
                72.11245727539062,
                21.88625717163086
              ],
              [
                72.17279815673828,
                21.7576847076416
              ],
              [
                72.3214340209961,
                21.7576847076416
              ],
              [
                72.18476104736328,
                21.179107666015625
              ],
              [
                71.4084701538086,
                20.857677459716797
              ],
              [
                71.32078552246094,
                20.72910499572754
              ],
              [
                70.72064208984375,
                20.664819717407227
              ],
              [
                70.29546356201172,
                20.857677459716797
              ],
              [
                69.88987731933594,
                21.24339485168457
              ],
              [
                69.90315246582031,
                21.371967315673828
              ],
              [
                69.49736022949219,
                21.7576847076416
              ],
              [
                69.34872436523438,
                21.7576847076416
              ],
              [
                68.94945526123047,
                22.20768928527832
              ],
              [
                68.97650909423828,
                22.46483612060547
              ],
              [
                69.40931701660156,
                22.33626365661621
              ],
              [
                69.49740600585938,
                22.46483612060547
              ],
              [
                70.18106079101562,
                22.59341049194336
              ],
              [
                70.3697338104248,
                22.786272048950195
              ],
              [
                70.35105895996094,
                22.786272048950195
              ],
              [
                70.27660369873047,
                22.786272048950195
              ],
              [
                70.28369140625,
                22.85055923461914
              ],
              [
                70.35816192626953,
                22.85055923461914
              ],
              [
                70.43262481689453,
                22.85055923461914
              ],
              [
                70.0673828125,
                22.914846420288086
              ],
              [
                69.74840545654297,
                22.72198486328125
              ],
              [
                69.45060729980469,
                22.72198486328125
              ],
              [
                68.80825805664062,
                22.97913360595703
              ],
              [
                68.55245971679688,
                23.36486053466797
              ],
              [
                68.3359375,
                23.429147720336914
              ],
              [
                68.35022735595703,
                23.557723999023438
              ],
              [
                68.12652587890625,
                23.557723999023438
              ],
              [
                68.15538787841797,
                23.814878463745117
              ],
              [
                67.63314819335938,
                23.814878463745117
              ],
              [
                67.49114990234375,
                23.879167556762695
              ],
              [
                67.43836975097656,
                24.07203483581543
              ],
              [
                67.28907775878906,
                24.07203483581543
              ],
              [
                67.32612609863281,
                24.393482208251953
              ],
              [
                67.25143432617188,
                24.393482208251953
              ],
              [
                67.2146987915039,
                24.714935302734375
              ],
              [
                66.63204956054688,
                24.843517303466797
              ],
              [
                66.67909240722656,
                25.229267120361328
              ],
              [
                66.48676300048828,
                25.48643684387207
              ],
              [
                66.270263671875,
                25.55072784423828
              ],
              [
                66.02147674560547,
                25.357851028442383
              ],
              [
                64.8160629272461,
                25.29355812072754
              ],
              [
                64.80064392089844,
                25.164974212646484
              ],
              [
                64.2845230102539,
                25.229267120361328
              ],
              [
                64.22502136230469,
                25.357851028442383
              ],
              [
                63.62620544433594,
                25.357851028442383
              ],
              [
                63.536216735839844,
                25.229267120361328
              ],
              [
                62.563419342041016,
                25.229267120361328
              ],
              [
                62.47393035888672,
                25.100683212280273
              ],
              [
                62.18195724487305,
                25.164974212646484
              ],
              [
                62.01787185668945,
                25.03639030456543
              ],
              [
                61.651031494140625,
                25.100683212280273
              ],
              [
                61.65822219848633,
                25.164974212646484
              ],
              [
                61.85404586791992,
                26.19365882873535
              ],
              [
                62.42774963378906,
                26.57941436767578
              ],
              [
                63.11177062988281,
                26.643707275390625
              ],
              [
                63.27887725830078,
                26.772293090820312
              ],
              [
                63.33076095581055,
                27.158044815063477
              ],
              [
                62.82195281982422,
                27.2866268157959
              ],
              [
                62.90277099609375,
                27.865236282348633
              ],
              [
                62.82744598388672,
                27.865236282348633
              ],
              [
                62.79844284057617,
                28.186676025390625
              ],
              [
                61.874298095703125,
                28.572391510009766
              ],
              [
                61.48815155029297,
                29.022375106811523
              ],
              [
                61.451602935791016,
                29.279497146606445
              ],
              [
                60.98139572143555,
                29.665164947509766
              ],
              [
                61.001495361328125,
                29.79371452331543
              ],
              [
                62.3036994934082,
                29.40805435180664
              ],
              [
                63.75174331665039,
                29.472333908081055
              ],
              [
                63.76219177246094,
                29.536611557006836
              ],
              [
                63.837886810302734,
                29.536611557006836
              ],
              [
                63.827423095703125,
                29.472333908081055
              ],
              [
                64.11966705322266,
                29.40805435180664
              ],
              [
                64.52979278564453,
                29.600887298583984
              ],
              [
                65.12470245361328,
                29.536611557006836
              ],
              [
                65.99028778076172,
                29.729440689086914
              ],
              [
                66.25102233886719,
                29.922264099121094
              ],
              [
                66.26229095458984,
                29.986536026000977
              ],
              [
                66.33809661865234,
                29.986536026000977
              ],
              [
                66.43708038330078,
                30.950578689575195
              ],
              [
                66.87832641601562,
                31.271915435791016
              ],
              [
                67.71569061279297,
                31.271915435791016
              ],
              [
                67.81696319580078,
                31.40045166015625
              ],
              [
                67.6646499633789,
                31.40045166015625
              ],
              [
                67.61372375488281,
                31.528987884521484
              ],
              [
                67.93124389648438,
                31.593257904052734
              ],
              [
                68.12230682373047,
                31.78606605529785
              ],
              [
                68.6561279296875,
                31.78606605529785
              ],
              [
                68.78253173828125,
                31.65752601623535
              ],
              [
                69.08743286132812,
                31.65752601623535
              ],
              [
                69.292724609375,
                31.91460609436035
              ],
              [
                69.33792877197266,
                32.493072509765625
              ],
              [
                69.54618072509766,
                32.75019073486328
              ],
              [
                69.53977966308594,
                33.07160949707031
              ],
              [
                70.2580337524414,
                33.20018768310547
              ],
              [
                70.31597137451172,
                33.45735549926758
              ],
              [
                70.17707824707031,
                33.52165222167969
              ],
              [
                70.20632934570312,
                33.65024948120117
              ],
              [
                69.92847442626953,
                33.77885055541992
              ],
              [
                69.98755645751953,
                34.03607940673828
              ],
              [
                70.72654724121094,
                33.90746307373047
              ],
              [
                71.18670654296875,
                34.22901916503906
              ],
              [
                71.1557388305664,
                34.42197799682617
              ],
              [
                71.01707458496094,
                34.48630142211914
              ],
              [
                71.04795837402344,
                34.614952087402344
              ],
              [
                71.51179504394531,
                34.93662643432617
              ],
              [
                71.6846694946289,
                35.32271194458008
              ],
              [
                71.60736846923828,
                35.32271194458008
              ],
              [
                71.65575408935547,
                35.51579284667969
              ],
              [
                71.5172119140625,
                35.58015823364258
              ],
              [
                71.5497055053711,
                35.708900451660156
              ],
              [
                71.22772979736328,
                35.9664192199707
              ],
              [
                71.38785552978516,
                36.28839111328125
              ],
              [
                71.98176574707031,
                36.48161697387695
              ],
              [
                72.37832641601562,
                36.80373764038086
              ],
              [
                74.10740661621094,
                36.8681755065918
              ],
              [
                74.55056762695312,
                37.06150817871094
              ],
              [
                75.31097412109375,
                36.9970588684082
              ],
              [
                75.41193389892578,
                36.80373764038086
              ],
              [
                75.7826156616211,
                36.73930740356445
              ],
              [
                76.00286865234375,
                36.417205810546875
              ],
              [
                75.98487854003906,
                36.3527946472168
              ],
              [
                75.99100494384766,
                36.09519577026367
              ],
              [
                76.1703872680664,
                35.902034759521484
              ],
              [
                76.4803237915039,
                35.902034759521484
              ],
              [
                76.49810791015625,
                35.9664192199707
              ],
              [
                76.63529205322266,
                35.902034759521484
              ],
              [
                76.59979248046875,
                35.77327346801758
              ],
              [
                77.08859252929688,
                35.58015823364258
              ],
              [
                77.05331420898438,
                35.45143127441406
              ],
              [
                77.1728286743164,
                35.32271194458008
              ],
              [
                77.10308074951172,
                35.065311431884766
              ],
              [
                76.83696746826172,
                34.93662643432617
              ]
            ],
            [
              [
                88.4442138671875,
                22.786272048950195
              ],
              [
                88.34213256835938,
                22.59341049194336
              ],
              [
                88.49099731445312,
                22.59341049194336
              ],
              [
                88.51866912841797,
                22.786272048950195
              ],
              [
                88.4442138671875,
                22.786272048950195
              ]
            ],
            [
              [
                73.1871337890625,
                20.150527954101562
              ],
              [
                72.89759063720703,
                20.214815139770508
              ],
              [
                72.9578857421875,
                20.08624267578125
              ],
              [
                73.1801986694336,
                20.08624267578125
              ],
              [
                73.1871337890625,
                20.150527954101562
              ]
            ]
          ],
          [
            [
              [
                55.3001594543457,
                22.657697677612305
              ],
              [
                55.2257194519043,
                22.657697677612305
              ],
              [
                55.1408805847168,
                22.529123306274414
              ],
              [
                54.84319305419922,
                22.529123306274414
              ],
              [
                52.63515853881836,
                22.85055923461914
              ],
              [
                51.67782974243164,
                23.943456649780273
              ],
              [
                51.704200744628906,
                24.264904022216797
              ],
              [
                51.85354995727539,
                24.264904022216797
              ],
              [
                51.90695571899414,
                24.00774574279785
              ],
              [
                52.28013229370117,
                24.00774574279785
              ],
              [
                52.60029602050781,
                24.264904022216797
              ],
              [
                53.11201095581055,
                24.136323928833008
              ],
              [
                54.082523345947266,
                24.136323928833008
              ],
              [
                54.099464416503906,
                24.329193115234375
              ],
              [
                54.31781005859375,
                24.264904022216797
              ],
              [
                54.55914306640625,
                24.457773208618164
              ],
              [
                54.74416732788086,
                24.843517303466797
              ],
              [
                55.14265441894531,
                25.100683212280273
              ],
              [
                55.41188049316406,
                25.55072784423828
              ],
              [
                55.64311981201172,
                25.615020751953125
              ],
              [
                56.058231353759766,
                26.000778198242188
              ],
              [
                56.06513595581055,
                26.06507110595703
              ],
              [
                56.28312683105469,
                26.000778198242188
              ],
              [
                56.249000549316406,
                25.67931365966797
              ],
              [
                56.392086029052734,
                25.615020751953125
              ],
              [
                56.38539123535156,
                25.55072784423828
              ],
              [
                56.46027374267578,
                25.55072784423828
              ],
              [
                56.48921585083008,
                25.100683212280273
              ],
              [
                56.239498138427734,
                24.843517303466797
              ],
              [
                56.23326873779297,
                24.779226303100586
              ],
              [
                56.08375549316406,
                24.779226303100586
              ],
              [
                56.09621047973633,
                24.907808303833008
              ],
              [
                55.95291519165039,
                24.97209930419922
              ],
              [
                55.8594856262207,
                24.779226303100586
              ],
              [
                55.85334396362305,
                24.714935302734375
              ],
              [
                55.823150634765625,
                24.393482208251953
              ],
              [
                56.0177001953125,
                24.07203483581543
              ],
              [
                55.558345794677734,
                23.943456649780273
              ],
              [
                55.61030197143555,
                23.68630027770996
              ],
              [
                55.35348129272461,
                23.30057144165039
              ],
              [
                55.3001594543457,
                22.657697677612305
              ]
            ]
          ],
          [
            [
              [
                50.64872360229492,
                25.8721923828125
              ],
              [
                50.42986297607422,
                25.936485290527344
              ],
              [
                50.460208892822266,
                26.257951736450195
              ],
              [
                50.68524169921875,
                26.257951736450195
              ],
              [
                50.672935485839844,
                26.129364013671875
              ],
              [
                50.666831970214844,
                26.06507110595703
              ],
              [
                50.64872360229492,
                25.8721923828125
              ]
            ]
          ],
          [
            [
              [
                46.54195785522461,
                34.10039138793945
              ],
              [
                46.2076530456543,
                33.90746307373047
              ],
              [
                45.992977142333984,
                33.45735549926758
              ],
              [
                46.197265625,
                33.26447677612305
              ],
              [
                46.16311264038086,
                33.00732421875
              ],
              [
                46.682132720947266,
                32.878753662109375
              ],
              [
                46.945579528808594,
                32.557350158691406
              ],
              [
                47.463706970214844,
                32.428794860839844
              ],
              [
                47.98128890991211,
                31.7217960357666
              ],
              [
                47.8636589050293,
                31.40045166015625
              ],
              [
                48.981056213378906,
                31.78606605529785
              ],
              [
                49.23600769042969,
                31.978878021240234
              ],
              [
                49.922813415527344,
                31.978878021240234
              ],
              [
                50.198524475097656,
                31.20764923095703
              ],
              [
                50.53593826293945,
                30.886310577392578
              ],
              [
                50.70471954345703,
                30.436433792114258
              ],
              [
                50.924076080322266,
                30.372163772583008
              ],
              [
                50.90741729736328,
                30.243623733520508
              ],
              [
                51.11840057373047,
                30.115081787109375
              ],
              [
                51.16954040527344,
                29.922264099121094
              ],
              [
                51.32111358642578,
                29.922264099121094
              ],
              [
                51.29664611816406,
                29.729440689086914
              ],
              [
                52.58423614501953,
                29.729440689086914
              ],
              [
                52.567588806152344,
                29.600887298583984
              ],
              [
                52.71070861816406,
                29.536611557006836
              ],
              [
                52.637672424316406,
                28.958093643188477
              ],
              [
                52.713233947753906,
                28.958093643188477
              ],
              [
                52.72612762451172,
                28.44382095336914
              ],
              [
                52.93708801269531,
                28.315250396728516
              ],
              [
                52.914283752441406,
                28.12238883972168
              ],
              [
                53.321449279785156,
                27.736658096313477
              ],
              [
                53.54734802246094,
                27.736658096313477
              ],
              [
                53.95463943481445,
                27.35091781616211
              ],
              [
                53.940101623535156,
                27.222335815429688
              ],
              [
                54.090492248535156,
                27.222335815429688
              ],
              [
                54.06888198852539,
                27.029460906982422
              ],
              [
                54.21204376220703,
                26.96516990661621
              ],
              [
                54.25889205932617,
                26.70800018310547
              ],
              [
                54.18379592895508,
                26.70800018310547
              ],
              [
                53.65812301635742,
                26.70800018310547
              ],
              [
                53.46059036254883,
                26.96516990661621
              ],
              [
                52.736968994140625,
                27.222335815429688
              ],
              [
                52.478694915771484,
                27.608078002929688
              ],
              [
                52.04855728149414,
                27.800947189331055
              ],
              [
                51.45318603515625,
                27.865236282348633
              ],
              [
                51.06624984741211,
                28.44382095336914
              ],
              [
                51.028076171875,
                28.765243530273438
              ],
              [
                50.80903244018555,
                28.829526901245117
              ],
              [
                50.9150390625,
                29.08665657043457
              ],
              [
                50.620323181152344,
                29.150936126708984
              ],
              [
                50.65126037597656,
                29.40805435180664
              ],
              [
                50.23628234863281,
                29.729440689086914
              ],
              [
                50.0648078918457,
                30.179353713989258
              ],
              [
                49.585899353027344,
                29.986536026000977
              ],
              [
                48.942848205566406,
                30.307893753051758
              ],
              [
                48.987266540527344,
                30.050809860229492
              ],
              [
                48.36544418334961,
                29.922264099121094
              ],
              [
                48.40353012084961,
                29.600887298583984
              ],
              [
                48.09330749511719,
                29.536611557006836
              ],
              [
                48.01761245727539,
                29.536611557006836
              ],
              [
                47.7442512512207,
                29.79371452331543
              ],
              [
                47.751686096191406,
                29.857990264892578
              ],
              [
                47.160240173339844,
                29.986536026000977
              ],
              [
                47.25092697143555,
                30.115081787109375
              ],
              [
                46.955020904541016,
                30.179353713989258
              ],
              [
                46.56842803955078,
                30.115081787109375
              ],
              [
                46.583160400390625,
                30.243623733520508
              ],
              [
                45.68001174926758,
                30.307893753051758
              ],
              [
                45.12348556518555,
                30.757776260375977
              ],
              [
                45.13818359375,
                30.886310577392578
              ],
              [
                44.79490280151367,
                31.20764923095703
              ],
              [
                44.63529586791992,
                31.143381118774414
              ],
              [
                44.657562255859375,
                31.336183547973633
              ],
              [
                44.44402313232422,
                31.464719772338867
              ],
              [
                44.459014892578125,
                31.593257904052734
              ],
              [
                43.152584075927734,
                32.81447219848633
              ],
              [
                42.708534240722656,
                32.94303894042969
              ],
              [
                42.578269958496094,
                33.13589859008789
              ],
              [
                42.42499923706055,
                33.13589859008789
              ],
              [
                42.36363983154297,
                33.26447677612305
              ],
              [
                42.064544677734375,
                33.32876968383789
              ],
              [
                41.85723876953125,
                33.52165222167969
              ],
              [
                41.86487579345703,
                33.5859489440918
              ],
              [
                42.311378479003906,
                34.10039138793945
              ],
              [
                42.42831039428711,
                34.42197799682617
              ],
              [
                42.84620666503906,
                34.679283142089844
              ],
              [
                42.99861526489258,
                35.258358001708984
              ],
              [
                43.17023468017578,
                35.38706970214844
              ],
              [
                43.934669494628906,
                35.32271194458008
              ],
              [
                44.13346481323242,
                35.644527435302734
              ],
              [
                44.511478424072266,
                35.58015823364258
              ],
              [
                44.493568420410156,
                35.45143127441406
              ],
              [
                44.63035202026367,
                35.32271194458008
              ],
              [
                44.5948600769043,
                35.065311431884766
              ],
              [
                44.74929428100586,
                35.065311431884766
              ],
              [
                44.722801208496094,
                34.87228775024414
              ],
              [
                44.868289947509766,
                34.80794906616211
              ],
              [
                44.987342834472656,
                34.55062484741211
              ],
              [
                45.52674102783203,
                34.55062484741211
              ],
              [
                45.50016784667969,
                34.3576545715332
              ],
              [
                45.63649368286133,
                34.22901916503906
              ],
              [
                46.175201416015625,
                34.22901916503906
              ],
              [
                48.28171920776367,
                34.93662643432617
              ],
              [
                48.48532485961914,
                35.258358001708984
              ],
              [
                48.64985275268555,
                35.32271194458008
              ],
              [
                48.8804931640625,
                36.28839111328125
              ],
              [
                48.802879333496094,
                36.28839111328125
              ],
              [
                48.86603546142578,
                36.67487716674805
              ],
              [
                48.72114944458008,
                36.73930740356445
              ],
              [
                48.753143310546875,
                36.932613372802734
              ],
              [
                48.675315856933594,
                36.932613372802734
              ],
              [
                48.81806945800781,
                37.3193473815918
              ],
              [
                48.49380111694336,
                37.706241607666016
              ],
              [
                48.650245666503906,
                38.157840728759766
              ],
              [
                48.57198715209961,
                38.157840728759766
              ],
              [
                48.6290168762207,
                38.48057174682617
              ],
              [
                48.7073974609375,
                38.48057174682617
              ],
              [
                48.8410758972168,
                38.351463317871094
              ],
              [
                48.82852554321289,
                37.835243225097656
              ],
              [
                49.08510208129883,
                37.51277160644531
              ],
              [
                49.85409164428711,
                37.44829177856445
              ],
              [
                50.320892333984375,
                36.9970588684082
              ],
              [
                50.56571960449219,
                37.06150817871094
              ],
              [
                50.632293701171875,
                36.9970588684082
              ],
              [
                50.53199768066406,
                36.8681755065918
              ],
              [
                50.89850997924805,
                36.73930740356445
              ],
              [
                50.97627258300781,
                36.73930740356445
              ],
              [
                50.5661735534668,
                36.15959167480469
              ],
              [
                49.9137077331543,
                35.9664192199707
              ],
              [
                49.836204528808594,
                35.9664192199707
              ],
              [
                49.71675109863281,
                35.708900451660156
              ],
              [
                49.38644027709961,
                35.58015823364258
              ],
              [
                49.365928649902344,
                35.45143127441406
              ],
              [
                49.11363983154297,
                35.32271194458008
              ],
              [
                48.551334381103516,
                34.679283142089844
              ],
              [
                47.733097076416016,
                34.3576545715332
              ],
              [
                46.54195785522461,
                34.10039138793945
              ]
            ]
          ],
          [
            [
              [
                121.96505737304688,
                37.51277160644531
              ],
              [
                121.99740600585938,
                37.5772590637207
              ],
              [
                122.0754623413086,
                37.5772590637207
              ],
              [
                122.15351867675781,
                37.5772590637207
              ],
              [
                122.1211166381836,
                37.51277160644531
              ],
              [
                122.19915008544922,
                37.51277160644531
              ],
              [
                122.27717590332031,
                37.51277160644531
              ],
              [
                122.35520935058594,
                37.51277160644531
              ],
              [
                122.18048858642578,
                37.3193473815918
              ],
              [
                121.9146499633789,
                37.254878997802734
              ],
              [
                121.96505737304688,
                37.51277160644531
              ]
            ]
          ],
          [
            [
              [
                116.8447265625,
                38.997230529785156
              ],
              [
                116.8779067993164,
                39.06184005737305
              ],
              [
                116.83258056640625,
                39.1264533996582
              ],
              [
                117.28174591064453,
                39.38497543334961
              ],
              [
                117.37150573730469,
                39.25570297241211
              ],
              [
                117.33784484863281,
                39.19107437133789
              ],
              [
                116.9687728881836,
                38.93262481689453
              ],
              [
                116.8447265625,
                38.997230529785156
              ]
            ]
          ],
          [
            [
              [
                166.2168426513672,
                -50.786338806152344
              ],
              [
                166.2860870361328,
                -50.919734954833984
              ],
              [
                166.20167541503906,
                -50.919734954833984
              ],
              [
                166.0328826904297,
                -50.919734954833984
              ],
              [
                165.8115692138672,
                -50.653018951416016
              ],
              [
                166.1568145751953,
                -50.586387634277344
              ],
              [
                166.08114624023438,
                -50.519771575927734
              ],
              [
                166.32522583007812,
                -50.586387634277344
              ],
              [
                166.3932647705078,
                -50.719669342041016
              ],
              [
                166.2168426513672,
                -50.786338806152344
              ]
            ]
          ],
          [
            [
              [
                167.523681640625,
                -46.684627532958984
              ],
              [
                167.85183715820312,
                -46.684627532958984
              ],
              [
                168.2291717529297,
                -47.14480209350586
              ],
              [
                167.5385284423828,
                -47.276405334472656
              ],
              [
                167.4064178466797,
                -47.14480209350586
              ],
              [
                167.58734130859375,
                -47.07902526855469
              ],
              [
                167.5886993408203,
                -46.750328063964844
              ],
              [
                167.523681640625,
                -46.684627532958984
              ]
            ]
          ],
          [
            [
              [
                173.95541381835938,
                -41.98371505737305
              ],
              [
                173.93434143066406,
                -42.308528900146484
              ],
              [
                173.4749298095703,
                -42.50352096557617
              ],
              [
                173.47686767578125,
                -42.763633728027344
              ],
              [
                173.31655883789062,
                -42.763633728027344
              ],
              [
                173.33905029296875,
                -42.95881652832031
              ],
              [
                172.78126525878906,
                -43.21918487548828
              ],
              [
                172.84278869628906,
                -43.2843017578125
              ],
              [
                172.6820068359375,
                -43.2843017578125
              ],
              [
                172.83030700683594,
                -43.610023498535156
              ],
              [
                172.74977111816406,
                -43.610023498535156
              ],
              [
                172.97311401367188,
                -43.67519760131836
              ],
              [
                173.142822265625,
                -43.93598937988281
              ],
              [
                172.65867614746094,
                -43.93598937988281
              ],
              [
                172.4530029296875,
                -43.805572509765625
              ],
              [
                172.5154266357422,
                -43.87077713012695
              ],
              [
                172.2734375,
                -43.87077713012695
              ],
              [
                172.33590698242188,
                -43.93598937988281
              ],
              [
                172.1745147705078,
                -43.93598937988281
              ],
              [
                172.23704528808594,
                -44.0012092590332
              ],
              [
                171.815185546875,
                -44.066444396972656
              ],
              [
                171.87779235839844,
                -44.13168716430664
              ],
              [
                171.71621704101562,
                -44.13168716430664
              ],
              [
                171.7788848876953,
                -44.196937561035156
              ],
              [
                171.53643798828125,
                -44.196937561035156
              ],
              [
                171.59913635253906,
                -44.262203216552734
              ],
              [
                171.23944091796875,
                -44.392757415771484
              ],
              [
                171.1952667236328,
                -44.850032806396484
              ],
              [
                171.1141357421875,
                -44.850032806396484
              ],
              [
                171.17759704589844,
                -44.91539764404297
              ],
              [
                171.096435546875,
                -44.91539764404297
              ],
              [
                171.15997314453125,
                -44.980777740478516
              ],
              [
                171.0787811279297,
                -44.980777740478516
              ],
              [
                171.1424102783203,
                -45.046165466308594
              ],
              [
                171.06118774414062,
                -45.046165466308594
              ],
              [
                171.1248779296875,
                -45.11156463623047
              ],
              [
                170.8460235595703,
                -45.24239730834961
              ],
              [
                170.8064727783203,
                -45.700660705566406
              ],
              [
                170.64337158203125,
                -45.700660705566406
              ],
              [
                170.755615234375,
                -45.89723205566406
              ],
              [
                170.2318115234375,
                -46.02833938598633
              ],
              [
                170.2632598876953,
                -46.225093841552734
              ],
              [
                169.82080078125,
                -46.356327056884766
              ],
              [
                169.86964416503906,
                -46.48760986328125
              ],
              [
                169.7057647705078,
                -46.48760986328125
              ],
              [
                169.77130126953125,
                -46.55326843261719
              ],
              [
                168.81979370117188,
                -46.750328063964844
              ],
              [
                168.6068878173828,
                -46.61894226074219
              ],
              [
                168.1968536376953,
                -46.61894226074219
              ],
              [
                168.0841827392578,
                -46.42196273803711
              ],
              [
                167.67466735839844,
                -46.42196273803711
              ],
              [
                167.48184204101562,
                -46.225093841552734
              ],
              [
                167.21861267089844,
                -46.290706634521484
              ],
              [
                167.28274536132812,
                -46.356327056884766
              ],
              [
                166.64573669433594,
                -46.290706634521484
              ],
              [
                166.2652587890625,
                -45.89723205566406
              ],
              [
                166.44715881347656,
                -45.831695556640625
              ],
              [
                166.38426208496094,
                -45.766170501708984
              ],
              [
                166.7105712890625,
                -45.766170501708984
              ],
              [
                166.56015014648438,
                -45.438724517822266
              ],
              [
                166.7229766845703,
                -45.438724517822266
              ],
              [
                166.6796112060547,
                -45.30782699584961
              ],
              [
                166.98609924316406,
                -45.37327194213867
              ],
              [
                166.81832885742188,
                -45.11156463623047
              ],
              [
                167.1624298095703,
                -45.046165466308594
              ],
              [
                167.0384063720703,
                -44.91539764404297
              ],
              [
                167.3010711669922,
                -44.850032806396484
              ],
              [
                167.2392120361328,
                -44.78467559814453
              ],
              [
                167.4824981689453,
                -44.78467559814453
              ],
              [
                167.43994140625,
                -44.653995513916016
              ],
              [
                167.70230102539062,
                -44.58866882324219
              ],
              [
                167.66001892089844,
                -44.45804977416992
              ],
              [
                167.84127807617188,
                -44.392757415771484
              ],
              [
                167.79934692382812,
                -44.262203216552734
              ],
              [
                168.16171264648438,
                -44.13168716430664
              ],
              [
                168.10052490234375,
                -44.066444396972656
              ],
              [
                169.0665283203125,
                -43.805572509765625
              ],
              [
                169.0055389404297,
                -43.740379333496094
              ],
              [
                169.26693725585938,
                -43.67519760131836
              ],
              [
                169.20608520507812,
                -43.610023498535156
              ],
              [
                169.44769287109375,
                -43.610023498535156
              ],
              [
                169.38687133789062,
                -43.54486083984375
              ],
              [
                169.7483367919922,
                -43.4145622253418
              ],
              [
                169.687744140625,
                -43.34942626953125
              ],
              [
                170.12948608398438,
                -43.21918487548828
              ],
              [
                170.06910705566406,
                -43.15407943725586
              ],
              [
                170.24977111816406,
                -43.08898162841797
              ],
              [
                170.18959045410156,
                -43.023895263671875
              ],
              [
                170.43038940429688,
                -43.023895263671875
              ],
              [
                170.37026977539062,
                -42.95881652832031
              ],
              [
                170.81170654296875,
                -42.82868576049805
              ],
              [
                170.77220153808594,
                -42.69859313964844
              ],
              [
                171.0534210205078,
                -42.56853485107422
              ],
              [
                170.9939727783203,
                -42.50352096557617
              ],
              [
                171.07400512695312,
                -42.50352096557617
              ],
              [
                171.01467895507812,
                -42.438514709472656
              ],
              [
                171.0946807861328,
                -42.438514709472656
              ],
              [
                171.0354766845703,
                -42.37351608276367
              ],
              [
                171.11544799804688,
                -42.37351608276367
              ],
              [
                171.05638122558594,
                -42.308528900146484
              ],
              [
                171.13632202148438,
                -42.308528900146484
              ],
              [
                171.077392578125,
                -42.24354934692383
              ],
              [
                171.1573028564453,
                -42.24354934692383
              ],
              [
                171.2492218017578,
                -41.72401428222656
              ],
              [
                171.6694793701172,
                -41.65911102294922
              ],
              [
                171.61180114746094,
                -41.594215393066406
              ],
              [
                171.77105712890625,
                -41.594215393066406
              ],
              [
                171.7356719970703,
                -41.464447021484375
              ],
              [
                171.8948211669922,
                -41.464447021484375
              ],
              [
                171.88243103027344,
                -41.26985549926758
              ],
              [
                172.03012084960938,
                -41.07533645629883
              ],
              [
                171.9175262451172,
                -40.94569396972656
              ],
              [
                171.9968719482422,
                -40.94569396972656
              ],
              [
                171.98780822753906,
                -40.75128936767578
              ],
              [
                172.24923706054688,
                -40.68650436401367
              ],
              [
                172.1937713623047,
                -40.621726989746094
              ],
              [
                172.63754272460938,
                -40.492191314697266
              ],
              [
                172.748291015625,
                -40.621726989746094
              ],
              [
                172.6454620361328,
                -40.68650436401367
              ],
              [
                172.9158172607422,
                -40.81608581542969
              ],
              [
                173.08505249023438,
                -41.01051330566406
              ],
              [
                173.0056610107422,
                -41.01051330566406
              ],
              [
                173.0970001220703,
                -41.20500946044922
              ],
              [
                173.5613250732422,
                -41.01051330566406
              ],
              [
                173.5045623779297,
                -40.94569396972656
              ],
              [
                173.7426300048828,
                -40.94569396972656
              ],
              [
                173.8564910888672,
                -41.07533645629883
              ],
              [
                174.03759765625,
                -41.01051330566406
              ],
              [
                174.11697387695312,
                -41.01051330566406
              ],
              [
                174.26712036132812,
                -41.26985549926758
              ],
              [
                174.02865600585938,
                -41.26985549926758
              ],
              [
                174.1443328857422,
                -41.399574279785156
              ],
              [
                173.98524475097656,
                -41.399574279785156
              ],
              [
                174.2152557373047,
                -41.91877746582031
              ],
              [
                173.95541381835938,
                -41.98371505737305
              ]
            ]
          ],
          [
            [
              [
                173.62950134277344,
                -40.81608581542969
              ],
              [
                173.70880126953125,
                -40.81608581542969
              ],
              [
                173.67562866210938,
                -40.68650436401367
              ],
              [
                173.9467010498047,
                -40.81608581542969
              ],
              [
                173.8219757080078,
                -40.94569396972656
              ],
              [
                173.7426300048828,
                -40.94569396972656
              ],
              [
                173.62950134277344,
                -40.81608581542969
              ]
            ]
          ],
          [
            [
              [
                148.27317810058594,
                -40.297943115234375
              ],
              [
                148.31979370117188,
                -40.36268615722656
              ],
              [
                148.3665771484375,
                -40.427433013916016
              ],
              [
                148.4135284423828,
                -40.492191314697266
              ],
              [
                148.34793507202033,
                -40.492191314697266
              ],
              [
                148.1804656982422,
                -40.168479919433594
              ],
              [
                148.22674560546875,
                -40.23320770263672
              ],
              [
                148.27317810058594,
                -40.297943115234375
              ]
            ]
          ],
          [
            [
              [
                175.3167724609375,
                -37.133243560791016
              ],
              [
                175.19012451171875,
                -36.746585845947266
              ],
              [
                175.25259399414062,
                -36.61772918701172
              ],
              [
                175.53228759765625,
                -36.68215560913086
              ],
              [
                175.76708984375,
                -37.004337310791016
              ],
              [
                175.68922424316406,
                -37.004337310791016
              ],
              [
                175.91664123535156,
                -37.520057678222656
              ],
              [
                175.83860778808594,
                -37.520057678222656
              ],
              [
                176.06292724609375,
                -37.71352767944336
              ],
              [
                176.8858184814453,
                -37.9715576171875
              ],
              [
                177.2767791748047,
                -37.9715576171875
              ],
              [
                177.22689819335938,
                -37.907039642333984
              ],
              [
                177.48976135253906,
                -37.842533111572266
              ],
              [
                177.46873474121094,
                -37.71352767944336
              ],
              [
                177.83856201171875,
                -37.58454132080078
              ],
              [
                177.78941345214844,
                -37.520057678222656
              ],
              [
                178.17958068847656,
                -37.520057678222656
              ],
              [
                178.4557342529297,
                -37.77802658081055
              ],
              [
                178.2377166748047,
                -38.10060119628906
              ],
              [
                178.33920288085938,
                -38.22966766357422
              ],
              [
                178.1793212890625,
                -38.42330551147461
              ],
              [
                178.2557830810547,
                -38.61699295043945
              ],
              [
                177.78419494628906,
                -38.810733795166016
              ],
              [
                177.8890380859375,
                -38.93992233276367
              ],
              [
                177.78457641601562,
                -39.0045280456543
              ],
              [
                177.8932647705078,
                -39.32763671875
              ],
              [
                177.73587036132812,
                -39.32763671875
              ],
              [
                177.57594299316406,
                -39.133750915527344
              ],
              [
                177.10418701171875,
                -39.133750915527344
              ],
              [
                177.15716552734375,
                -39.1983757019043
              ],
              [
                176.89561462402344,
                -39.26300048828125
              ],
              [
                176.87347412109375,
                -39.521575927734375
              ],
              [
                176.79469299316406,
                -39.521575927734375
              ],
              [
                177.0359344482422,
                -39.715576171875
              ],
              [
                176.860595703125,
                -39.97433853149414
              ],
              [
                176.84561157226562,
                -40.23320770263672
              ],
              [
                176.58523559570312,
                -40.297943115234375
              ],
              [
                176.57313537597656,
                -40.55695343017578
              ],
              [
                176.31304931640625,
                -40.621726989746094
              ],
              [
                176.30369567871094,
                -40.88088607788086
              ],
              [
                176.14505004882812,
                -40.88088607788086
              ],
              [
                176.15928649902344,
                -41.07533645629883
              ],
              [
                176.00047302246094,
                -41.07533645629883
              ],
              [
                176.01588439941406,
                -41.26985549926758
              ],
              [
                175.7562713623047,
                -41.334712982177734
              ],
              [
                175.7938995361328,
                -41.464447021484375
              ],
              [
                175.4340057373047,
                -41.594215393066406
              ],
              [
                175.4930419921875,
                -41.65911102294922
              ],
              [
                175.17440795898438,
                -41.65911102294922
              ],
              [
                174.9981689453125,
                -41.464447021484375
              ],
              [
                174.54205322265625,
                -41.399574279785156
              ],
              [
                174.4261016845703,
                -41.26985549926758
              ],
              [
                174.70803833007812,
                -41.140167236328125
              ],
              [
                174.6505584716797,
                -41.07533645629883
              ],
              [
                174.8093719482422,
                -41.07533645629883
              ],
              [
                174.841552734375,
                -40.75128936767578
              ],
              [
                175.00010681152344,
                -40.75128936767578
              ],
              [
                174.9663543701172,
                -40.621726989746094
              ],
              [
                175.11483764648438,
                -40.427433013916016
              ],
              [
                174.97210693359375,
                -40.168479919433594
              ],
              [
                175.0511474609375,
                -40.168479919433594
              ],
              [
                174.6745147705078,
                -39.909637451171875
              ],
              [
                173.7754364013672,
                -39.586238861083984
              ],
              [
                173.51263427734375,
                -39.26300048828125
              ],
              [
                173.59130859375,
                -39.26300048828125
              ],
              [
                173.5660858154297,
                -39.133750915527344
              ],
              [
                173.7233428955078,
                -39.133750915527344
              ],
              [
                173.671630859375,
                -39.06913757324219
              ],
              [
                174.354248046875,
                -38.93992233276367
              ],
              [
                174.33010864257812,
                -38.810733795166016
              ],
              [
                174.46351623535156,
                -38.68156814575195
              ],
              [
                174.36212158203125,
                -38.552425384521484
              ],
              [
                174.4684600830078,
                -38.48786163330078
              ],
              [
                174.36802673339844,
                -38.3587532043457
              ],
              [
                174.4463653564453,
                -38.3587532043457
              ],
              [
                174.48219299316406,
                -38.10060119628906
              ],
              [
                174.638671875,
                -38.10060119628906
              ],
              [
                174.52017211914062,
                -37.842533111572266
              ],
              [
                174.6571044921875,
                -37.71352767944336
              ],
              [
                174.46401977539062,
                -37.45557403564453
              ],
              [
                174.57211303710938,
                -37.3911018371582
              ],
              [
                174.00904846191406,
                -36.61772918701172
              ],
              [
                174.08677673339844,
                -36.61772918701172
              ],
              [
                173.9949493408203,
                -36.4888916015625
              ],
              [
                174.27389526367188,
                -36.55331039428711
              ],
              [
                174.13661193847656,
                -36.360069274902344
              ],
              [
                174.21424865722656,
                -36.360069274902344
              ],
              [
                174.01351928710938,
                -36.2956657409668
              ],
              [
                174.1045684814453,
                -36.42448043823242
              ],
              [
                173.87159729003906,
                -36.42448043823242
              ],
              [
                172.96127319335938,
                -35.32998275756836
              ],
              [
                172.87489318847656,
                -35.20127487182617
              ],
              [
                173.02064514160156,
                -35.07257843017578
              ],
              [
                172.56918334960938,
                -34.62221908569336
              ],
              [
                172.5207061767578,
                -34.42924118041992
              ],
              [
                172.8287811279297,
                -34.42924118041992
              ],
              [
                173.12399291992188,
                -34.879554748535156
              ],
              [
                173.31288146972656,
                -34.815216064453125
              ],
              [
                173.39817810058594,
                -34.94389343261719
              ],
              [
                174.1883087158203,
                -35.20127487182617
              ],
              [
                174.55128479003906,
                -35.84492492675781
              ],
              [
                174.47381591796875,
                -35.84492492675781
              ],
              [
                174.39634704589844,
                -35.84492492675781
              ],
              [
                174.31887817382812,
                -35.84492492675781
              ],
              [
                174.80348205566406,
                -36.42448043823242
              ],
              [
                174.6163787841797,
                -36.4888916015625
              ],
              [
                174.6923065185547,
                -36.81101608276367
              ],
              [
                175.0502471923828,
                -36.87545394897461
              ],
              [
                175.3167724609375,
                -37.133243560791016
              ]
            ]
          ],
          [
            [
              [
                178.2130126953125,
                -18.93634033203125
              ],
              [
                178.24917602539062,
                -19.06491470336914
              ],
              [
                177.9713592529297,
                -19.129201889038086
              ],
              [
                177.93521118164062,
                -19.000627517700195
              ],
              [
                178.00918579101562,
                -19.000627517700195
              ],
              [
                177.9911346435547,
                -18.93634033203125
              ],
              [
                178.2130126953125,
                -18.93634033203125
              ]
            ]
          ],
          [
            [
              [
                178.64535522460938,
                -18.100603103637695
              ],
              [
                178.1815643310547,
                -18.293466567993164
              ],
              [
                177.42507934570312,
                -18.22917938232422
              ],
              [
                177.35121154785156,
                -18.22917938232422
              ],
              [
                177.1858367919922,
                -18.164892196655273
              ],
              [
                177.13731384277344,
                -17.71487808227539
              ],
              [
                177.36343383789062,
                -17.457727432250977
              ],
              [
                177.8455047607422,
                -17.329151153564453
              ],
              [
                178.06678771972656,
                -17.329151153564453
              ],
              [
                178.4136505126953,
                -17.522014617919922
              ],
              [
                178.64535522460938,
                -18.100603103637695
              ]
            ]
          ],
          [
            [
              [
                179.53408813476562,
                -16.171968460083008
              ],
              [
                179.82861328125,
                -16.171968460083008
              ],
              [
                179.86134338378906,
                -16.30054473876953
              ],
              [
                179.67335510253906,
                -16.429121017456055
              ],
              [
                179.83726501464844,
                -16.493408203125
              ],
              [
                179.83055114746094,
                -16.750560760498047
              ],
              [
                179.2010040283203,
                -16.879135131835938
              ],
              [
                179.09359741210938,
                -16.750560760498047
              ],
              [
                178.92306518554688,
                -16.943424224853516
              ],
              [
                178.775634765625,
                -16.943424224853516
              ],
              [
                178.79258728027344,
                -17.00771141052246
              ],
              [
                178.3901824951172,
                -16.879135131835938
              ],
              [
                178.33995056152344,
                -16.68627166748047
              ],
              [
                178.74879455566406,
                -16.557695388793945
              ],
              [
                178.7894287109375,
                -16.429121017456055
              ],
              [
                179.08407592773438,
                -16.429121017456055
              ],
              [
                179.53408813476562,
                -16.171968460083008
              ]
            ]
          ],
          [
            [
              [
                160.46246337890625,
                -11.864689826965332
              ],
              [
                160.2427520751953,
                -11.864689826965332
              ],
              [
                160.22332763671875,
                -11.736114501953125
              ],
              [
                160.0672607421875,
                -11.67182731628418
              ],
              [
                160.12142944335938,
                -11.543251991271973
              ],
              [
                160.19464111328125,
                -11.543251991271973
              ],
              [
                160.46246337890625,
                -11.864689826965332
              ]
            ]
          ],
          [
            [
              [
                153.17532348632812,
                -11.607540130615234
              ],
              [
                153.05743408203125,
                -11.286102294921875
              ],
              [
                153.59652709960938,
                -11.478964805603027
              ],
              [
                153.623779296875,
                -11.67182731628418
              ],
              [
                153.47732543945312,
                -11.67182731628418
              ],
              [
                153.40411376953125,
                -11.67182731628418
              ],
              [
                153.17532348632812,
                -11.607540130615234
              ]
            ]
          ],
          [
            [
              [
                165.84664916992188,
                -10.643227577209473
              ],
              [
                166.0660858154297,
                -10.643227577209473
              ],
              [
                166.084228515625,
                -10.771801948547363
              ],
              [
                165.66358947753906,
                -10.90037727355957
              ],
              [
                165.63619995117188,
                -10.707514762878418
              ],
              [
                165.77349853515625,
                -10.643227577209473
              ],
              [
                165.84664916992188,
                -10.643227577209473
              ]
            ]
          ],
          [
            [
              [
                152.52511596679688,
                -10.578939437866211
              ],
              [
                152.67962646484375,
                -10.643227577209473
              ],
              [
                152.69619750976562,
                -10.771801948547363
              ],
              [
                152.62303161621094,
                -10.771801948547363
              ],
              [
                152.46841430664062,
                -10.707514762878418
              ],
              [
                152.52511596679688,
                -10.578939437866211
              ]
            ]
          ],
          [
            [
              [
                150.9321746826172,
                -10.707514762878418
              ],
              [
                150.63955688476562,
                -10.707514762878418
              ],
              [
                150.69647216796875,
                -10.578939437866211
              ],
              [
                150.6884307861328,
                -10.514652252197266
              ],
              [
                150.834716796875,
                -10.514652252197266
              ],
              [
                150.9321746826172,
                -10.707514762878418
              ]
            ]
          ],
          [
            [
              [
                162.2978973388672,
                -10.90037727355957
              ],
              [
                161.70359802246094,
                -10.836090087890625
              ],
              [
                161.4576416015625,
                -10.643227577209473
              ],
              [
                161.44891357421875,
                -10.578939437866211
              ],
              [
                161.12210083007812,
                -10.321789741516113
              ],
              [
                161.1053009033203,
                -10.193214416503906
              ],
              [
                161.3977813720703,
                -10.193214416503906
              ],
              [
                161.94361877441406,
                -10.45036506652832
              ],
              [
                162.1891326904297,
                -10.643227577209473
              ],
              [
                162.2978973388672,
                -10.90037727355957
              ]
            ]
          ],
          [
            [
              [
                149.9534454345703,
                -9.228901863098145
              ],
              [
                150.16563415527344,
                -9.1646146774292
              ],
              [
                150.2598419189453,
                -9.357477188110352
              ],
              [
                150.7054443359375,
                -9.421764373779297
              ],
              [
                150.78573608398438,
                -9.486052513122559
              ],
              [
                150.7569580078125,
                -9.871777534484863
              ],
              [
                151.20314025878906,
                -9.936064720153809
              ],
              [
                151.22616577148438,
                -10.128927230834961
              ],
              [
                150.8683319091797,
                -10.193214416503906
              ],
              [
                150.77976989746094,
                -10.064640045166016
              ],
              [
                150.77210998535156,
                -10.000351905822754
              ],
              [
                150.61074829101562,
                -9.871777534484863
              ],
              [
                150.58840942382812,
                -9.678915023803711
              ],
              [
                150.369140625,
                -9.678915023803711
              ],
              [
                150.34725952148438,
                -9.486052513122559
              ],
              [
                150.13525390625,
                -9.550339698791504
              ],
              [
                149.9746856689453,
                -9.421764373779297
              ],
              [
                149.9534454345703,
                -9.228901863098145
              ]
            ]
          ],
          [
            [
              [
                160.70681762695312,
                -9.936064720153809
              ],
              [
                160.49563598632812,
                -10.000351905822754
              ],
              [
                160.2601318359375,
                -9.871777534484863
              ],
              [
                159.89462280273438,
                -9.871777534484863
              ],
              [
                159.82151794433594,
                -9.871777534484863
              ],
              [
                159.4244384765625,
                -9.61462688446045
              ],
              [
                159.45169067382812,
                -9.228901863098145
              ],
              [
                159.67088317871094,
                -9.228901863098145
              ],
              [
                159.83975219726562,
                -9.421764373779297
              ],
              [
                160.50514221191406,
                -9.486052513122559
              ],
              [
                160.67478942871094,
                -9.678915023803711
              ],
              [
                160.70681762695312,
                -9.936064720153809
              ]
            ]
          ],
          [
            [
              [
                152.57659912109375,
                -9.1646146774292
              ],
              [
                152.5035400390625,
                -9.1646146774292
              ],
              [
                152.41639709472656,
                -9.036039352416992
              ],
              [
                152.47555541992188,
                -8.907464027404785
              ],
              [
                152.85472106933594,
                -9.036039352416992
              ],
              [
                152.81008911132812,
                -9.29318904876709
              ],
              [
                152.66395568847656,
                -9.29318904876709
              ],
              [
                152.57659912109375,
                -9.1646146774292
              ]
            ]
          ],
          [
            [
              [
                161.22816467285156,
                -9.421764373779297
              ],
              [
                161.46298217773438,
                -9.550339698791504
              ],
              [
                161.49476623535156,
                -9.807489395141602
              ],
              [
                161.34056091308594,
                -9.743202209472656
              ],
              [
                161.2674560546875,
                -9.743202209472656
              ],
              [
                160.605712890625,
                -9.100326538085938
              ],
              [
                160.4401397705078,
                -8.264588356018066
              ],
              [
                160.8189239501953,
                -8.393163681030273
              ],
              [
                160.9271240234375,
                -8.714601516723633
              ],
              [
                160.86126708984375,
                -8.778888702392578
              ],
              [
                161.19015502929688,
                -9.100326538085938
              ],
              [
                161.22816467285156,
                -9.421764373779297
              ]
            ]
          ],
          [
            [
              [
                157.31405639648438,
                -8.393163681030273
              ],
              [
                157.26840209960938,
                -8.650314331054688
              ],
              [
                157.12234497070312,
                -8.650314331054688
              ],
              [
                157.1017608642578,
                -8.457450866699219
              ],
              [
                157.17478942871094,
                -8.457450866699219
              ],
              [
                157.1680145263672,
                -8.393163681030273
              ],
              [
                157.31405639648438,
                -8.393163681030273
              ]
            ]
          ],
          [
            [
              [
                150.83502197265625,
                -8.586026191711426
              ],
              [
                150.8884735107422,
                -8.393163681030273
              ],
              [
                151.03451538085938,
                -8.393163681030273
              ],
              [
                151.05410766601562,
                -8.586026191711426
              ],
              [
                150.9810791015625,
                -8.586026191711426
              ],
              [
                150.83502197265625,
                -8.586026191711426
              ]
            ]
          ],
          [
            [
              [
                156.81732177734375,
                -7.8145751953125
              ],
              [
                157.0363006591797,
                -7.8145751953125
              ],
              [
                157.13491821289062,
                -8.071725845336914
              ],
              [
                157.2679901123047,
                -7.943150520324707
              ],
              [
                157.49342346191406,
                -8.007437705993652
              ],
              [
                157.8388214111328,
                -8.52173900604248
              ],
              [
                157.98487854003906,
                -8.52173900604248
              ],
              [
                157.9468231201172,
                -8.84317684173584
              ],
              [
                157.8007354736328,
                -8.84317684173584
              ],
              [
                157.7135772705078,
                -8.714601516723633
              ],
              [
                157.70660400390625,
                -8.650314331054688
              ],
              [
                157.3938446044922,
                -8.457450866699219
              ],
              [
                157.38034057617188,
                -8.328875541687012
              ],
              [
                157.08828735351562,
                -8.328875541687012
              ],
              [
                157.0749969482422,
                -8.200301170349121
              ],
              [
                156.84942626953125,
                -8.13601303100586
              ],
              [
                156.75701904296875,
                -7.943150520324707
              ],
              [
                156.81732177734375,
                -7.8145751953125
              ]
            ]
          ],
          [
            [
              [
                159.7374725341797,
                -8.52173900604248
              ],
              [
                159.28553771972656,
                -8.393163681030273
              ],
              [
                159.2787322998047,
                -8.328875541687012
              ],
              [
                158.5819091796875,
                -7.943150520324707
              ],
              [
                158.32501220703125,
                -7.557425022125244
              ],
              [
                158.61691284179688,
                -7.557425022125244
              ],
              [
                158.86102294921875,
                -7.8145751953125
              ],
              [
                159.31185913085938,
                -7.943150520324707
              ],
              [
                159.7100372314453,
                -8.264588356018066
              ],
              [
                159.7374725341797,
                -8.52173900604248
              ]
            ]
          ],
          [
            [
              [
                156.36692810058594,
                -7.685999870300293
              ],
              [
                156.35464477539062,
                -7.557425022125244
              ],
              [
                156.57357788085938,
                -7.557425022125244
              ],
              [
                156.6840362548828,
                -7.943150520324707
              ],
              [
                156.54444885253906,
                -8.007437705993652
              ],
              [
                156.37313842773438,
                -7.750287532806396
              ],
              [
                156.36692810058594,
                -7.685999870300293
              ]
            ]
          ],
          [
            [
              [
                155.57215881347656,
                -6.978836059570312
              ],
              [
                155.7180633544922,
                -6.978836059570312
              ],
              [
                155.80242919921875,
                -7.10741138458252
              ],
              [
                155.80819702148438,
                -7.171699047088623
              ],
              [
                155.58932495117188,
                -7.171699047088623
              ],
              [
                155.57215881347656,
                -6.978836059570312
              ]
            ]
          ],
          [
            [
              [
                157.3641357421875,
                -7.428849697113037
              ],
              [
                156.99928283691406,
                -7.428849697113037
              ],
              [
                156.9143524169922,
                -7.30027437210083
              ],
              [
                156.7684326171875,
                -7.30027437210083
              ],
              [
                156.6779022216797,
                -7.10741138458252
              ],
              [
                156.6049346923828,
                -7.10741138458252
              ],
              [
                156.36895751953125,
                -6.914548873901367
              ],
              [
                156.26840209960938,
                -6.59311056137085
              ],
              [
                156.78988647460938,
                -6.721685886383057
              ],
              [
                157.02548217773438,
                -6.914548873901367
              ],
              [
                157.0426788330078,
                -7.10741138458252
              ],
              [
                157.35214233398438,
                -7.30027437210083
              ],
              [
                157.3641357421875,
                -7.428849697113037
              ]
            ]
          ],
          [
            [
              [
                144.95913696289062,
                -4.343043327331543
              ],
              [
                145.32704162597656,
                -4.407330989837646
              ],
              [
                145.71795654296875,
                -4.857344150543213
              ],
              [
                145.68211364746094,
                -5.435933113098145
              ],
              [
                146.34681701660156,
                -5.564508438110352
              ],
              [
                146.79759216308594,
                -5.757371425628662
              ],
              [
                146.95716857910156,
                -5.950234413146973
              ],
              [
                147.39462280273438,
                -5.950234413146973
              ],
              [
                147.70530700683594,
                -6.207384586334229
              ],
              [
                147.81834411621094,
                -6.721685886383057
              ],
              [
                146.8752899169922,
                -6.78597354888916
              ],
              [
                146.98562622070312,
                -7.235986709594727
              ],
              [
                147.78463745117188,
                -8.007437705993652
              ],
              [
                148.0827178955078,
                -8.071725845336914
              ],
              [
                148.1265411376953,
                -8.52173900604248
              ],
              [
                148.3585662841797,
                -8.650314331054688
              ],
              [
                148.4715576171875,
                -9.036039352416992
              ],
              [
                149.12222290039062,
                -8.971752166748047
              ],
              [
                149.20208740234375,
                -9.036039352416992
              ],
              [
                149.17800903320312,
                -9.486052513122559
              ],
              [
                149.92327880859375,
                -9.61462688446045
              ],
              [
                149.9453887939453,
                -9.807489395141602
              ],
              [
                149.72608947753906,
                -9.807489395141602
              ],
              [
                149.7485809326172,
                -10.000351905822754
              ],
              [
                150.4296112060547,
                -10.193214416503906
              ],
              [
                150.55825805664062,
                -10.643227577209473
              ],
              [
                149.90802001953125,
                -10.707514762878418
              ],
              [
                149.64862060546875,
                -10.386076927185059
              ],
              [
                147.5703125,
                -10.128927230834961
              ],
              [
                147.3285675048828,
                -9.936064720153809
              ],
              [
                147.29937744140625,
                -9.678915023803711
              ],
              [
                146.83950805664062,
                -9.486052513122559
              ],
              [
                146.73182678222656,
                -9.1646146774292
              ],
              [
                146.50587463378906,
                -9.100326538085938
              ],
              [
                146.13609313964844,
                -8.328875541687012
              ],
              [
                145.7406768798828,
                -8.007437705993652
              ],
              [
                144.8529510498047,
                -7.878862857818604
              ],
              [
                144.70115661621094,
                -7.8145751953125
              ],
              [
                144.68968200683594,
                -7.685999870300293
              ],
              [
                144.39208984375,
                -7.621712207794189
              ],
              [
                144.1902313232422,
                -7.8145751953125
              ],
              [
                143.82528686523438,
                -7.8145751953125
              ],
              [
                143.77561950683594,
                -8.071725845336914
              ],
              [
                143.48361206054688,
                -8.071725845336914
              ],
              [
                143.5015106201172,
                -8.264588356018066
              ],
              [
                142.92344665527344,
                -8.328875541687012
              ],
              [
                142.9356231689453,
                -8.457450866699219
              ],
              [
                143.37374877929688,
                -8.457450866699219
              ],
              [
                143.53221130371094,
                -8.586026191711426
              ],
              [
                143.55116271972656,
                -8.778888702392578
              ],
              [
                143.24635314941406,
                -8.650314331054688
              ],
              [
                143.34487915039062,
                -8.907464027404785
              ],
              [
                143.2848358154297,
                -9.036039352416992
              ],
              [
                142.99917602539062,
                -9.100326538085938
              ],
              [
                142.6604766845703,
                -9.357477188110352
              ],
              [
                142.13565063476562,
                -9.228901863098145
              ],
              [
                140.89356994628906,
                -9.228901863098145
              ],
              [
                140.8870391845703,
                -9.1646146774292
              ],
              [
                140.885009765625,
                -8.393163681030273
              ],
              [
                140.95802307128906,
                -8.393163681030273
              ],
              [
                140.8835906982422,
                -7.557425022125244
              ],
              [
                140.95655822753906,
                -7.557425022125244
              ],
              [
                140.90911865234375,
                -6.978836059570312
              ],
              [
                140.75314331054688,
                -6.850261211395264
              ],
              [
                140.7286376953125,
                -6.528822898864746
              ],
              [
                140.9285125732422,
                -6.271672248840332
              ],
              [
                140.88827514648438,
                -5.693083763122559
              ],
              [
                140.96116638183594,
                -5.693083763122559
              ],
              [
                140.8899688720703,
                -4.535906314849854
              ],
              [
                140.96282958984375,
                -4.535906314849854
              ],
              [
                140.8920135498047,
                -3.121578216552734
              ],
              [
                140.96484375,
                -3.121578216552734
              ],
              [
                140.87051391601562,
                -2.607277393341064
              ],
              [
                140.86798095703125,
                -2.542989730834961
              ],
              [
                141.6792755126953,
                -2.800140142440796
              ],
              [
                142.42706298828125,
                -3.250153541564941
              ],
              [
                143.01263427734375,
                -3.314441204071045
              ],
              [
                143.08546447753906,
                -3.314441204071045
              ],
              [
                143.52847290039062,
                -3.443016529083252
              ],
              [
                143.90841674804688,
                -3.76445460319519
              ],
              [
                144.34544372558594,
                -3.76445460319519
              ],
              [
                144.5773162841797,
                -4.021605014801025
              ],
              [
                144.87562561035156,
                -4.150180339813232
              ],
              [
                144.95913696289062,
                -4.343043327331543
              ]
            ]
          ],
          [
            [
              [
                154.43345642089844,
                -5.500220775604248
              ],
              [
                154.47084045410156,
                -4.98591947555542
              ],
              [
                154.62088012695312,
                -5.050207138061523
              ],
              [
                154.6475372314453,
                -5.435933113098145
              ],
              [
                155.1035614013672,
                -5.693083763122559
              ],
              [
                155.3566436767578,
                -6.143096923828125
              ],
              [
                155.5024871826172,
                -6.143096923828125
              ],
              [
                155.82542419433594,
                -6.528822898864746
              ],
              [
                155.83079528808594,
                -6.59311056137085
              ],
              [
                155.85272216796875,
                -6.850261211395264
              ],
              [
                155.2691650390625,
                -6.850261211395264
              ],
              [
                155.11227416992188,
                -6.721685886383057
              ],
              [
                155.00743103027344,
                -6.335959911346436
              ],
              [
                154.61749267578125,
                -6.014522075653076
              ],
              [
                154.57923889160156,
                -5.500220775604248
              ],
              [
                154.43345642089844,
                -5.500220775604248
              ]
            ]
          ],
          [
            [
              [
                147.74530029296875,
                -5.757371425628662
              ],
              [
                147.594970703125,
                -5.693083763122559
              ],
              [
                147.5816192626953,
                -5.500220775604248
              ],
              [
                147.95050048828125,
                -5.564508438110352
              ],
              [
                147.9732208251953,
                -5.885946750640869
              ],
              [
                147.8320770263672,
                -5.950234413146973
              ],
              [
                147.7498779296875,
                -5.821659088134766
              ],
              [
                147.74530029296875,
                -5.757371425628662
              ]
            ]
          ],
          [
            [
              [
                147.1270751953125,
                -5.243070125579834
              ],
              [
                147.0757598876953,
                -5.564508438110352
              ],
              [
                146.8397674560547,
                -5.307357788085938
              ],
              [
                146.90423583984375,
                -5.17878246307373
              ],
              [
                146.97711181640625,
                -5.17878246307373
              ],
              [
                147.1270751953125,
                -5.243070125579834
              ]
            ]
          ],
          [
            [
              [
                149.30462646484375,
                -6.143096923828125
              ],
              [
                148.94491577148438,
                -6.207384586334229
              ],
              [
                148.70697021484375,
                -5.950234413146973
              ],
              [
                148.2602081298828,
                -5.821659088134766
              ],
              [
                148.1647491455078,
                -5.500220775604248
              ],
              [
                148.3790283203125,
                -5.435933113098145
              ],
              [
                149.4812774658203,
                -5.564508438110352
              ],
              [
                149.76837158203125,
                -5.500220775604248
              ],
              [
                149.7551727294922,
                -5.307357788085938
              ],
              [
                149.9738311767578,
                -5.307357788085938
              ],
              [
                150.0599365234375,
                -5.500220775604248
              ],
              [
                150.64308166503906,
                -5.500220775604248
              ],
              [
                150.9213409423828,
                -5.307357788085938
              ],
              [
                151.04574584960938,
                -4.98591947555542
              ],
              [
                151.54757690429688,
                -4.857344150543213
              ],
              [
                151.36656188964844,
                -4.278755664825439
              ],
              [
                151.6505584716797,
                -4.150180339813232
              ],
              [
                151.80368041992188,
                -4.278755664825439
              ],
              [
                152.0913543701172,
                -4.214468002319336
              ],
              [
                152.3174285888672,
                -4.343043327331543
              ],
              [
                152.28042602539062,
                -4.921631813049316
              ],
              [
                151.92445373535156,
                -5.050207138061523
              ],
              [
                152.0280303955078,
                -5.500220775604248
              ],
              [
                151.95513916015625,
                -5.500220775604248
              ],
              [
                151.37652587890625,
                -5.564508438110352
              ],
              [
                151.39036560058594,
                -5.757371425628662
              ],
              [
                151.11776733398438,
                -6.014522075653076
              ],
              [
                150.68515014648438,
                -6.078809261322021
              ],
              [
                150.34031677246094,
                -6.335959911346436
              ],
              [
                149.46524047851562,
                -6.335959911346436
              ],
              [
                149.30462646484375,
                -6.143096923828125
              ]
            ]
          ],
          [
            [
              [
                150.09837341308594,
                -4.98591947555542
              ],
              [
                150.10675048828125,
                -5.114494800567627
              ],
              [
                149.89663696289062,
                -5.243070125579834
              ],
              [
                149.82374572753906,
                -5.243070125579834
              ],
              [
                149.8152313232422,
                -5.114494800567627
              ],
              [
                150.09837341308594,
                -4.98591947555542
              ]
            ]
          ],
          [
            [
              [
                145.7025146484375,
                -4.600193977355957
              ],
              [
                145.91732788085938,
                -4.535906314849854
              ],
              [
                145.99777221679688,
                -4.664481639862061
              ],
              [
                145.85977172851562,
                -4.793056964874268
              ],
              [
                145.7869110107422,
                -4.793056964874268
              ],
              [
                145.7025146484375,
                -4.600193977355957
              ]
            ]
          ],
          [
            [
              [
                152.52474975585938,
                -4.150180339813232
              ],
              [
                152.28138732910156,
                -3.700166940689087
              ],
              [
                151.38458251953125,
                -3.250153541564941
              ],
              [
                151.00247192382812,
                -2.864427804946899
              ],
              [
                150.70834350585938,
                -2.800140142440796
              ],
              [
                150.6999969482422,
                -2.607277393341064
              ],
              [
                150.99398803710938,
                -2.671565055847168
              ],
              [
                151.14810180664062,
                -2.864427804946899
              ],
              [
                151.36656188964844,
                -2.864427804946899
              ],
              [
                151.59689331054688,
                -3.121578216552734
              ],
              [
                152.19200134277344,
                -3.378728866577148
              ],
              [
                152.4304962158203,
                -3.76445460319519
              ],
              [
                152.4339599609375,
                -3.828742265701294
              ],
              [
                152.72531127929688,
                -3.828742265701294
              ],
              [
                153.03468322753906,
                -4.150180339813232
              ],
              [
                153.0576171875,
                -4.535906314849854
              ],
              [
                152.85923767089844,
                -4.857344150543213
              ],
              [
                152.7135009765625,
                -4.857344150543213
              ],
              [
                152.5555419921875,
                -4.664481639862061
              ],
              [
                152.52474975585938,
                -4.150180339813232
              ]
            ]
          ],
          [
            [
              [
                152.39488220214844,
                -3.05729079246521
              ],
              [
                152.54052734375,
                -3.05729079246521
              ],
              [
                152.61949157714844,
                -3.185865879058838
              ],
              [
                152.6226043701172,
                -3.250153541564941
              ],
              [
                152.40101623535156,
                -3.185865879058838
              ],
              [
                152.39488220214844,
                -3.05729079246521
              ]
            ]
          ],
          [
            [
              [
                150.33868408203125,
                -2.671565055847168
              ],
              [
                150.34146118164062,
                -2.735852479934692
              ],
              [
                150.12301635742188,
                -2.735852479934692
              ],
              [
                149.8235626220703,
                -2.542989730834961
              ],
              [
                149.8885040283203,
                -2.350126981735229
              ],
              [
                150.32794189453125,
                -2.414414644241333
              ],
              [
                150.4114990234375,
                -2.671565055847168
              ],
              [
                150.33868408203125,
                -2.671565055847168
              ]
            ]
          ],
          [
            [
              [
                147.2553253173828,
                -2.028688907623291
              ],
              [
                147.11691284179688,
                -2.221551656723022
              ],
              [
                146.39134216308594,
                -2.285839319229126
              ],
              [
                146.45220947265625,
                -1.964401364326477
              ],
              [
                146.9617919921875,
                -1.964401364326477
              ],
              [
                147.0345916748047,
                -1.964401364326477
              ],
              [
                147.2553253173828,
                -2.028688907623291
              ]
            ]
          ],
          [
            [
              [
                149.42140197753906,
                -1.514388203620911
              ],
              [
                149.41525268554688,
                -1.321525454521179
              ],
              [
                149.63563537597656,
                -1.385813117027283
              ],
              [
                149.7146759033203,
                -1.578675746917725
              ],
              [
                149.6418914794922,
                -1.578675746917725
              ],
              [
                149.569091796875,
                -1.578675746917725
              ],
              [
                149.42140197753906,
                -1.514388203620911
              ]
            ]
          ]
        ]
      }
    }
  ]
}