{
  "type": "FeatureCollection",
  "name": "territory-780",
  "features": [
    {
      "type": "Feature",
      "properties": {
        "Name": "(Allegiance of Kingdom of Hawaï'i to British Empire)",
        "FromYear": 1812,
        "ToYear": 1813,
        "Area": 3602543.5881757145,
        "Type": "RELATION",
        "Wikipedia": "Hawaiian Kingdom",
        "Wikidata": "Q156418",
        "SeshatID": "us_kamehameha_k;gb_british_emp_1",
        "Components": "British Cape Colony;(British Empire);British Colonial Empire;Kingdom of Hawaï'i;British Empire;British Ceylon;Kingdom of Great Britain",
        "MemberOf": ""
      },
      "geometry": {
        "type": "MultiPolygon",
        "coordinates": [
          [
            [
              [
                -155.9299774169922,
                19.507661819458008
              ],
              [
                -156.00230407714844,
                19.764808654785156
              ],
              [
                -155.79823303222656,
                19.8290958404541
              ],
              [
                -155.87086486816406,
                20.08624267578125
              ],
              [
                -155.7967529296875,
                20.08624267578125
              ],
              [
                -155.79551696777344,
                20.343387603759766
              ],
              [
                -155.59262084960938,
                20.150527954101562
              ],
              [
                -155.0376434326172,
                20.021955490112305
              ],
              [
                -154.96543884277344,
                19.764808654785156
              ],
              [
                -154.68939208984375,
                19.571949005126953
              ],
              [
                -154.8782501220703,
                19.186227798461914
              ],
              [
                -155.30435180664062,
                19.12194061279297
              ],
              [
                -155.37832641601562,
                19.12194061279297
              ],
              [
                -155.54684448242188,
                18.929079055786133
              ],
              [
                -155.78652954101562,
                18.993366241455078
              ],
              [
                -155.84010314941406,
                19.186227798461914
              ],
              [
                -155.69212341308594,
                19.186227798461914
              ],
              [
                -155.7459259033203,
                19.379087448120117
              ],
              [
                -155.9299774169922,
                19.507661819458008
              ]
            ]
          ],
          [
            [
              [
                -156.6845245361328,
                20.857677459716797
              ],
              [
                -156.72177124023438,
                20.986249923706055
              ],
              [
                -156.64755249023438,
                20.986249923706055
              ],
              [
                -156.57333374023438,
                20.986249923706055
              ],
              [
                -155.86831665039062,
                20.857677459716797
              ],
              [
                -155.7388153076172,
                20.664819717407227
              ],
              [
                -156.05455017089844,
                20.471960067749023
              ],
              [
                -156.42530822753906,
                20.471960067749023
              ],
              [
                -156.49905395507812,
                20.72910499572754
              ],
              [
                -156.6845245361328,
                20.857677459716797
              ]
            ]
          ],
          [
            [
              [
                -156.99996948242188,
                20.921964645385742
              ],
              [
                -156.77734375,
                20.921964645385742
              ],
              [
                -156.7216033935547,
                20.72910499572754
              ],
              [
                -156.9441680908203,
                20.72910499572754
              ],
              [
                -157.05552673339844,
                20.857677459716797
              ],
              [
                -156.9813232421875,
                20.857677459716797
              ],
              [
                -156.99996948242188,
                20.921964645385742
              ]
            ]
          ],
          [
            [
              [
                -157.20458984375,
                21.114822387695312
              ],
              [
                -157.2422637939453,
                21.24339485168457
              ],
              [
                -156.94525146484375,
                21.24339485168457
              ],
              [
                -156.77793884277344,
                21.179107666015625
              ],
              [
                -156.72177124023438,
                20.986249923706055
              ],
              [
                -157.24130249023438,
                20.986249923706055
              ],
              [
                -157.27882385253906,
                21.114822387695312
              ],
              [
                -157.20458984375,
                21.114822387695312
              ]
            ]
          ],
          [
            [
              [
                -157.72792053222656,
                21.629112243652344
              ],
              [
                -157.6499786376953,
                21.114822387695312
              ],
              [
                -157.8726806640625,
                21.114822387695312
              ],
              [
                -158.24559020996094,
                21.371967315673828
              ],
              [
                -158.2838592529297,
                21.500539779663086
              ],
              [
                -158.06375122070312,
                21.7576847076416
              ],
              [
                -157.74717712402344,
                21.693397521972656
              ],
              [
                -157.72792053222656,
                21.629112243652344
              ]
            ]
          ],
          [
            [
              [
                -160.92733764648438,
                21.88625717163086
              ],
              [
                -160.70433044433594,
                21.88625717163086
              ],
              [
                -160.64523315429688,
                21.693397521972656
              ],
              [
                -160.94247436523438,
                21.693397521972656
              ],
              [
                -160.98187255859375,
                21.821969985961914
              ],
              [
                -160.9075469970703,
                21.821969985961914
              ],
              [
                -160.92733764648438,
                21.88625717163086
              ]
            ]
          ],
          [
            [
              [
                -160.00050354003906,
                22.014829635620117
              ],
              [
                -159.94131469726562,
                21.821969985961914
              ],
              [
                -160.05076599121094,
                21.693397521972656
              ],
              [
                -160.27369689941406,
                21.693397521972656
              ],
              [
                -160.3129425048828,
                21.821969985961914
              ],
              [
                -160.07485961914062,
                22.014829635620117
              ],
              [
                -160.00050354003906,
                22.014829635620117
              ]
            ]
          ],
          [
            [
              [
                -159.16775512695312,
                22.20768928527832
              ],
              [
                -159.14785766601562,
                22.143402099609375
              ],
              [
                -159.033935546875,
                22.014829635620117
              ],
              [
                -159.34669494628906,
                21.821969985961914
              ],
              [
                -159.73797607421875,
                21.88625717163086
              ],
              [
                -159.74281311035156,
                22.143402099609375
              ],
              [
                -159.634033203125,
                22.271976470947266
              ],
              [
                -159.16775512695312,
                22.20768928527832
              ]
            ]
          ],
          [
            [
              [
                -162.13621520996094,
                23.107707977294922
              ],
              [
                -162.2752685546875,
                23.30057144165039
              ],
              [
                -162.2007293701172,
                23.30057144165039
              ],
              [
                -162.17913818359375,
                23.236284255981445
              ],
              [
                -162.08311462402344,
                23.171995162963867
              ],
              [
                -162.13621520996094,
                23.107707977294922
              ]
            ]
          ],
          [
            [
              [
                -115.09130096435547,
                47.33478927612305
              ],
              [
                -115.38526916503906,
                47.598209381103516
              ],
              [
                -115.19088745117188,
                47.664100646972656
              ],
              [
                -115.10833740234375,
                47.664100646972656
              ],
              [
                -114.8143081665039,
                47.4006233215332
              ],
              [
                -115.09130096435547,
                47.33478927612305
              ]
            ]
          ],
          [
            [
              [
                -117.41759490966797,
                47.86185836791992
              ],
              [
                -117.6935806274414,
                47.79592514038086
              ],
              [
                -117.99581909179688,
                48.059749603271484
              ],
              [
                -117.80274200439453,
                48.1257438659668
              ],
              [
                -117.7199478149414,
                48.1257438659668
              ],
              [
                -117.41759490966797,
                47.86185836791992
              ]
            ]
          ],
          [
            [
              [
                -99.34831237792969,
                49.71431350708008
              ],
              [
                -99.63235473632812,
                49.64793395996094
              ],
              [
                -99.91998291015625,
                49.91355895996094
              ],
              [
                -99.71991729736328,
                49.98000717163086
              ],
              [
                -99.63607788085938,
                49.98000717163086
              ],
              [
                -99.34831237792969,
                49.71431350708008
              ]
            ]
          ],
          [
            [
              [
                -96.98703002929688,
                49.91355895996094
              ],
              [
                -97.27216339111328,
                49.84712600708008
              ],
              [
                -97.5573959350586,
                50.11296081542969
              ],
              [
                -97.3563461303711,
                50.17946243286133
              ],
              [
                -97.27239227294922,
                50.17946243286133
              ],
              [
                -96.98703002929688,
                49.91355895996094
              ]
            ]
          ],
          [
            [
              [
                -98.34552764892578,
                50.04647445678711
              ],
              [
                -98.63477325439453,
                50.312522888183594
              ],
              [
                -98.43434143066406,
                50.37908172607422
              ],
              [
                -98.35026550292969,
                50.37908172607422
              ],
              [
                -98.0608901977539,
                50.11296081542969
              ],
              [
                -98.34552764892578,
                50.04647445678711
              ]
            ]
          ],
          [
            [
              [
                -100.07487487792969,
                50.11296081542969
              ],
              [
                -100.36805725097656,
                50.37908172607422
              ],
              [
                -100.16849517822266,
                50.445655822753906
              ],
              [
                -100.08438110351562,
                50.445655822753906
              ],
              [
                -99.79105377197266,
                50.17946243286133
              ],
              [
                -100.07487487792969,
                50.11296081542969
              ]
            ]
          ],
          [
            [
              [
                -119.97960662841797,
                50.312522888183594
              ],
              [
                -120.2538833618164,
                50.2459831237793
              ],
              [
                -120.58680725097656,
                50.51224899291992
              ],
              [
                -120.39700317382812,
                50.578861236572266
              ],
              [
                -120.31280517578125,
                50.578861236572266
              ],
              [
                -119.97960662841797,
                50.312522888183594
              ]
            ]
          ],
          [
            [
              [
                -102.1208724975586,
                50.77880859375
              ],
              [
                -102.4247817993164,
                51.04566955566406
              ],
              [
                -102.22657775878906,
                51.112430572509766
              ],
              [
                -102.14205169677734,
                51.112430572509766
              ],
              [
                -101.83802032470703,
                50.84549331665039
              ],
              [
                -102.1208724975586,
                50.77880859375
              ]
            ]
          ],
          [
            [
              [
                -105.59889221191406,
                51.98215103149414
              ],
              [
                -105.92200469970703,
                52.250450134277344
              ],
              [
                -105.72611236572266,
                52.31757736206055
              ],
              [
                -105.64081573486328,
                52.31757736206055
              ],
              [
                -105.3176040649414,
                52.0491943359375
              ],
              [
                -105.59889221191406,
                51.98215103149414
              ]
            ]
          ],
          [
            [
              [
                -109.58772277832031,
                52.250450134277344
              ],
              [
                -109.86686706542969,
                52.18334197998047
              ],
              [
                -110.20084381103516,
                52.4518928527832
              ],
              [
                -110.00724792480469,
                52.51908493041992
              ],
              [
                -109.92182159423828,
                52.51908493041992
              ],
              [
                -109.58772277832031,
                52.250450134277344
              ]
            ]
          ],
          [
            [
              [
                -114.49057006835938,
                52.38472366333008
              ],
              [
                -114.83628845214844,
                52.653533935546875
              ],
              [
                -114.64521026611328,
                52.720787048339844
              ],
              [
                -114.55964660644531,
                52.720787048339844
              ],
              [
                -114.21378326416016,
                52.4518928527832
              ],
              [
                -114.49057006835938,
                52.38472366333008
              ]
            ]
          ],
          [
            [
              [
                -101.21720886230469,
                52.92268753051758
              ],
              [
                -101.5403823852539,
                53.192195892333984
              ],
              [
                -101.3424301147461,
                53.25962829589844
              ],
              [
                -101.25650787353516,
                53.25962829589844
              ],
              [
                -100.93329620361328,
                52.99003219604492
              ],
              [
                -101.21720886230469,
                52.92268753051758
              ]
            ]
          ],
          [
            [
              [
                -110.24893188476562,
                54.20612335205078
              ],
              [
                -109.96923828125,
                54.27390670776367
              ],
              [
                -109.46517181396484,
                53.93522644042969
              ],
              [
                -109.96315002441406,
                54.00291442871094
              ],
              [
                -110.02935791015625,
                54.07062530517578
              ],
              [
                -110.24893188476562,
                54.20612335205078
              ]
            ]
          ],
          [
            [
              [
                -115.39344024658203,
                54.4095458984375
              ],
              [
                -115.20327758789062,
                54.47740173339844
              ],
              [
                -115.11650085449219,
                54.47740173339844
              ],
              [
                -114.75122833251953,
                54.20612335205078
              ],
              [
                -114.99593781026365,
                54.1462636179265
              ],
              [
                -114.80374145507812,
                54.00291442871094
              ],
              [
                -115.08062744140625,
                53.93522644042969
              ],
              [
                -115.44388580322266,
                54.20612335205078
              ],
              [
                -115.25370788574219,
                54.27390670776367
              ],
              [
                -115.21077410191339,
                54.27390670776367
              ],
              [
                -115.39344024658203,
                54.4095458984375
              ]
            ]
          ],
          [
            [
              [
                -124.38617706298828,
                54.07062530517578
              ],
              [
                -124.6578140258789,
                54.00291442871094
              ],
              [
                -125.04297637939453,
                54.27390670776367
              ],
              [
                -124.858154296875,
                54.341712951660156
              ],
              [
                -124.77147674560547,
                54.341712951660156
              ],
              [
                -124.38617706298828,
                54.07062530517578
              ]
            ]
          ],
          [
            [
              [
                -122.7325668334961,
                55.089229583740234
              ],
              [
                -123.12495422363281,
                55.36180877685547
              ],
              [
                -122.93936157226562,
                55.430015563964844
              ],
              [
                -122.85189819335938,
                55.430015563964844
              ],
              [
                -122.45941925048828,
                55.15733337402344
              ],
              [
                -122.7325668334961,
                55.089229583740234
              ]
            ]
          ],
          [
            [
              [
                -107.12737274169922,
                55.36180877685547
              ],
              [
                -107.40943908691406,
                55.29362487792969
              ],
              [
                -107.7685546875,
                55.56651306152344
              ],
              [
                -107.5740966796875,
                55.63479995727539
              ],
              [
                -107.4864730834961,
                55.63479995727539
              ],
              [
                -107.12737274169922,
                55.36180877685547
              ]
            ]
          ],
          [
            [
              [
                -111.18378448486328,
                55.56651306152344
              ],
              [
                -111.55426788330078,
                55.83982467651367
              ],
              [
                -111.36199951171875,
                55.90821838378906
              ],
              [
                -111.27417755126953,
                55.90821838378906
              ],
              [
                -110.9036865234375,
                55.63479995727539
              ],
              [
                -111.18378448486328,
                55.56651306152344
              ]
            ]
          ],
          [
            [
              [
                -108.18743896484375,
                55.63479995727539
              ],
              [
                -108.55158233642578,
                55.90821838378906
              ],
              [
                -108.35755157470703,
                55.97663879394531
              ],
              [
                -108.2696762084961,
                55.97663879394531
              ],
              [
                -107.90554809570312,
                55.70311737060547
              ],
              [
                -108.18743896484375,
                55.63479995727539
              ]
            ]
          ],
          [
            [
              [
                -121.02643585205078,
                56.45634460449219
              ],
              [
                -121.30115509033203,
                56.387733459472656
              ],
              [
                -121.70384216308594,
                56.662349700927734
              ],
              [
                -121.51764678955078,
                56.731075286865234
              ],
              [
                -121.42919158935547,
                56.731075286865234
              ],
              [
                -121.02643585205078,
                56.45634460449219
              ]
            ]
          ],
          [
            [
              [
                -123.67561340332031,
                58.180992126464844
              ],
              [
                -124.1035385131836,
                58.45867156982422
              ],
              [
                -123.91903686523438,
                58.528167724609375
              ],
              [
                -123.82915496826172,
                58.528167724609375
              ],
              [
                -123.40115356445312,
                58.2503662109375
              ],
              [
                -123.67561340332031,
                58.180992126464844
              ]
            ]
          ],
          [
            [
              [
                -116.66690826416016,
                58.31977081298828
              ],
              [
                -117.07858276367188,
                58.59769821166992
              ],
              [
                -116.88961791992188,
                58.66725540161133
              ],
              [
                -116.79961395263672,
                58.66725540161133
              ],
              [
                -116.38792419433594,
                58.38920593261719
              ],
              [
                -116.66690826416016,
                58.31977081298828
              ]
            ]
          ],
          [
            [
              [
                -110.38339233398438,
                58.80647277832031
              ],
              [
                -110.66658782958984,
                58.73685073852539
              ],
              [
                -111.0672378540039,
                59.015533447265625
              ],
              [
                -110.87437438964844,
                59.08528518676758
              ],
              [
                -110.78402709960938,
                59.08528518676758
              ],
              [
                -110.38339233398438,
                58.80647277832031
              ]
            ]
          ],
          [
            [
              [
                -114.59285736083984,
                62.61732482910156
              ],
              [
                -114.68228912353516,
                62.68894577026367
              ],
              [
                -114.39751434326172,
                62.76060485839844
              ],
              [
                -113.94802856445312,
                62.474212646484375
              ],
              [
                -114.3260726928711,
                62.4027214050293
              ],
              [
                -114.50367736816406,
                62.54574966430664
              ],
              [
                -114.59285736083984,
                62.61732482910156
              ]
            ]
          ],
          [
            [
              [
                -116.63532257080078,
                63.047672271728516
              ],
              [
                -116.91880798339844,
                62.9758415222168
              ],
              [
                -117.38264465332031,
                63.263427734375
              ],
              [
                -117.19332885742188,
                63.33543014526367
              ],
              [
                -117.09917449951172,
                63.33543014526367
              ],
              [
                -116.63532257080078,
                63.047672271728516
              ]
            ]
          ],
          [
            [
              [
                -69.10977172851562,
                12.178865432739258
              ],
              [
                -69.12454223632812,
                12.37172794342041
              ],
              [
                -68.74346923828125,
                12.178865432739258
              ],
              [
                -68.65585327148438,
                11.986002922058105
              ],
              [
                -68.95360565185547,
                12.050291061401367
              ],
              [
                -68.95840454101562,
                12.114578247070312
              ],
              [
                -69.10977172851562,
                12.178865432739258
              ]
            ]
          ],
          [
            [
              [
                -68.14785766601562,
                12.050291061401367
              ],
              [
                -68.29435729980469,
                12.050291061401367
              ],
              [
                -68.38201141357422,
                12.24315357208252
              ],
              [
                -68.38688659667969,
                12.307440757751465
              ],
              [
                -68.16221618652344,
                12.24315357208252
              ],
              [
                -68.14785766601562,
                12.050291061401367
              ]
            ]
          ],
          [
            [
              [
                -69.93055725097656,
                12.37172794342041
              ],
              [
                -70.01911926269531,
                12.564591407775879
              ],
              [
                -69.87254333496094,
                12.564591407775879
              ],
              [
                -69.78905487060547,
                12.436016082763672
              ],
              [
                -69.78401184082031,
                12.37172794342041
              ],
              [
                -69.93055725097656,
                12.37172794342041
              ]
            ]
          ],
          [
            [
              [
                -89.05091857910156,
                17.964767456054688
              ],
              [
                -88.75556182861328,
                17.964767456054688
              ],
              [
                -88.3945083618164,
                18.479066848754883
              ],
              [
                -88.2467041015625,
                18.479066848754883
              ],
              [
                -88.23637390136719,
                18.414779663085938
              ],
              [
                -88.07830810546875,
                18.350492477416992
              ],
              [
                -88.02729034423828,
                18.029054641723633
              ],
              [
                -88.18842315673828,
                17.643327713012695
              ],
              [
                -88.13533020019531,
                16.807586669921875
              ],
              [
                -88.20903015136719,
                16.807586669921875
              ],
              [
                -88.23552703857422,
                16.486146926879883
              ],
              [
                -88.30919647216797,
                16.486146926879883
              ],
              [
                -88.82465362548828,
                15.971842765808105
              ],
              [
                -88.81562042236328,
                15.907554626464844
              ],
              [
                -89.11003112792969,
                15.907554626464844
              ],
              [
                -89.10779571533203,
                17.38617706298828
              ],
              [
                -89.03401947021484,
                17.38617706298828
              ],
              [
                -89.1781997680664,
                17.836191177368164
              ],
              [
                -89.05091857910156,
                17.964767456054688
              ]
            ]
          ],
          [
            [
              [
                -64.57978820800781,
                17.707616806030273
              ],
              [
                -64.8674545288086,
                17.643327713012695
              ],
              [
                -64.88261413574219,
                17.77190399169922
              ],
              [
                -64.89022827148438,
                17.836191177368164
              ],
              [
                -64.66875457763672,
                17.836191177368164
              ],
              [
                -64.57978820800781,
                17.707616806030273
              ]
            ]
          ],
          [
            [
              [
                -77.73553466796875,
                17.836191177368164
              ],
              [
                -78.07617950439453,
                18.157629013061523
              ],
              [
                -78.29776763916016,
                18.157629013061523
              ],
              [
                -78.3900146484375,
                18.286205291748047
              ],
              [
                -78.05752563476562,
                18.543354034423828
              ],
              [
                -77.01364135742188,
                18.479066848754883
              ],
              [
                -76.22962188720703,
                18.157629013061523
              ],
              [
                -76.12023162841797,
                17.90047836303711
              ],
              [
                -76.48053741455078,
                17.836191177368164
              ],
              [
                -76.55435943603516,
                17.836191177368164
              ],
              [
                -76.8585433959961,
                17.90047836303711
              ],
              [
                -77.07112121582031,
                17.836191177368164
              ],
              [
                -77.05337524414062,
                17.707616806030273
              ],
              [
                -77.2748031616211,
                17.707616806030273
              ],
              [
                -77.36641693115234,
                17.836191177368164
              ],
              [
                -77.73553466796875,
                17.836191177368164
              ]
            ]
          ],
          [
            [
              [
                -62.94948959350586,
                18.286205291748047
              ],
              [
                -62.91935729980469,
                18.029054641723633
              ],
              [
                -63.14089584350586,
                18.029054641723633
              ],
              [
                -63.16353225708008,
                18.2219181060791
              ],
              [
                -63.089664459228516,
                18.2219181060791
              ],
              [
                -63.09724426269531,
                18.286205291748047
              ],
              [
                -62.94948959350586,
                18.286205291748047
              ]
            ]
          ],
          [
            [
              [
                -73.0047378540039,
                20.986249923706055
              ],
              [
                -73.66329956054688,
                20.921964645385742
              ],
              [
                -73.6915512084961,
                21.114822387695312
              ],
              [
                -73.48774719238281,
                21.24339485168457
              ],
              [
                -72.9679946899414,
                21.24339485168457
              ],
              [
                -72.93984985351562,
                21.050535202026367
              ],
              [
                -73.01407623291016,
                21.050535202026367
              ],
              [
                -73.0047378540039,
                20.986249923706055
              ]
            ]
          ],
          [
            [
              [
                -72.2171630859375,
                21.693397521972656
              ],
              [
                -72.32018280029297,
                21.88625717163086
              ],
              [
                -72.09717559814453,
                21.88625717163086
              ],
              [
                -72.07805633544922,
                21.7576847076416
              ],
              [
                -72.15237426757812,
                21.7576847076416
              ],
              [
                -72.2171630859375,
                21.693397521972656
              ]
            ]
          ],
          [
            [
              [
                -72.92898559570312,
                22.46483612060547
              ],
              [
                -72.6858901977539,
                22.33626365661621
              ],
              [
                -72.67601776123047,
                22.271976470947266
              ],
              [
                -72.82479095458984,
                22.271976470947266
              ],
              [
                -72.92898559570312,
                22.46483612060547
              ]
            ]
          ],
          [
            [
              [
                -73.6731185913086,
                22.46483612060547
              ],
              [
                -73.80182647705078,
                22.33626365661621
              ],
              [
                -73.876220703125,
                22.33626365661621
              ],
              [
                -74.15374755859375,
                22.20768928527832
              ],
              [
                -74.04518127441406,
                22.46483612060547
              ],
              [
                -73.89635467529297,
                22.46483612060547
              ],
              [
                -73.93710327148438,
                22.72198486328125
              ],
              [
                -73.70353698730469,
                22.657697677612305
              ],
              [
                -73.6731185913086,
                22.46483612060547
              ]
            ]
          ],
          [
            [
              [
                -74.86180114746094,
                22.914846420288086
              ],
              [
                -74.87232208251953,
                22.97913360595703
              ],
              [
                -75.11701965332031,
                23.107707977294922
              ],
              [
                -75.17095184326172,
                23.429147720336914
              ],
              [
                -75.0218505859375,
                23.429147720336914
              ],
              [
                -74.97868347167969,
                23.171995162963867
              ],
              [
                -74.7445068359375,
                23.107707977294922
              ],
              [
                -74.71284484863281,
                22.914846420288086
              ],
              [
                -74.86180114746094,
                22.914846420288086
              ]
            ]
          ],
          [
            [
              [
                -77.76241302490234,
                23.75058937072754
              ],
              [
                -77.91895294189453,
                24.200613021850586
              ],
              [
                -77.85621643066406,
                24.264904022216797
              ],
              [
                -77.48284149169922,
                24.264904022216797
              ],
              [
                -77.40090942382812,
                23.814878463745117
              ],
              [
                -77.47551727294922,
                23.814878463745117
              ],
              [
                -77.76241302490234,
                23.75058937072754
              ]
            ]
          ],
          [
            [
              [
                -74.51364135742188,
                23.943456649780273
              ],
              [
                -74.547607421875,
                24.136323928833008
              ],
              [
                -74.32363891601562,
                24.136323928833008
              ],
              [
                -74.3010025024414,
                24.00774574279785
              ],
              [
                -74.3756332397461,
                24.00774574279785
              ],
              [
                -74.51364135742188,
                23.943456649780273
              ]
            ]
          ],
          [
            [
              [
                -75.49004364013672,
                24.393482208251953
              ],
              [
                -75.56473541259766,
                24.393482208251953
              ],
              [
                -75.58840942382812,
                24.522062301635742
              ],
              [
                -75.35242462158203,
                24.457773208618164
              ],
              [
                -75.24260711669922,
                24.264904022216797
              ],
              [
                -75.28267669677734,
                24.07203483581543
              ],
              [
                -75.43196105957031,
                24.07203483581543
              ],
              [
                -75.49004364013672,
                24.393482208251953
              ]
            ]
          ],
          [
            [
              [
                -78.11650085449219,
                24.457773208618164
              ],
              [
                -78.35286712646484,
                24.522062301635742
              ],
              [
                -78.3899917602539,
                24.714935302734375
              ],
              [
                -78.2405014038086,
                24.714935302734375
              ],
              [
                -78.19078063964844,
                24.843517303466797
              ],
              [
                -78.20339965820312,
                24.907808303833008
              ],
              [
                -78.19271087646484,
                25.229267120361328
              ],
              [
                -77.8804702758789,
                25.164974212646484
              ],
              [
                -77.617919921875,
                24.586353302001953
              ],
              [
                -77.79352569580078,
                24.329193115234375
              ],
              [
                -78.09226989746094,
                24.329193115234375
              ],
              [
                -78.11650085449219,
                24.457773208618164
              ]
            ]
          ],
          [
            [
              [
                -76.25920104980469,
                24.907808303833008
              ],
              [
                -76.04724884033203,
                24.97209930419922
              ],
              [
                -76.09732055664062,
                24.843517303466797
              ],
              [
                -76.08506774902344,
                24.779226303100586
              ],
              [
                -76.23458099365234,
                24.779226303100586
              ],
              [
                -76.25920104980469,
                24.907808303833008
              ]
            ]
          ],
          [
            [
              [
                -76.3475341796875,
                25.357851028442383
              ],
              [
                -76.33470916748047,
                25.29355812072754
              ],
              [
                -76.48439025878906,
                25.29355812072754
              ],
              [
                -76.5980224609375,
                25.48643684387207
              ],
              [
                -76.3475341796875,
                25.357851028442383
              ]
            ]
          ],
          [
            [
              [
                -77.10681915283203,
                26.129364013671875
              ],
              [
                -77.06575012207031,
                25.936485290527344
              ],
              [
                -77.29061126708984,
                25.936485290527344
              ],
              [
                -77.331787109375,
                26.129364013671875
              ],
              [
                -77.17668914794922,
                26.450830459594727
              ],
              [
                -77.19087219238281,
                26.515121459960938
              ],
              [
                -77.63847351074219,
                26.836584091186523
              ],
              [
                -77.66790008544922,
                26.96516990661621
              ],
              [
                -77.35261535644531,
                26.900876998901367
              ],
              [
                -76.9656982421875,
                26.515121459960938
              ],
              [
                -76.93746948242188,
                26.386537551879883
              ],
              [
                -77.10681915283203,
                26.129364013671875
              ]
            ]
          ],
          [
            [
              [
                -77.98481750488281,
                26.70800018310547
              ],
              [
                -77.97029113769531,
                26.643707275390625
              ],
              [
                -78.16664123535156,
                26.515121459960938
              ],
              [
                -78.6776351928711,
                26.450830459594727
              ],
              [
                -78.79621124267578,
                26.643707275390625
              ],
              [
                -78.64604949951172,
                26.643707275390625
              ],
              [
                -78.60027313232422,
                26.772293090820312
              ],
              [
                -77.98481750488281,
                26.70800018310547
              ]
            ]
          ],
          [
            [
              [
                -64.64949798583984,
                32.36451721191406
              ],
              [
                -64.69085693359375,
                32.23596954345703
              ],
              [
                -64.67342376708984,
                32.171695709228516
              ],
              [
                -64.86115264892578,
                32.30024337768555
              ],
              [
                -64.64949798583984,
                32.36451721191406
              ]
            ]
          ],
          [
            [
              [
                -82.64127349853516,
                42.236209869384766
              ],
              [
                -82.78002166748047,
                42.041324615478516
              ],
              [
                -83.05315399169922,
                42.10627746582031
              ],
              [
                -83.08689880371094,
                42.17123794555664
              ],
              [
                -83.07473754882812,
                42.30118942260742
              ],
              [
                -82.64127349853516,
                42.236209869384766
              ]
            ]
          ],
          [
            [
              [
                -80.2504653930664,
                43.79821014404297
              ],
              [
                -79.9279556274414,
                43.79821014404297
              ],
              [
                -79.8355484008789,
                43.92862319946289
              ],
              [
                -79.6741714477539,
                43.92862319946289
              ],
              [
                -79.70864868164062,
                43.99384307861328
              ],
              [
                -79.4321060180664,
                43.92862319946289
              ],
              [
                -79.36357116699219,
                43.79821014404297
              ],
              [
                -79.52481842041016,
                43.79821014404297
              ],
              [
                -79.7104263305664,
                43.53750228881836
              ],
              [
                -79.8714370727539,
                43.53750228881836
              ],
              [
                -79.70176696777344,
                43.211830139160156
              ],
              [
                -79.09246826171875,
                43.276947021484375
              ],
              [
                -79.02548217773438,
                43.146724700927734
              ],
              [
                -79.18612670898438,
                43.146724700927734
              ],
              [
                -79.08607482910156,
                42.95146560668945
              ],
              [
                -79.24653625488281,
                42.95146560668945
              ],
              [
                -79.21329498291016,
                42.88639831542969
              ],
              [
                -80.17574310302734,
                42.88639831542969
              ],
              [
                -80.14221954345703,
                42.82133865356445
              ],
              [
                -80.50951385498047,
                42.75628662109375
              ],
              [
                -80.44259643554688,
                42.62621307373047
              ],
              [
                -81.35728454589844,
                42.691246032714844
              ],
              [
                -81.25238800048828,
                42.95146560668945
              ],
              [
                -81.0919189453125,
                42.95146560668945
              ],
              [
                -81.01168823242188,
                42.95146560668945
              ],
              [
                -80.72461700439453,
                43.016544342041016
              ],
              [
                -80.81477355957031,
                43.342071533203125
              ],
              [
                -80.72256469726562,
                43.472347259521484
              ],
              [
                -80.56161499023438,
                43.472347259521484
              ],
              [
                -80.50381469726562,
                43.6678352355957
              ],
              [
                -80.21597290039062,
                43.73301696777344
              ],
              [
                -80.2504653930664,
                43.79821014404297
              ]
            ]
          ],
          [
            [
              [
                -83.98784637451172,
                46.283294677734375
              ],
              [
                -84.02617645263672,
                46.348915100097656
              ],
              [
                -83.9443130493164,
                46.348915100097656
              ],
              [
                -83.90601348876953,
                46.283294677734375
              ],
              [
                -83.8677978515625,
                46.21768569946289
              ],
              [
                -83.94960021972656,
                46.21768569946289
              ],
              [
                -83.98784637451172,
                46.283294677734375
              ]
            ]
          ],
          [
            [
              [
                -77.12454223632812,
                46.1520881652832
              ],
              [
                -77.3486328125,
                46.414546966552734
              ],
              [
                -77.13861846923828,
                46.480194091796875
              ],
              [
                -77.05667877197266,
                46.480194091796875
              ],
              [
                -76.83275604248047,
                46.21768569946289
              ],
              [
                -77.12454223632812,
                46.1520881652832
              ]
            ]
          ],
          [
            [
              [
                -64.89701080322266,
                48.1257438659668
              ],
              [
                -65.0625991821289,
                48.1257438659668
              ],
              [
                -65.16300964355469,
                47.993770599365234
              ],
              [
                -66.47010803222656,
                48.1257438659668
              ],
              [
                -65.90752410888672,
                47.993770599365234
              ],
              [
                -65.6944351196289,
                47.730003356933594
              ],
              [
                -65.39641571044922,
                47.79592514038086
              ],
              [
                -65.42881774902344,
                47.86185836791992
              ],
              [
                -64.7354736328125,
                47.79592514038086
              ],
              [
                -64.67150115966797,
                47.664100646972656
              ],
              [
                -65.02649688720703,
                47.20316696166992
              ],
              [
                -65.19110870361328,
                47.20316696166992
              ],
              [
                -64.83045959472656,
                47.13737487792969
              ],
              [
                -64.76785278320312,
                47.005828857421875
              ],
              [
                -64.90101623535156,
                46.94007873535156
              ],
              [
                -64.51091766357422,
                46.283294677734375
              ],
              [
                -63.90790557861328,
                46.21768569946289
              ],
              [
                -63.869625091552734,
                45.95537567138672
              ],
              [
                -62.74909973144531,
                45.82429504394531
              ],
              [
                -62.69055938720703,
                45.693260192871094
              ],
              [
                -61.96207809448242,
                45.889827728271484
              ],
              [
                -61.79360580444336,
                45.693260192871094
              ],
              [
                -61.548980712890625,
                45.693260192871094
              ],
              [
                -61.64089584350586,
                46.08650588989258
              ],
              [
                -61.48299026489258,
                46.283294677734375
              ],
              [
                -61.31931686401367,
                46.283294677734375
              ],
              [
                -60.822059631347656,
                47.005828857421875
              ],
              [
                -60.604976654052734,
                47.07159423828125
              ],
              [
                -60.264854431152344,
                46.677207946777344
              ],
              [
                -60.34688949584961,
                46.677207946777344
              ],
              [
                -60.28885269165039,
                46.54585266113281
              ],
              [
                -60.44792938232422,
                46.348915100097656
              ],
              [
                -59.899566650390625,
                46.21768569946289
              ],
              [
                -59.786048889160156,
                45.95537567138672
              ],
              [
                -60.137699127197266,
                45.82429504394531
              ],
              [
                -60.29762268066406,
                45.62776184082031
              ],
              [
                -60.54214859008789,
                45.62776184082031
              ],
              [
                -60.51387405395508,
                45.56227111816406
              ],
              [
                -61.32863998413086,
                45.56227111816406
              ],
              [
                -61.0804328918457,
                45.36587905883789
              ],
              [
                -61.07697677612305,
                45.169586181640625
              ],
              [
                -61.645965576171875,
                45.169586181640625
              ],
              [
                -61.61757278442383,
                45.10417556762695
              ],
              [
                -62.07655715942383,
                45.03877639770508
              ],
              [
                -62.44953536987305,
                44.77729415893555
              ],
              [
                -63.49834442138672,
                44.58129119873047
              ],
              [
                -63.52189636230469,
                44.45067596435547
              ],
              [
                -64.06533813476562,
                44.58129119873047
              ],
              [
                -64.08845520019531,
                44.45067596435547
              ],
              [
                -64.43517303466797,
                44.32010269165039
              ],
              [
                -64.42945861816406,
                44.12431716918945
              ],
              [
                -64.77562713623047,
                43.99384307861328
              ],
              [
                -64.95465850830078,
                43.6678352355957
              ],
              [
                -65.35748291015625,
                43.6678352355957
              ],
              [
                -65.43244171142578,
                43.472347259521484
              ],
              [
                -66.1922378540039,
                43.73301696777344
              ],
              [
                -66.33870697021484,
                44.05907440185547
              ],
              [
                -66.18482208251953,
                44.25482940673828
              ],
              [
                -66.2440414428711,
                44.38538360595703
              ],
              [
                -65.9878158569336,
                44.71194839477539
              ],
              [
                -65.74463653564453,
                44.71194839477539
              ],
              [
                -65.67172241210938,
                44.908016204833984
              ],
              [
                -65.50940704345703,
                44.908016204833984
              ],
              [
                -65.4878158569336,
                45.03877639770508
              ],
              [
                -64.60179138183594,
                45.23500442504883
              ],
              [
                -64.6314468383789,
                45.300437927246094
              ],
              [
                -64.87548828125,
                45.300437927246094
              ],
              [
                -64.96510314941406,
                45.496795654296875
              ],
              [
                -65.20943450927734,
                45.496795654296875
              ],
              [
                -65.17940521240234,
                45.431331634521484
              ],
              [
                -65.34223175048828,
                45.431331634521484
              ],
              [
                -65.57758331298828,
                45.23500442504883
              ],
              [
                -66.14679718017578,
                45.23500442504883
              ],
              [
                -66.24894714355469,
                45.10417556762695
              ],
              [
                -66.65521240234375,
                45.10417556762695
              ],
              [
                -66.6249008178711,
                45.03877639770508
              ],
              [
                -66.98021697998047,
                45.10417556762695
              ],
              [
                -67.06147003173828,
                45.10417556762695
              ],
              [
                -67.36653900146484,
                45.23500442504883
              ],
              [
                -67.55192565917969,
                45.62776184082031
              ],
              [
                -67.74612426757812,
                45.693260192871094
              ],
              [
                -67.9030532836914,
                46.02093505859375
              ],
              [
                -67.80277252197266,
                46.1520881652832
              ],
              [
                -67.8661880493164,
                46.283294677734375
              ],
              [
                -67.78434753417969,
                46.283294677734375
              ],
              [
                -67.87992858886719,
                46.480194091796875
              ],
              [
                -67.79798889160156,
                46.480194091796875
              ],
              [
                -67.77531433105469,
                47.26897048950195
              ],
              [
                -67.6929702758789,
                47.26897048950195
              ],
              [
                -67.75858306884766,
                47.4006233215332
              ],
              [
                -67.6761703491211,
                47.4006233215332
              ],
              [
                -67.7420654296875,
                47.53233337402344
              ],
              [
                -67.65959167480469,
                47.53233337402344
              ],
              [
                -67.72577667236328,
                47.664100646972656
              ],
              [
                -68.66741943359375,
                47.730003356933594
              ],
              [
                -68.63380432128906,
                47.664100646972656
              ],
              [
                -69.04654693603516,
                47.664100646972656
              ],
              [
                -69.19306182861328,
                47.46647262573242
              ],
              [
                -69.39163970947266,
                47.53233337402344
              ],
              [
                -69.35794830322266,
                47.46647262573242
              ],
              [
                -69.65399932861328,
                47.4006233215332
              ],
              [
                -69.91339874267578,
                46.94007873535156
              ],
              [
                -70.0777359008789,
                46.94007873535156
              ],
              [
                -70.419921875,
                46.480194091796875
              ],
              [
                -70.25586700439453,
                46.1520881652832
              ],
              [
                -70.22328186035156,
                46.08650588989258
              ],
              [
                -70.7646713256836,
                45.36587905883789
              ],
              [
                -71.38333892822266,
                45.300437927246094
              ],
              [
                -71.36784362792969,
                45.10417556762695
              ],
              [
                -71.53034210205078,
                45.10417556762695
              ],
              [
                -71.62834167480469,
                44.973392486572266
              ],
              [
                -75.11945343017578,
                44.973392486572266
              ],
              [
                -75.08592224121094,
                44.908016204833984
              ],
              [
                -75.58670806884766,
                44.77729415893555
              ],
              [
                -75.64822387695312,
                44.58129119873047
              ],
              [
                -75.81021881103516,
                44.58129119873047
              ],
              [
                -76.00016021728516,
                44.32010269165039
              ],
              [
                -76.16191101074219,
                44.32010269165039
              ],
              [
                -76.19538116455078,
                44.38538360595703
              ],
              [
                -76.64715576171875,
                44.32010269165039
              ],
              [
                -76.71454620361328,
                44.45067596435547
              ],
              [
                -76.57305145263672,
                44.64661407470703
              ],
              [
                -76.4109878540039,
                44.64661407470703
              ],
              [
                -76.1749038696289,
                44.973392486572266
              ],
              [
                -76.32422637939453,
                45.10417556762695
              ],
              [
                -76.58734893798828,
                45.75876998901367
              ],
              [
                -74.95587158203125,
                45.75876998901367
              ],
              [
                -74.86102294921875,
                45.889827728271484
              ],
              [
                -74.69774627685547,
                45.889827728271484
              ],
              [
                -74.73194122314453,
                45.95537567138672
              ],
              [
                -74.48692321777344,
                45.95537567138672
              ],
              [
                -74.39187622070312,
                46.08650588989258
              ],
              [
                -73.88784790039062,
                46.21768569946289
              ],
              [
                -73.64974212646484,
                46.54585266113281
              ],
              [
                -73.06239318847656,
                46.677207946777344
              ],
              [
                -73.09671783447266,
                46.74290466308594
              ],
              [
                -71.89958190917969,
                46.808616638183594
              ],
              [
                -71.93357849121094,
                46.87434005737305
              ],
              [
                -71.68716430664062,
                46.87434005737305
              ],
              [
                -71.57677459716797,
                47.13737487792969
              ],
              [
                -71.24768829345703,
                47.13737487792969
              ],
              [
                -71.15127563476562,
                47.26897048950195
              ],
              [
                -70.65723419189453,
                47.26897048950195
              ],
              [
                -70.72026062011719,
                47.07159423828125
              ],
              [
                -70.5557861328125,
                47.07159423828125
              ],
              [
                -70.54102325439453,
                47.20316696166992
              ],
              [
                -70.24552917480469,
                47.26897048950195
              ],
              [
                -70.18238830566406,
                47.46647262573242
              ],
              [
                -70.01750183105469,
                47.46647262573242
              ],
              [
                -69.90616607666016,
                47.730003356933594
              ],
              [
                -69.74099731445312,
                47.730003356933594
              ],
              [
                -69.7611083984375,
                47.92780685424805
              ],
              [
                -69.416259765625,
                48.059749603271484
              ],
              [
                -69.40243530273438,
                48.191749572753906
              ],
              [
                -68.974365234375,
                48.323814392089844
              ],
              [
                -68.8294906616211,
                48.52202224731445
              ],
              [
                -68.58045959472656,
                48.52202224731445
              ],
              [
                -68.48382568359375,
                48.654239654541016
              ],
              [
                -68.31765747070312,
                48.654239654541016
              ],
              [
                -68.3524398803711,
                48.72037124633789
              ],
              [
                -68.18620300292969,
                48.72037124633789
              ],
              [
                -68.22102355957031,
                48.786521911621094
              ],
              [
                -67.3754653930664,
                48.91886520385742
              ],
              [
                -67.41020965576172,
                48.98506164550781
              ],
              [
                -66.51458740234375,
                49.18375015258789
              ],
              [
                -66.5493392944336,
                49.2500114440918
              ],
              [
                -66.13225555419922,
                49.2500114440918
              ],
              [
                -66.16693115234375,
                49.316287994384766
              ],
              [
                -65.08203887939453,
                49.316287994384766
              ],
              [
                -64.24607849121094,
                48.98506164550781
              ],
              [
                -64.14637756347656,
                48.786521911621094
              ],
              [
                -64.31269073486328,
                48.786521911621094
              ],
              [
                -64.18092346191406,
                48.52202224731445
              ],
              [
                -64.28152465820312,
                48.38986587524414
              ],
              [
                -64.44740295410156,
                48.38986587524414
              ],
              [
                -64.53033447265625,
                48.38986587524414
              ],
              [
                -64.49766540527344,
                48.323814392089844
              ],
              [
                -64.6634750366211,
                48.323814392089844
              ],
              [
                -64.63082885742188,
                48.257774353027344
              ],
              [
                -64.79656219482422,
                48.257774353027344
              ],
              [
                -64.76394653320312,
                48.191749572753906
              ],
              [
                -64.92960357666016,
                48.191749572753906
              ],
              [
                -64.89701080322266,
                48.1257438659668
              ]
            ]
          ],
          [
            [
              [
                -63.744300842285156,
                46.21768569946289
              ],
              [
                -63.83478927612305,
                46.414546966552734
              ],
              [
                -64.08049774169922,
                46.414546966552734
              ],
              [
                -64.17192840576172,
                46.61152267456055
              ],
              [
                -64.41793823242188,
                46.61152267456055
              ],
              [
                -64.51034545898438,
                46.808616638183594
              ],
              [
                -64.40799713134766,
                46.94007873535156
              ],
              [
                -64.24365234375,
                46.94007873535156
              ],
              [
                -64.22344970703125,
                47.07159423828125
              ],
              [
                -64.05897521972656,
                47.07159423828125
              ],
              [
                -63.956451416015625,
                46.677207946777344
              ],
              [
                -63.84392166137695,
                46.61152267456055
              ],
              [
                -63.51591491699219,
                46.61152267456055
              ],
              [
                -63.29154586791992,
                46.480194091796875
              ],
              [
                -62.01019287109375,
                46.54585266113281
              ],
              [
                -61.95104217529297,
                46.414546966552734
              ],
              [
                -62.08530807495117,
                46.348915100097656
              ],
              [
                -62.16717529296875,
                46.348915100097656
              ],
              [
                -62.46501922607422,
                46.283294677734375
              ],
              [
                -62.48120880126953,
                45.95537567138672
              ],
              [
                -62.80789566040039,
                45.95537567138672
              ],
              [
                -63.000797271728516,
                46.02093505859375
              ],
              [
                -63.08987808227539,
                46.21768569946289
              ],
              [
                -63.744300842285156,
                46.21768569946289
              ]
            ]
          ],
          [
            [
              [
                -84.50431060791016,
                46.74290466308594
              ],
              [
                -84.2192153930664,
                46.677207946777344
              ],
              [
                -84.02117919921875,
                46.480194091796875
              ],
              [
                -84.5127944946289,
                46.480194091796875
              ],
              [
                -84.50843048095703,
                46.61152267456055
              ],
              [
                -84.42642974853516,
                46.61152267456055
              ],
              [
                -84.50431060791016,
                46.74290466308594
              ]
            ]
          ],
          [
            [
              [
                -89.45111083984375,
                48.323814392089844
              ],
              [
                -89.70894622802734,
                48.5881233215332
              ],
              [
                -89.4258041381836,
                48.786521911621094
              ],
              [
                -89.34264373779297,
                48.786521911621094
              ],
              [
                -88.67294311523438,
                48.654239654541016
              ],
              [
                -88.58588409423828,
                48.52202224731445
              ],
              [
                -89.12762451171875,
                48.5881233215332
              ],
              [
                -89.08393859863281,
                48.52202224731445
              ],
              [
                -89.24996185302734,
                48.52202224731445
              ],
              [
                -89.28530883789062,
                48.323814392089844
              ],
              [
                -89.45111083984375,
                48.323814392089844
              ]
            ]
          ],
          [
            [
              [
                -96.63785552978516,
                48.52202224731445
              ],
              [
                -96.80387878417969,
                48.52202224731445
              ],
              [
                -97.0761489868164,
                48.786521911621094
              ],
              [
                -96.57721710205078,
                48.786521911621094
              ],
              [
                -96.43569946289062,
                48.5881233215332
              ],
              [
                -96.68484497070312,
                48.5881233215332
              ],
              [
                -96.63785552978516,
                48.52202224731445
              ]
            ]
          ],
          [
            [
              [
                -93.56648254394531,
                48.52202224731445
              ],
              [
                -93.64949798583984,
                48.52202224731445
              ],
              [
                -93.87932586669922,
                48.852684020996094
              ],
              [
                -93.71293640136719,
                48.852684020996094
              ],
              [
                -93.75926971435547,
                48.91886520385742
              ],
              [
                -93.59281158447266,
                48.91886520385742
              ],
              [
                -93.24249267578125,
                48.654239654541016
              ],
              [
                -93.56648254394531,
                48.52202224731445
              ]
            ]
          ],
          [
            [
              [
                -64.59197235107422,
                49.98000717163086
              ],
              [
                -63.09821319580078,
                49.84712600708008
              ],
              [
                -62.42756271362305,
                49.51522445678711
              ],
              [
                -61.86016845703125,
                49.38258361816406
              ],
              [
                -61.76201248168945,
                49.18375015258789
              ],
              [
                -61.72950744628906,
                49.11750411987305
              ],
              [
                -62.28023147583008,
                49.051273345947266
              ],
              [
                -63.096065521240234,
                49.18375015258789
              ],
              [
                -63.49641418457031,
                49.316287994384766
              ],
              [
                -64.03435516357422,
                49.71431350708008
              ],
              [
                -64.4036636352539,
                49.78071212768555
              ],
              [
                -64.59197235107422,
                49.98000717163086
              ]
            ]
          ],
          [
            [
              [
                -95.99617767333984,
                50.37908172607422
              ],
              [
                -96.28425598144531,
                50.64549255371094
              ],
              [
                -96.08287048339844,
                50.71213912963867
              ],
              [
                -95.99859619140625,
                50.71213912963867
              ],
              [
                -95.71041107177734,
                50.445655822753906
              ],
              [
                -95.99617767333984,
                50.37908172607422
              ]
            ]
          ],
          [
            [
              [
                -96.41997528076172,
                50.71213912963867
              ],
              [
                -96.33570098876953,
                50.71213912963867
              ],
              [
                -96.28425598144531,
                50.64549255371094
              ],
              [
                -96.36849212646484,
                50.64549255371094
              ],
              [
                -96.41997528076172,
                50.71213912963867
              ]
            ]
          ],
          [
            [
              [
                -92.24760437011719,
                56.937416076660156
              ],
              [
                -92.37175750732422,
                57.07511901855469
              ],
              [
                -91.6082992553711,
                57.21294021606445
              ],
              [
                -91.67042541503906,
                57.28189468383789
              ],
              [
                -90.7815933227539,
                57.28189468383789
              ],
              [
                -89.82691192626953,
                57.00625228881836
              ],
              [
                -89.05751037597656,
                56.937416076660156
              ],
              [
                -87.87738037109375,
                56.387733459472656
              ],
              [
                -87.64559936523438,
                56.11355972290039
              ],
              [
                -85.95584869384766,
                55.77145767211914
              ],
              [
                -84.95580291748047,
                55.29362487792969
              ],
              [
                -83.87405395507812,
                55.36180877685547
              ],
              [
                -82.31610107421875,
                55.15733337402344
              ],
              [
                -82.17543029785156,
                54.74907684326172
              ],
              [
                -82.26239776611328,
                54.74907684326172
              ],
              [
                -82.2452621459961,
                54.613189697265625
              ],
              [
                -82.47217559814453,
                54.341712951660156
              ],
              [
                -82.36933135986328,
                54.20612335205078
              ],
              [
                -82.4559097290039,
                54.20612335205078
              ],
              [
                -82.10021209716797,
                53.732303619384766
              ],
              [
                -82.22239685058594,
                53.664710998535156
              ],
              [
                -82.1221923828125,
                53.52959060668945
              ],
              [
                -82.20830535888672,
                53.52959060668945
              ],
              [
                -82.10859680175781,
                53.39456558227539
              ],
              [
                -82.23090362548828,
                53.32708740234375
              ],
              [
                -82.13189697265625,
                53.192195892333984
              ],
              [
                -82.29084777832031,
                53.057395935058594
              ],
              [
                -81.69371032714844,
                52.586299896240234
              ],
              [
                -81.50281524658203,
                52.31757736206055
              ],
              [
                -81.67340087890625,
                52.31757736206055
              ],
              [
                -81.62596130371094,
                52.250450134277344
              ],
              [
                -80.7957763671875,
                51.91512680053711
              ],
              [
                -80.5268325805664,
                51.64724349975586
              ],
              [
                -80.42998504638672,
                51.37968063354492
              ],
              [
                -80.17591857910156,
                51.37968063354492
              ],
              [
                -79.87244415283203,
                51.17921447753906
              ],
              [
                -79.7477798461914,
                51.24601745605469
              ],
              [
                -79.837158203125,
                51.37968063354492
              ],
              [
                -79.633056640625,
                51.580322265625
              ],
              [
                -79.67823791503906,
                51.64724349975586
              ],
              [
                -79.5085220336914,
                51.64724349975586
              ],
              [
                -79.55376434326172,
                51.71418380737305
              ],
              [
                -78.95001220703125,
                51.44654083251953
              ],
              [
                -79.13475799560547,
                51.84812545776367
              ],
              [
                -78.96478271484375,
                51.84812545776367
              ],
              [
                -79.05560302734375,
                51.98215103149414
              ],
              [
                -78.88545227050781,
                51.98215103149414
              ],
              [
                -78.81273651123047,
                52.250450134277344
              ],
              [
                -78.60284423828125,
                52.31757736206055
              ],
              [
                -78.65584564208984,
                52.51908493041992
              ],
              [
                -78.97486114501953,
                52.85536575317383
              ],
              [
                -78.88921356201172,
                52.85536575317383
              ],
              [
                -79.16432189941406,
                53.124786376953125
              ],
              [
                -79.040283203125,
                53.192195892333984
              ],
              [
                -79.19446563720703,
                53.52959060668945
              ],
              [
                -79.10836029052734,
                53.52959060668945
              ],
              [
                -79.30278778076172,
                53.799922943115234
              ],
              [
                -79.13018798828125,
                53.799922943115234
              ],
              [
                -79.2772216796875,
                54.00291442871094
              ],
              [
                -79.19078063964844,
                54.00291442871094
              ],
              [
                -79.5121078491211,
                54.20612335205078
              ],
              [
                -79.62523651123047,
                54.47740173339844
              ],
              [
                -79.8634262084961,
                54.681121826171875
              ],
              [
                -79.74024200439453,
                54.74907684326172
              ],
              [
                -79.7910385131836,
                54.817054748535156
              ],
              [
                -79.058349609375,
                54.88506317138672
              ],
              [
                -79.10897827148438,
                54.95309066772461
              ],
              [
                -78.42569732666016,
                55.089229583740234
              ],
              [
                -78.47630310058594,
                55.15733337402344
              ],
              [
                -78.30176544189453,
                55.15733337402344
              ],
              [
                -78.35240936279297,
                55.225467681884766
              ],
              [
                -78.0904541015625,
                55.225467681884766
              ],
              [
                -78.14108276367188,
                55.29362487792969
              ],
              [
                -77.34486389160156,
                55.63479995727539
              ],
              [
                -77.39571380615234,
                55.70311737060547
              ],
              [
                -77.22037506103516,
                55.70311737060547
              ],
              [
                -77.2345199584961,
                55.83982467651367
              ],
              [
                -77.02216339111328,
                55.90821838378906
              ],
              [
                -77.07327270507812,
                55.97663879394531
              ],
              [
                -76.89751434326172,
                55.97663879394531
              ],
              [
                -76.80207061767578,
                56.319149017333984
              ],
              [
                -76.71393585205078,
                56.319149017333984
              ],
              [
                -76.76551818847656,
                56.387733459472656
              ],
              [
                -76.67733001708984,
                56.387733459472656
              ],
              [
                -76.72899627685547,
                56.45634460449219
              ],
              [
                -76.64075469970703,
                56.45634460449219
              ],
              [
                -76.69251251220703,
                56.524986267089844
              ],
              [
                -76.60421752929688,
                56.524986267089844
              ],
              [
                -76.65606689453125,
                56.59365463256836
              ],
              [
                -76.56771850585938,
                56.59365463256836
              ],
              [
                -76.72087860107422,
                57.14401626586914
              ],
              [
                -76.6321029663086,
                57.14401626586914
              ],
              [
                -76.79113006591797,
                57.35087585449219
              ],
              [
                -76.70218658447266,
                57.35087585449219
              ],
              [
                -77.18665313720703,
                57.97305679321289
              ],
              [
                -78.40269470214844,
                58.59769821166992
              ],
              [
                -78.58258056640625,
                58.59769821166992
              ],
              [
                -78.69572448730469,
                58.73685073852539
              ],
              [
                -78.57229614257812,
                58.80647277832031
              ],
              [
                -78.62913513183594,
                58.876129150390625
              ],
              [
                -76.77471923828125,
                57.903804779052734
              ],
              [
                -76.2935562133789,
                57.28189468383789
              ],
              [
                -76.38243865966797,
                57.28189468383789
              ],
              [
                -76.17213439941406,
                57.00625228881836
              ],
              [
                -76.26080322265625,
                57.00625228881836
              ],
              [
                -76.1410140991211,
                56.731075286865234
              ],
              [
                -76.26605224609375,
                56.662349700927734
              ],
              [
                -76.18511199951172,
                56.319149017333984
              ],
              [
                -76.27325439453125,
                56.319149017333984
              ],
              [
                -76.37025451660156,
                55.97663879394531
              ],
              [
                -76.54600524902344,
                55.97663879394531
              ],
              [
                -76.5694808959961,
                55.77145767211914
              ],
              [
                -76.74492645263672,
                55.77145767211914
              ],
              [
                -76.73151397705078,
                55.63479995727539
              ],
              [
                -77.06852722167969,
                55.498252868652344
              ],
              [
                -77.0181884765625,
                55.430015563964844
              ],
              [
                -77.10565948486328,
                55.430015563964844
              ],
              [
                -77.09266662597656,
                55.29362487792969
              ],
              [
                -77.26740264892578,
                55.29362487792969
              ],
              [
                -77.25454711914062,
                55.15733337402344
              ],
              [
                -77.64073944091797,
                55.089229583740234
              ],
              [
                -77.5907211303711,
                55.021148681640625
              ],
              [
                -77.88932037353516,
                54.95309066772461
              ],
              [
                -77.8393783569336,
                54.88506317138672
              ],
              [
                -78.1005859375,
                54.88506317138672
              ],
              [
                -78.0506362915039,
                54.817054748535156
              ],
              [
                -78.4726791381836,
                54.681121826171875
              ],
              [
                -78.42284393310547,
                54.613189697265625
              ],
              [
                -78.8072738647461,
                54.545284271240234
              ],
              [
                -78.75748443603516,
                54.47740173339844
              ],
              [
                -78.88127899169922,
                54.4095458984375
              ],
              [
                -78.58570098876953,
                54.00291442871094
              ],
              [
                -78.6721420288086,
                54.00291442871094
              ],
              [
                -78.4576644897461,
                53.462066650390625
              ],
              [
                -78.54373168945312,
                53.462066650390625
              ],
              [
                -77.92050170898438,
                52.31757736206055
              ],
              [
                -78.16493225097656,
                52.0491943359375
              ],
              [
                -78.07477569580078,
                51.91512680053711
              ],
              [
                -78.15980529785156,
                51.91512680053711
              ],
              [
                -78.11489868164062,
                51.84812545776367
              ],
              [
                -78.19989013671875,
                51.84812545776367
              ],
              [
                -78.15508270263672,
                51.78114318847656
              ],
              [
                -78.24002838134766,
                51.78114318847656
              ],
              [
                -78.19532775878906,
                51.71418380737305
              ],
              [
                -78.28022766113281,
                51.71418380737305
              ],
              [
                -78.23562622070312,
                51.64724349975586
              ],
              [
                -78.32048797607422,
                51.64724349975586
              ],
              [
                -78.7239761352539,
                50.84549331665039
              ],
              [
                -79.01802825927734,
                50.77880859375
              ],
              [
                -79.05717468261719,
                50.578861236572266
              ],
              [
                -79.6033935546875,
                50.51224899291992
              ],
              [
                -81.13050079345703,
                50.912200927734375
              ],
              [
                -81.60911560058594,
                51.24601745605469
              ],
              [
                -82.01593017578125,
                51.71418380737305
              ],
              [
                -82.50595092773438,
                52.0491943359375
              ],
              [
                -83.80918884277344,
                53.597137451171875
              ],
              [
                -84.13542175292969,
                53.799922943115234
              ],
              [
                -84.39495849609375,
                54.138362884521484
              ],
              [
                -85.00533294677734,
                54.47740173339844
              ],
              [
                -89.43655395507812,
                55.63479995727539
              ],
              [
                -93.66542053222656,
                56.937416076660156
              ],
              [
                -94.15917205810547,
                57.28189468383789
              ],
              [
                -94.65052032470703,
                57.903804779052734
              ],
              [
                -94.56114196777344,
                57.903804779052734
              ],
              [
                -94.79975891113281,
                58.2503662109375
              ],
              [
                -94.66290283203125,
                58.38920593261719
              ],
              [
                -94.7292251586914,
                58.45867156982422
              ],
              [
                -94.63939666748047,
                58.45867156982422
              ],
              [
                -94.70584869384766,
                58.528167724609375
              ],
              [
                -94.615966796875,
                58.528167724609375
              ],
              [
                -94.83769989013672,
                58.94581604003906
              ],
              [
                -94.52290344238281,
                58.80647277832031
              ],
              [
                -93.26127624511719,
                58.80647277832031
              ],
              [
                -92.67127227783203,
                57.696231842041016
              ],
              [
                -92.60773468017578,
                57.62710189819336
              ],
              [
                -92.44422912597656,
                57.35087585449219
              ],
              [
                -92.53317260742188,
                57.35087585449219
              ],
              [
                -92.40776062011719,
                57.21294021606445
              ],
              [
                -92.54920196533203,
                57.07511901855469
              ],
              [
                -92.42483520507812,
                56.937416076660156
              ],
              [
                -92.24760437011719,
                56.937416076660156
              ]
            ]
          ],
          [
            [
              [
                -38.006614685058594,
                -54.14601516723633
              ],
              [
                -37.956111907958984,
                -54.010562896728516
              ],
              [
                -37.61033248901367,
                -54.010562896728516
              ],
              [
                -37.63536071777344,
                -54.078277587890625
              ],
              [
                -36.62197494506836,
                -54.14601516723633
              ],
              [
                -36.522586822509766,
                -54.3493766784668
              ],
              [
                -36.17584991455078,
                -54.3493766784668
              ],
              [
                -36.0759162902832,
                -54.55295181274414
              ],
              [
                -35.90225601196289,
                -54.55295181274414
              ],
              [
                -35.73964309692383,
                -54.824737548828125
              ],
              [
                -35.764278411865234,
                -54.89274597167969
              ],
              [
                -36.162445068359375,
                -55.02883529663086
              ],
              [
                -36.323909759521484,
                -54.756752014160156
              ],
              [
                -36.795555114746094,
                -54.6208610534668
              ],
              [
                -36.832401275634766,
                -54.485069274902344
              ],
              [
                -37.327880859375,
                -54.41720962524414
              ],
              [
                -37.450950622558594,
                -54.28156280517578
              ],
              [
                -38.006614685058594,
                -54.14601516723633
              ]
            ]
          ],
          [
            [
              [
                -60.23455810546875,
                -51.387229919433594
              ],
              [
                -60.2685546875,
                -51.45409393310547
              ],
              [
                -60.09907913208008,
                -51.45409393310547
              ],
              [
                -60.201473236083984,
                -51.65480041503906
              ],
              [
                -60.116607666015625,
                -51.65480041503906
              ],
              [
                -60.150917053222656,
                -51.721744537353516
              ],
              [
                -60.30485534667969,
                -51.85569381713867
              ],
              [
                -60.559837341308594,
                -51.85569381713867
              ],
              [
                -60.37120056152344,
                -51.65480041503906
              ],
              [
                -60.540931701660156,
                -51.65480041503906
              ],
              [
                -60.64177703857422,
                -51.52097702026367
              ],
              [
                -60.57333755493164,
                -51.387229919433594
              ],
              [
                -60.23455810546875,
                -51.387229919433594
              ]
            ]
          ],
          [
            [
              [
                -54.20848083496094,
                5.942972660064697
              ],
              [
                -54.06001281738281,
                5.81439733505249
              ],
              [
                -54.058719635009766,
                5.750109672546387
              ],
              [
                -54.124351501464844,
                5.364383697509766
              ],
              [
                -54.41255569458008,
                5.171521186828613
              ],
              [
                -54.482295989990234,
                4.978658199310303
              ],
              [
                -54.47108840942383,
                4.142918586730957
              ],
              [
                -54.32212448120117,
                3.821480512619019
              ],
              [
                -54.10247039794922,
                3.692905426025391
              ],
              [
                -54.10001754760742,
                3.371467113494873
              ],
              [
                -54.244842529296875,
                3.242892026901245
              ],
              [
                -54.24263000488281,
                2.7928786277771
              ],
              [
                -54.46000671386719,
                2.407152891159058
              ],
              [
                -54.67832565307617,
                2.342865228652954
              ],
              [
                -54.96994400024414,
                2.535728216171265
              ],
              [
                -55.333988189697266,
                2.535728216171265
              ],
              [
                -55.5521125793457,
                2.407152891159058
              ],
              [
                -56.061912536621094,
                2.471440553665161
              ],
              [
                -56.207244873046875,
                2.342865228652954
              ],
              [
                -56.20698165893555,
                2.150002479553223
              ],
              [
                -55.988525390625,
                1.957139730453491
              ],
              [
                -56.134193420410156,
                1.828564524650574
              ],
              [
                -57.444496154785156,
                1.957139730453491
              ],
              [
                -57.59016799926758,
                1.76427698135376
              ],
              [
                -58.46406936645508,
                1.507126569747925
              ],
              [
                -58.90174102783203,
                1.185688734054565
              ],
              [
                -59.337852478027344,
                1.378551483154297
              ],
              [
                -59.70126724243164,
                1.699989318847656
              ],
              [
                -59.701210021972656,
                1.828564524650574
              ],
              [
                -59.628414154052734,
                1.828564524650574
              ],
              [
                -59.191707611083984,
                1.699989318847656
              ],
              [
                -59.1916389465332,
                1.828564524650574
              ],
              [
                -58.82765579223633,
                1.828564524650574
              ],
              [
                -58.463844299316406,
                2.150002479553223
              ],
              [
                -58.46438980102539,
                2.407152891159058
              ],
              [
                -58.39158248901367,
                2.407152891159058
              ],
              [
                -58.39340591430664,
                2.857166290283203
              ],
              [
                -58.612998962402344,
                3.050029039382935
              ],
              [
                -58.46822738647461,
                3.178604364395142
              ],
              [
                -58.54548645019531,
                3.692905426025391
              ],
              [
                -58.7646598815918,
                3.757192850112915
              ],
              [
                -58.702632904052734,
                4.592932224273682
              ],
              [
                -58.92430877685547,
                4.785795211791992
              ],
              [
                -59.07814407348633,
                5.235808849334717
              ],
              [
                -59.009098052978516,
                5.428671360015869
              ],
              [
                -58.791751861572266,
                5.492959022521973
              ],
              [
                -58.739952087402344,
                6.392985820770264
              ],
              [
                -58.59925079345703,
                6.585848808288574
              ],
              [
                -58.60647201538086,
                6.842999458312988
              ],
              [
                -58.24360275268555,
                6.907287120819092
              ],
              [
                -57.800479888916016,
                6.714424133300781
              ],
              [
                -57.49858856201172,
                6.328698635101318
              ],
              [
                -57.27981948852539,
                6.328698635101318
              ],
              [
                -57.12480926513672,
                5.942972660064697
              ],
              [
                -56.615901947021484,
                6.007260322570801
              ],
              [
                -56.542991638183594,
                6.007260322570801
              ],
              [
                -55.955501556396484,
                5.81439733505249
              ],
              [
                -55.88679504394531,
                6.007260322570801
              ],
              [
                -55.156288146972656,
                5.942972660064697
              ],
              [
                -55.08619689941406,
                6.071547985076904
              ],
              [
                -54.940372467041016,
                6.071547985076904
              ],
              [
                -54.20848083496094,
                5.942972660064697
              ]
            ]
          ],
          [
            [
              [
                -1.793270826339722,
                5.10723352432251
              ],
              [
                -1.722439050674438,
                4.850082874298096
              ],
              [
                -1.868705272674561,
                4.785795211791992
              ],
              [
                -1.941573143005371,
                4.785795211791992
              ],
              [
                -1.939521670341492,
                5.042945861816406
              ],
              [
                -1.793270826339722,
                5.10723352432251
              ]
            ]
          ],
          [
            [
              [
                -2.666889429092407,
                5.235808849334717
              ],
              [
                -2.523016691207886,
                4.978658199310303
              ],
              [
                -2.52350902557373,
                4.914370536804199
              ],
              [
                -2.960261583328247,
                4.978658199310303
              ],
              [
                -2.885988473892212,
                5.171521186828613
              ],
              [
                -2.813107967376709,
                5.171521186828613
              ],
              [
                -2.666889429092407,
                5.235808849334717
              ]
            ]
          ],
          [
            [
              [
                -12.947978019714355,
                8.128751754760742
              ],
              [
                -13.31415843963623,
                8.321614265441895
              ],
              [
                -13.31541919708252,
                8.514476776123047
              ],
              [
                -13.096346855163574,
                8.514476776123047
              ],
              [
                -13.170714378356934,
                8.707340240478516
              ],
              [
                -13.097679138183594,
                8.707340240478516
              ],
              [
                -13.098146438598633,
                8.771627426147461
              ],
              [
                -12.733417510986328,
                8.835914611816406
              ],
              [
                -12.659472465515137,
                8.707340240478516
              ],
              [
                -12.730819702148438,
                8.450189590454102
              ],
              [
                -12.657408714294434,
                8.385902404785156
              ],
              [
                -12.94870662689209,
                8.25732707977295
              ],
              [
                -12.947978019714355,
                8.128751754760742
              ]
            ]
          ],
          [
            [
              [
                -60.99871063232422,
                10.057377815246582
              ],
              [
                -61.72983932495117,
                10.057377815246582
              ],
              [
                -61.666908264160156,
                10.250240325927734
              ],
              [
                -61.45097732543945,
                10.314528465270996
              ],
              [
                -61.45794677734375,
                10.443102836608887
              ],
              [
                -61.46147537231445,
                10.507390975952148
              ],
              [
                -61.61492156982422,
                10.635965347290039
              ],
              [
                -61.552730560302734,
                10.828827857971191
              ],
              [
                -60.89426803588867,
                10.828827857971191
              ],
              [
                -61.026161193847656,
                10.571678161621094
              ],
              [
                -60.9390754699707,
                10.314528465270996
              ],
              [
                -60.99871063232422,
                10.057377815246582
              ]
            ]
          ],
          [
            [
              [
                -60.70492935180664,
                11.343128204345703
              ],
              [
                -60.558536529541016,
                11.343128204345703
              ],
              [
                -60.616432189941406,
                11.085978507995605
              ],
              [
                -60.76279067993164,
                11.085978507995605
              ],
              [
                -60.83597183227539,
                11.085978507995605
              ],
              [
                -60.70492935180664,
                11.343128204345703
              ]
            ]
          ],
          [
            [
              [
                -61.551116943359375,
                11.986002922058105
              ],
              [
                -61.775146484375,
                12.050291061401367
              ],
              [
                -61.7105712890625,
                12.178865432739258
              ],
              [
                -61.714962005615234,
                12.24315357208252
              ],
              [
                -61.56843185424805,
                12.24315357208252
              ],
              [
                -61.551116943359375,
                11.986002922058105
              ]
            ]
          ],
          [
            [
              [
                -59.35515594482422,
                13.07889175415039
              ],
              [
                -59.57047653198242,
                13.014603614807129
              ],
              [
                -59.66753387451172,
                13.336042404174805
              ],
              [
                -59.52082824707031,
                13.336042404174805
              ],
              [
                -59.43791198730469,
                13.207467079162598
              ],
              [
                -59.36457061767578,
                13.207467079162598
              ],
              [
                -59.35515594482422,
                13.07889175415039
              ]
            ]
          ],
          [
            [
              [
                -61.281307220458984,
                13.336042404174805
              ],
              [
                -61.066200256347656,
                13.40032958984375
              ],
              [
                -61.046592712402344,
                13.143178939819336
              ],
              [
                -61.18844223022461,
                13.07889175415039
              ],
              [
                -61.193267822265625,
                13.143178939819336
              ],
              [
                -61.281307220458984,
                13.336042404174805
              ]
            ]
          ],
          [
            [
              [
                -60.79795837402344,
                13.721768379211426
              ],
              [
                -60.939613342285156,
                13.657480239868164
              ],
              [
                -61.04430389404297,
                14.043206214904785
              ],
              [
                -60.82405471801758,
                14.043206214904785
              ],
              [
                -60.813507080078125,
                13.914630889892578
              ],
              [
                -60.80828857421875,
                13.850343704223633
              ],
              [
                -60.79795837402344,
                13.721768379211426
              ]
            ]
          ],
          [
            [
              [
                -61.19023132324219,
                14.878947257995605
              ],
              [
                -60.96974182128906,
                14.878947257995605
              ],
              [
                -60.811241149902344,
                14.750371932983398
              ],
              [
                -60.78313446044922,
                14.428933143615723
              ],
              [
                -61.08251190185547,
                14.493220329284668
              ],
              [
                -61.08811950683594,
                14.55750846862793
              ],
              [
                -61.19023132324219,
                14.878947257995605
              ]
            ]
          ],
          [
            [
              [
                -17.1583309173584,
                14.621796607971191
              ],
              [
                -17.454187393188477,
                14.686083793640137
              ],
              [
                -17.386709213256836,
                14.878947257995605
              ],
              [
                -17.16823387145996,
                14.943235397338867
              ],
              [
                -17.094730377197266,
                14.943235397338867
              ],
              [
                -17.1583309173584,
                14.621796607971191
              ]
            ]
          ],
          [
            [
              [
                -61.48359680175781,
                15.650403022766113
              ],
              [
                -61.26287078857422,
                15.650403022766113
              ],
              [
                -61.14630889892578,
                15.200387001037598
              ],
              [
                -61.36689376831055,
                15.200387001037598
              ],
              [
                -61.464874267578125,
                15.457538604736328
              ],
              [
                -61.47107696533203,
                15.52182674407959
              ],
              [
                -61.48359680175781,
                15.650403022766113
              ]
            ]
          ],
          [
            [
              [
                -61.3473014831543,
                16.486146926879883
              ],
              [
                -61.18003463745117,
                16.293283462524414
              ],
              [
                -61.17345428466797,
                16.228994369506836
              ],
              [
                -61.461429595947266,
                16.16470718383789
              ],
              [
                -61.58265686035156,
                15.907554626464844
              ],
              [
                -61.73633575439453,
                15.971842765808105
              ],
              [
                -61.769195556640625,
                16.293283462524414
              ],
              [
                -61.48125457763672,
                16.35757064819336
              ],
              [
                -61.494632720947266,
                16.486146926879883
              ],
              [
                -61.3473014831543,
                16.486146926879883
              ]
            ]
          ],
          [
            [
              [
                -61.64407730102539,
                17.193313598632812
              ],
              [
                -61.616119384765625,
                16.9361629486084
              ],
              [
                -61.763553619384766,
                16.9361629486084
              ],
              [
                -61.85826873779297,
                17.129026412963867
              ],
              [
                -61.86532211303711,
                17.193313598632812
              ],
              [
                -61.64407730102539,
                17.193313598632812
              ]
            ]
          ],
          [
            [
              [
                -5.51620626449585,
                36.15959167480469
              ],
              [
                -5.296883106231689,
                36.3527946472168
              ],
              [
                -5.292408466339111,
                36.28839111328125
              ],
              [
                -5.361068248748779,
                36.15959167480469
              ],
              [
                -5.51620626449585,
                36.15959167480469
              ]
            ]
          ],
          [
            [
              [
                -56.1555290222168,
                50.04647445678711
              ],
              [
                -55.56839370727539,
                50.04647445678711
              ],
              [
                -55.506744384765625,
                49.91355895996094
              ],
              [
                -55.8865852355957,
                49.64793395996094
              ],
              [
                -55.74216842651367,
                49.51522445678711
              ],
              [
                -55.40789794921875,
                49.51522445678711
              ],
              [
                -55.234500885009766,
                49.316287994384766
              ],
              [
                -54.9841423034668,
                49.316287994384766
              ],
              [
                -54.96017074584961,
                49.44889450073242
              ],
              [
                -54.7095832824707,
                49.44889450073242
              ],
              [
                -54.76923370361328,
                49.58156967163086
              ],
              [
                -54.51841735839844,
                49.58156967163086
              ],
              [
                -54.45899200439453,
                49.44889450073242
              ],
              [
                -53.903682708740234,
                49.51522445678711
              ],
              [
                -53.48197555541992,
                49.316287994384766
              ],
              [
                -53.42416000366211,
                49.18375015258789
              ],
              [
                -53.590919494628906,
                49.18375015258789
              ],
              [
                -53.671207427978516,
                48.98506164550781
              ],
              [
                -53.83774185180664,
                48.98506164550781
              ],
              [
                -54.00135040283203,
                48.786521911621094
              ],
              [
                -53.80466842651367,
                48.52202224731445
              ],
              [
                -53.55563735961914,
                48.52202224731445
              ],
              [
                -53.52892303466797,
                48.654239654541016
              ],
              [
                -53.25159454345703,
                48.5881233215332
              ],
              [
                -53.22472381591797,
                48.72037124633789
              ],
              [
                -53.05848693847656,
                48.72037124633789
              ],
              [
                -52.9467658996582,
                48.455936431884766
              ],
              [
                -53.11271286010742,
                48.455936431884766
              ],
              [
                -53.084922790527344,
                48.38986587524414
              ],
              [
                -53.25080108642578,
                48.38986587524414
              ],
              [
                -53.4990348815918,
                48.191749572753906
              ],
              [
                -53.83035659790039,
                48.191749572753906
              ],
              [
                -53.63689041137695,
                47.92780685424805
              ],
              [
                -53.82990264892578,
                47.79592514038086
              ],
              [
                -53.58287811279297,
                47.598209381103516
              ],
              [
                -53.6373291015625,
                47.730003356933594
              ],
              [
                -53.49943161010742,
                47.79592514038086
              ],
              [
                -53.49898147583008,
                47.993770599365234
              ],
              [
                -53.333534240722656,
                47.993770599365234
              ],
              [
                -53.1677131652832,
                48.191749572753906
              ],
              [
                -52.91922378540039,
                48.191749572753906
              ],
              [
                -52.86445617675781,
                48.059749603271484
              ],
              [
                -53.22441482543945,
                47.730003356933594
              ],
              [
                -53.225852966308594,
                47.53233337402344
              ],
              [
                -53.06089782714844,
                47.53233337402344
              ],
              [
                -52.921104431152344,
                47.79592514038086
              ],
              [
                -52.7558708190918,
                47.79592514038086
              ],
              [
                -52.621849060058594,
                47.46647262573242
              ],
              [
                -52.70429229736328,
                47.46647262573242
              ],
              [
                -52.6805534362793,
                47.20316696166992
              ],
              [
                -52.8187255859375,
                47.13737487792969
              ],
              [
                -52.766056060791016,
                47.005828857421875
              ],
              [
                -52.9041633605957,
                46.94007873535156
              ],
              [
                -52.85176086425781,
                46.808616638183594
              ],
              [
                -53.019657135009766,
                46.61152267456055
              ],
              [
                -53.6756706237793,
                46.61152267456055
              ],
              [
                -53.75489044189453,
                46.808616638183594
              ],
              [
                -53.617156982421875,
                46.87434005737305
              ],
              [
                -53.67030334472656,
                47.005828857421875
              ],
              [
                -53.919097900390625,
                46.808616638183594
              ],
              [
                -54.24750900268555,
                46.808616638183594
              ],
              [
                -54.27264404296875,
                47.07159423828125
              ],
              [
                -53.913814544677734,
                47.4006233215332
              ],
              [
                -54.105350494384766,
                47.86185836791992
              ],
              [
                -54.49067687988281,
                47.4006233215332
              ],
              [
                -55.01252746582031,
                47.26897048950195
              ],
              [
                -55.012786865234375,
                47.07159423828125
              ],
              [
                -55.36927032470703,
                46.94007873535156
              ],
              [
                -55.34202194213867,
                46.87434005737305
              ],
              [
                -55.999114990234375,
                46.87434005737305
              ],
              [
                -56.08188247680664,
                47.07159423828125
              ],
              [
                -55.42422866821289,
                47.26897048950195
              ],
              [
                -55.28781509399414,
                47.53233337402344
              ],
              [
                -55.04037857055664,
                47.53233337402344
              ],
              [
                -55.09592819213867,
                47.664100646972656
              ],
              [
                -55.42612075805664,
                47.664100646972656
              ],
              [
                -55.37029266357422,
                47.53233337402344
              ],
              [
                -55.479591369628906,
                47.4006233215332
              ],
              [
                -55.837158203125,
                47.46647262573242
              ],
              [
                -55.8670654296875,
                47.730003356933594
              ],
              [
                -56.1973991394043,
                47.730003356933594
              ],
              [
                -56.22330093383789,
                47.598209381103516
              ],
              [
                -56.635868072509766,
                47.598209381103516
              ],
              [
                -56.60747146606445,
                47.53233337402344
              ],
              [
                -57.985111236572266,
                47.664100646972656
              ],
              [
                -59.358802795410156,
                47.598209381103516
              ],
              [
                -59.44792175292969,
                47.79592514038086
              ],
              [
                -59.36530685424805,
                47.79592514038086
              ],
              [
                -59.50775909423828,
                47.92780685424805
              ],
              [
                -59.34977722167969,
                48.1257438659668
              ],
              [
                -58.5889892578125,
                48.455936431884766
              ],
              [
                -59.200321197509766,
                48.52202224731445
              ],
              [
                -59.261634826660156,
                48.654239654541016
              ],
              [
                -58.90755081176758,
                48.786521911621094
              ],
              [
                -58.76313781738281,
                48.654239654541016
              ],
              [
                -58.771976470947266,
                48.852684020996094
              ],
              [
                -58.56254196166992,
                49.11750411987305
              ],
              [
                -58.14583969116211,
                49.11750411987305
              ],
              [
                -58.35353088378906,
                49.38258361816406
              ],
              [
                -58.27003860473633,
                49.38258361816406
              ],
              [
                -58.33275604248047,
                49.51522445678711
              ],
              [
                -57.94624710083008,
                49.58156967163086
              ],
              [
                -58.0726318359375,
                49.84712600708008
              ],
              [
                -57.67755889892578,
                50.2459831237793
              ],
              [
                -57.7421989440918,
                50.37908172607422
              ],
              [
                -57.53587341308594,
                50.64549255371094
              ],
              [
                -57.367401123046875,
                50.64549255371094
              ],
              [
                -57.432891845703125,
                50.77880859375
              ],
              [
                -57.12836837768555,
                50.84549331665039
              ],
              [
                -56.88615798950195,
                51.37968063354492
              ],
              [
                -56.580711364746094,
                51.44654083251953
              ],
              [
                -56.6141357421875,
                51.51342010498047
              ],
              [
                -56.2750358581543,
                51.51342010498047
              ],
              [
                -56.17214584350586,
                51.64724349975586
              ],
              [
                -55.460227966308594,
                51.580322265625
              ],
              [
                -55.53112030029297,
                51.37968063354492
              ],
              [
                -55.95457077026367,
                51.37968063354492
              ],
              [
                -55.97346115112305,
                51.24601745605469
              ],
              [
                -55.80424880981445,
                51.24601745605469
              ],
              [
                -55.70660400390625,
                51.04566955566406
              ],
              [
                -55.91518783569336,
                50.77880859375
              ],
              [
                -56.16813659667969,
                50.77880859375
              ],
              [
                -56.135948181152344,
                50.71213912963867
              ],
              [
                -56.22022247314453,
                50.71213912963867
              ],
              [
                -56.156089782714844,
                50.578861236572266
              ],
              [
                -56.60637283325195,
                50.11296081542969
              ],
              [
                -56.407161712646484,
                50.04647445678711
              ],
              [
                -56.38607406616211,
                50.17946243286133
              ],
              [
                -56.218162536621094,
                50.17946243286133
              ],
              [
                -56.1555290222168,
                50.04647445678711
              ]
            ]
          ],
          [
            [
              [
                -56.95284652709961,
                51.84812545776367
              ],
              [
                -56.91879653930664,
                51.78114318847656
              ],
              [
                -57.00374221801758,
                51.78114318847656
              ],
              [
                -57.03783416748047,
                51.84812545776367
              ],
              [
                -56.95284652709961,
                51.84812545776367
              ]
            ]
          ],
          [
            [
              [
                -56.54524612426758,
                51.71418380737305
              ],
              [
                -56.698909759521484,
                51.51342010498047
              ],
              [
                -57.089107513427734,
                51.44654083251953
              ],
              [
                -57.088687896728516,
                51.78114318847656
              ],
              [
                -56.884857177734375,
                51.71418380737305
              ],
              [
                -56.78287124633789,
                51.84812545776367
              ],
              [
                -56.612892150878906,
                51.84812545776367
              ],
              [
                -56.646881103515625,
                51.91512680053711
              ],
              [
                -56.4768180847168,
                51.91512680053711
              ],
              [
                -56.51082229614258,
                51.98215103149414
              ],
              [
                -56.340675354003906,
                51.98215103149414
              ],
              [
                -56.37470245361328,
                52.0491943359375
              ],
              [
                -56.204463958740234,
                52.0491943359375
              ],
              [
                -56.2216796875,
                52.250450134277344
              ],
              [
                -56.13643264770508,
                52.250450134277344
              ],
              [
                -56.290435791015625,
                52.38472366333008
              ],
              [
                -56.666500091552734,
                52.4518928527832
              ],
              [
                -56.80643844604492,
                52.720787048339844
              ],
              [
                -56.72087478637695,
                52.720787048339844
              ],
              [
                -56.79139709472656,
                52.85536575317383
              ],
              [
                -56.398338317871094,
                52.92268753051758
              ],
              [
                -56.54018020629883,
                53.192195892333984
              ],
              [
                -56.31813430786133,
                53.25962829589844
              ],
              [
                -56.35382843017578,
                53.32708740234375
              ],
              [
                -57.02797317504883,
                53.462066650390625
              ],
              [
                -57.273067474365234,
                53.597137451171875
              ],
              [
                -57.26021194458008,
                53.732303619384766
              ],
              [
                -56.69294357299805,
                53.799922943115234
              ],
              [
                -56.53388214111328,
                53.664710998535156
              ],
              [
                -56.18907165527344,
                53.664710998535156
              ],
              [
                -55.909156799316406,
                53.462066650390625
              ],
              [
                -55.73207092285156,
                53.124786376953125
              ],
              [
                -56.04011535644531,
                53.057395935058594
              ],
              [
                -55.8492431640625,
                52.85536575317383
              ],
              [
                -55.985633850097656,
                52.78806686401367
              ],
              [
                -55.761634826660156,
                52.51908493041992
              ],
              [
                -55.72730255126953,
                52.4518928527832
              ],
              [
                -55.676231384277344,
                52.18334197998047
              ],
              [
                -55.83022689819336,
                51.98215103149414
              ],
              [
                -56.00037384033203,
                51.98215103149414
              ],
              [
                -56.017974853515625,
                51.84812545776367
              ],
              [
                -56.18795394897461,
                51.84812545776367
              ],
              [
                -56.2905387878418,
                51.71418380737305
              ],
              [
                -56.54524612426758,
                51.71418380737305
              ]
            ]
          ],
          [
            [
              [
                -6.086330413818359,
                52.85536575317383
              ],
              [
                -6.171980857849121,
                52.85536575317383
              ],
              [
                -6.14614200592041,
                52.653533935546875
              ],
              [
                -6.2316575050354,
                52.653533935546875
              ],
              [
                -6.427507877349854,
                52.18334197998047
              ],
              [
                -7.611197948455811,
                52.11625671386719
              ],
              [
                -8.075331687927246,
                51.78114318847656
              ],
              [
                -8.415112495422363,
                51.78114318847656
              ],
              [
                -8.481083869934082,
                51.64724349975586
              ],
              [
                -9.639079093933105,
                51.44654083251953
              ],
              [
                -9.808544158935547,
                51.44654083251953
              ],
              [
                -9.92369556427002,
                51.64724349975586
              ],
              [
                -10.167977333068848,
                51.580322265625
              ],
              [
                -10.188602447509766,
                51.71418380737305
              ],
              [
                -10.45379638671875,
                51.78114318847656
              ],
              [
                -10.485442161560059,
                51.98215103149414
              ],
              [
                -10.25121021270752,
                52.11625671386719
              ],
              [
                -10.506694793701172,
                52.11625671386719
              ],
              [
                -10.528071403503418,
                52.250450134277344
              ],
              [
                -9.941752433776855,
                52.31757736206055
              ],
              [
                -9.973213195800781,
                52.51908493041992
              ],
              [
                -9.727348327636719,
                52.586299896240234
              ],
              [
                -9.74826431274414,
                52.720787048339844
              ],
              [
                -9.437079429626465,
                52.92268753051758
              ],
              [
                -9.468400001525879,
                53.124786376953125
              ],
              [
                -9.382568359375,
                53.124786376953125
              ],
              [
                -10.209695816040039,
                53.462066650390625
              ],
              [
                -10.231764793395996,
                53.597137451171875
              ],
              [
                -9.984235763549805,
                53.664710998535156
              ],
              [
                -10.006207466125488,
                53.799922943115234
              ],
              [
                -9.833613395690918,
                53.799922943115234
              ],
              [
                -10.084067344665527,
                54.27390670776367
              ],
              [
                -9.49949836730957,
                54.4095458984375
              ],
              [
                -8.697977066040039,
                54.27390670776367
              ],
              [
                -8.642707824707031,
                54.47740173339844
              ],
              [
                -8.316265106201172,
                54.613189697265625
              ],
              [
                -8.837503433227539,
                54.613189697265625
              ],
              [
                -8.869585037231445,
                54.817054748535156
              ],
              [
                -8.532058715820312,
                54.88506317138672
              ],
              [
                -8.56389045715332,
                55.089229583740234
              ],
              [
                -8.41061782836914,
                55.225467681884766
              ],
              [
                -7.886708736419678,
                55.225467681884766
              ],
              [
                -7.819964408874512,
                55.36180877685547
              ],
              [
                -7.120616436004639,
                55.36180877685547
              ],
              [
                -7.013527870178223,
                55.225467681884766
              ],
              [
                -6.149667739868164,
                55.29362487792969
              ],
              [
                -5.727906227111816,
                54.74907684326172
              ],
              [
                -5.553964138031006,
                54.74907684326172
              ],
              [
                -5.527542591094971,
                54.545284271240234
              ],
              [
                -5.440718173980713,
                54.545284271240234
              ],
              [
                -5.501331806182861,
                54.341712951660156
              ],
              [
                -5.588010787963867,
                54.341712951660156
              ],
              [
                -5.899145126342773,
                54.07062530517578
              ],
              [
                -6.331579685211182,
                54.07062530517578
              ],
              [
                -6.286456108093262,
                53.732303619384766
              ],
              [
                -6.087455749511719,
                53.52959060668945
              ],
              [
                -6.241942882537842,
                53.39456558227539
              ],
              [
                -6.14714241027832,
                53.32708740234375
              ],
              [
                -6.086330413818359,
                52.85536575317383
              ]
            ],
            [
              [
                -7.808860778808594,
                52.92268753051758
              ],
              [
                -7.818408489227295,
                52.99003219604492
              ],
              [
                -7.904150009155273,
                52.99003219604492
              ],
              [
                -7.894556522369385,
                52.92268753051758
              ],
              [
                -7.808860778808594,
                52.92268753051758
              ]
            ]
          ],
          [
            [
              [
                -60.39467239379883,
                53.93522644042969
              ],
              [
                -60.43346405029297,
                54.00291442871094
              ],
              [
                -59.60750198364258,
                54.07062530517578
              ],
              [
                -59.64603805541992,
                54.138362884521484
              ],
              [
                -59.17506790161133,
                54.07062530517578
              ],
              [
                -59.2133674621582,
                54.138362884521484
              ],
              [
                -58.732276916503906,
                54.20612335205078
              ],
              [
                -58.7705078125,
                54.27390670776367
              ],
              [
                -58.510616302490234,
                54.27390670776367
              ],
              [
                -58.43455505371094,
                54.138362884521484
              ],
              [
                -58.05073928833008,
                54.07062530517578
              ],
              [
                -58.13722610473633,
                54.07062530517578
              ],
              [
                -58.062095642089844,
                53.93522644042969
              ],
              [
                -58.23487854003906,
                53.93522644042969
              ],
              [
                -58.197383880615234,
                53.86756134033203
              ],
              [
                -58.67777633666992,
                53.799922943115234
              ],
              [
                -58.64021301269531,
                53.732303619384766
              ],
              [
                -59.48622512817383,
                53.39456558227539
              ],
              [
                -59.572242736816406,
                53.39456558227539
              ],
              [
                -59.534732818603516,
                53.32708740234375
              ],
              [
                -59.84103012084961,
                53.25962829589844
              ],
              [
                -59.85202407836914,
                53.124786376953125
              ],
              [
                -60.45285415649414,
                53.124786376953125
              ],
              [
                -61.08580780029297,
                53.93522644042969
              ],
              [
                -60.39467239379883,
                53.93522644042969
              ]
            ]
          ],
          [
            [
              [
                -4.382591724395752,
                54.4095458984375
              ],
              [
                -4.358400821685791,
                54.20612335205078
              ],
              [
                -4.861302852630615,
                54.07062530517578
              ],
              [
                -4.799596309661865,
                54.27390670776367
              ],
              [
                -4.807900905609131,
                54.341712951660156
              ],
              [
                -4.382591724395752,
                54.4095458984375
              ]
            ]
          ],
          [
            [
              [
                -2.789952516555786,
                56.524986267089844
              ],
              [
                -2.671310901641846,
                56.25059127807617
              ],
              [
                -3.103936910629272,
                56.182064056396484
              ],
              [
                -3.26426100730896,
                56.04508590698242
              ],
              [
                -2.656256437301636,
                56.11355972290039
              ],
              [
                -2.01904296875,
                55.90821838378906
              ],
              [
                -1.734845399856567,
                55.70311737060547
              ],
              [
                -1.606520295143127,
                55.29362487792969
              ],
              [
                -1.519152045249939,
                55.29362487792969
              ],
              [
                -1.486006855964661,
                54.95309066772461
              ],
              [
                -1.398887872695923,
                54.95309066772461
              ],
              [
                -1.285956144332886,
                54.681121826171875
              ],
              [
                -0.671433329582214,
                54.613189697265625
              ],
              [
                -0.202435865998268,
                54.20612335205078
              ],
              [
                -0.17964468896389,
                53.93522644042969
              ],
              [
                0.004257039166987,
                53.799922943115234
              ],
              [
                0.020827349275351,
                53.597137451171875
              ],
              [
                0.29531991481781,
                53.39456558227539
              ],
              [
                0.316494405269623,
                53.124786376953125
              ],
              [
                0.06977716833353,
                52.99003219604492
              ],
              [
                0.166152358055115,
                52.85536575317383
              ],
              [
                0.337453275918961,
                52.85536575317383
              ],
              [
                0.493327647447586,
                53.057395935058594
              ],
              [
                1.093834638595581,
                53.057395935058594
              ],
              [
                1.622210025787354,
                52.85536575317383
              ],
              [
                1.739019155502319,
                52.38472366333008
              ],
              [
                1.653681755065918,
                52.38472366333008
              ],
              [
                1.586262822151184,
                52.11625671386719
              ],
              [
                1.425007224082947,
                51.98215103149414
              ],
              [
                1.169783234596252,
                51.98215103149414
              ],
              [
                1.183690190315247,
                51.78114318847656
              ],
              [
                0.843909561634064,
                51.78114318847656
              ],
              [
                0.862975299358368,
                51.51342010498047
              ],
              [
                0.523877322673798,
                51.51342010498047
              ],
              [
                1.380577206611633,
                51.37968063354492
              ],
              [
                1.313834071159363,
                51.112430572509766
              ],
              [
                0.492853790521622,
                50.77880859375
              ],
              [
                -1.367843627929688,
                50.84549331665039
              ],
              [
                -1.109168291091919,
                50.77880859375
              ],
              [
                -1.176646590232849,
                50.578861236572266
              ],
              [
                -1.513427257537842,
                50.578861236572266
              ],
              [
                -1.524962306022644,
                50.71213912963867
              ],
              [
                -2.607964515686035,
                50.578861236572266
              ],
              [
                -2.789105415344238,
                50.71213912963867
              ],
              [
                -3.12621021270752,
                50.71213912963867
              ],
              [
                -3.456606388092041,
                50.64549255371094
              ],
              [
                -3.584736108779907,
                50.2459831237793
              ],
              [
                -4.088706493377686,
                50.2459831237793
              ],
              [
                -4.186630249023438,
                50.37908172607422
              ],
              [
                -4.354779243469238,
                50.37908172607422
              ],
              [
                -4.928657054901123,
                50.2459831237793
              ],
              [
                -5.151133060455322,
                49.98000717163086
              ],
              [
                -5.745615005493164,
                50.04647445678711
              ],
              [
                -5.768607616424561,
                50.2459831237793
              ],
              [
                -5.279601097106934,
                50.37908172607422
              ],
              [
                -5.133819580078125,
                50.578861236572266
              ],
              [
                -4.881234169006348,
                50.578861236572266
              ],
              [
                -4.819114208221436,
                50.77880859375
              ],
              [
                -4.657799243927002,
                50.84549331665039
              ],
              [
                -4.67988109588623,
                51.04566955566406
              ],
              [
                -4.426436901092529,
                51.04566955566406
              ],
              [
                -4.201729774475098,
                51.31283950805664
              ],
              [
                -3.094635725021362,
                51.24601745605469
              ],
              [
                -3.107994079589844,
                51.37968063354492
              ],
              [
                -2.945236444473267,
                51.44654083251953
              ],
              [
                -3.121426105499268,
                51.51342010498047
              ],
              [
                -3.277374029159546,
                51.37968063354492
              ],
              [
                -3.70082426071167,
                51.37968063354492
              ],
              [
                -3.891522645950317,
                51.580322265625
              ],
              [
                -4.308269023895264,
                51.51342010498047
              ],
              [
                -4.415247440338135,
                51.71418380737305
              ],
              [
                -5.078959941864014,
                51.580322265625
              ],
              [
                -5.264270305633545,
                51.71418380737305
              ],
              [
                -5.295889377593994,
                51.98215103149414
              ],
              [
                -4.893810749053955,
                52.18334197998047
              ],
              [
                -4.39012336730957,
                52.250450134277344
              ],
              [
                -4.156738758087158,
                52.4518928527832
              ],
              [
                -4.29533576965332,
                52.92268753051758
              ],
              [
                -4.793659210205078,
                52.78806686401367
              ],
              [
                -4.809510231018066,
                52.92268753051758
              ],
              [
                -4.490120410919189,
                53.124786376953125
              ],
              [
                -4.669717311859131,
                53.192195892333984
              ],
              [
                -4.701662540435791,
                53.462066650390625
              ],
              [
                -4.271347522735596,
                53.462066650390625
              ],
              [
                -4.162125587463379,
                53.25962829589844
              ],
              [
                -3.317377805709839,
                53.39456558227539
              ],
              [
                -3.152528285980225,
                53.462066650390625
              ],
              [
                -3.095205545425415,
                53.732303619384766
              ],
              [
                -3.196035623550415,
                53.86756134033203
              ],
              [
                -2.96582555770874,
                54.138362884521484
              ],
              [
                -3.304538726806641,
                54.07062530517578
              ],
              [
                -3.319409608840942,
                54.20612335205078
              ],
              [
                -3.586766958236694,
                54.27390670776367
              ],
              [
                -3.71977162361145,
                54.681121826171875
              ],
              [
                -3.569097280502319,
                54.88506317138672
              ],
              [
                -4.423340797424316,
                54.74907684326172
              ],
              [
                -4.953676700592041,
                54.817054748535156
              ],
              [
                -4.936679363250732,
                54.681121826171875
              ],
              [
                -5.206079959869385,
                54.74907684326172
              ],
              [
                -5.32801628112793,
                55.021148681640625
              ],
              [
                -5.153679370880127,
                55.021148681640625
              ],
              [
                -5.171102046966553,
                55.15733337402344
              ],
              [
                -4.768880844116211,
                55.430015563964844
              ],
              [
                -4.794708251953125,
                55.63479995727539
              ],
              [
                -4.978706836700439,
                55.70311737060547
              ],
              [
                -4.996289253234863,
                55.83982467651367
              ],
              [
                -5.444243907928467,
                55.90821838378906
              ],
              [
                -5.426101684570312,
                55.77145767211914
              ],
              [
                -5.162932395935059,
                55.77145767211914
              ],
              [
                -5.118756771087646,
                55.430015563964844
              ],
              [
                -5.381163120269775,
                55.430015563964844
              ],
              [
                -5.574207305908203,
                55.56651306152344
              ],
              [
                -5.625458240509033,
                55.29362487792969
              ],
              [
                -5.887563228607178,
                55.29362487792969
              ],
              [
                -5.915220260620117,
                55.498252868652344
              ],
              [
                -5.689270496368408,
                55.77145767211914
              ],
              [
                -5.80486011505127,
                55.97663879394531
              ],
              [
                -5.89273738861084,
                55.97663879394531
              ],
              [
                -5.952439785003662,
                55.77145767211914
              ],
              [
                -6.127885818481445,
                55.77145767211914
              ],
              [
                -6.187198638916016,
                55.56651306152344
              ],
              [
                -6.362338542938232,
                55.56651306152344
              ],
              [
                -6.381457328796387,
                55.70311737060547
              ],
              [
                -6.634748458862305,
                55.63479995727539
              ],
              [
                -6.507877826690674,
                55.97663879394531
              ],
              [
                -6.068491458892822,
                55.97663879394531
              ],
              [
                -5.920981407165527,
                56.182064056396484
              ],
              [
                -5.656883716583252,
                56.182064056396484
              ],
              [
                -5.684883117675781,
                56.387733459472656
              ],
              [
                -6.292484283447266,
                56.319149017333984
              ],
              [
                -6.23344087600708,
                56.524986267089844
              ],
              [
                -6.341366291046143,
                56.662349700927734
              ],
              [
                -5.908953666687012,
                56.731075286865234
              ],
              [
                -5.947565078735352,
                57.00625228881836
              ],
              [
                -6.055799961090088,
                57.14401626586914
              ],
              [
                -6.410901069641113,
                57.14401626586914
              ],
              [
                -6.618975639343262,
                57.35087585449219
              ],
              [
                -6.796852111816406,
                57.35087585449219
              ],
              [
                -6.817555904388428,
                57.488929748535156
              ],
              [
                -6.471539974212646,
                57.55800247192383
              ],
              [
                -6.502223968505859,
                57.7653923034668
              ],
              [
                -6.323688507080078,
                57.7653923034668
              ],
              [
                -6.11513090133667,
                57.55800247192383
              ],
              [
                -6.085347175598145,
                57.35087585449219
              ],
              [
                -5.808821201324463,
                57.28189468383789
              ],
              [
                -5.700699329376221,
                57.14401626586914
              ],
              [
                -5.729594707489014,
                57.35087585449219
              ],
              [
                -5.917263507843018,
                57.41988754272461
              ],
              [
                -5.887243270874023,
                57.8345832824707
              ],
              [
                -5.728240966796875,
                57.97305679321289
              ],
              [
                -5.459936618804932,
                57.97305679321289
              ],
              [
                -5.418947219848633,
                58.31977081298828
              ],
              [
                -5.239514827728271,
                58.31977081298828
              ],
              [
                -5.258847236633301,
                58.45867156982422
              ],
              [
                -5.169017314910889,
                58.45867156982422
              ],
              [
                -5.198037147521973,
                58.66725540161133
              ],
              [
                -4.019067287445068,
                58.59769821166992
              ],
              [
                -3.676762819290161,
                58.73685073852539
              ],
              [
                -3.136410236358643,
                58.73685073852539
              ],
              [
                -3.021383285522461,
                58.528167724609375
              ],
              [
                -3.428223133087158,
                58.180992126464844
              ],
              [
                -4.118414402008057,
                57.97305679321289
              ],
              [
                -3.930825471878052,
                57.903804779052734
              ],
              [
                -3.994018077850342,
                57.696231842041016
              ],
              [
                -3.726380348205566,
                57.696231842041016
              ],
              [
                -3.734920263290405,
                57.7653923034668
              ],
              [
                -1.852917313575745,
                57.696231842041016
              ],
              [
                -1.823600172996521,
                57.41988754272461
              ],
              [
                -2.075707674026489,
                57.28189468383789
              ],
              [
                -2.208682298660278,
                56.86860656738281
              ],
              [
                -2.532599925994873,
                56.59365463256836
              ],
              [
                -2.789952516555786,
                56.524986267089844
              ]
            ]
          ],
          [
            [
              [
                -60.94560241699219,
                56.04508590698242
              ],
              [
                -61.1214599609375,
                56.04508590698242
              ],
              [
                -61.12571716308594,
                55.90821838378906
              ],
              [
                -60.469635009765625,
                55.83982467651367
              ],
              [
                -60.27105712890625,
                55.36180877685547
              ],
              [
                -60.35847854614258,
                55.36180877685547
              ],
              [
                -60.3648796081543,
                55.225467681884766
              ],
              [
                -60.626834869384766,
                55.225467681884766
              ],
              [
                -60.91853332519531,
                55.56651306152344
              ],
              [
                -61.568843841552734,
                55.77145767211914
              ],
              [
                -62.13119888305664,
                56.11355972290039
              ],
              [
                -62.82786178588867,
                56.937416076660156
              ],
              [
                -62.117820739746094,
                57.07511901855469
              ],
              [
                -62.24993896484375,
                57.28189468383789
              ],
              [
                -62.56103515625,
                57.35087585449219
              ],
              [
                -62.69586181640625,
                57.696231842041016
              ],
              [
                -62.428226470947266,
                57.696231842041016
              ],
              [
                -61.937904357910156,
                57.488929748535156
              ],
              [
                -61.805519104003906,
                57.28189468383789
              ],
              [
                -61.4515380859375,
                57.14401626586914
              ],
              [
                -61.32142639160156,
                56.937416076660156
              ],
              [
                -61.455413818359375,
                56.86860656738281
              ],
              [
                -61.326393127441406,
                56.662349700927734
              ],
              [
                -61.679996490478516,
                56.662349700927734
              ],
              [
                -61.85482406616211,
                56.799827575683594
              ],
              [
                -61.768394470214844,
                56.662349700927734
              ],
              [
                -61.85679626464844,
                56.662349700927734
              ],
              [
                -61.81611633300781,
                56.45634460449219
              ],
              [
                -61.77332305908203,
                56.387733459472656
              ],
              [
                -61.688087463378906,
                56.25059127807617
              ],
              [
                -61.51192092895508,
                56.25059127807617
              ],
              [
                -61.38524627685547,
                56.04508590698242
              ],
              [
                -61.29731750488281,
                56.04508590698242
              ],
              [
                -61.335750579833984,
                56.25059127807617
              ],
              [
                -61.029415130615234,
                56.182064056396484
              ],
              [
                -60.94560241699219,
                56.04508590698242
              ]
            ]
          ],
          [
            [
              [
                -7.288100242614746,
                57.07511901855469
              ],
              [
                -7.465542793273926,
                57.07511901855469
              ],
              [
                -7.597294807434082,
                57.35087585449219
              ],
              [
                -7.252153396606445,
                57.41988754272461
              ],
              [
                -7.230959415435791,
                57.28189468383789
              ],
              [
                -7.319843292236328,
                57.28189468383789
              ],
              [
                -7.288100242614746,
                57.07511901855469
              ]
            ]
          ],
          [
            [
              [
                -7.562519073486328,
                57.696231842041016
              ],
              [
                -7.116456508636475,
                57.696231842041016
              ],
              [
                -7.105842113494873,
                57.62710189819336
              ],
              [
                -7.440887928009033,
                57.488929748535156
              ],
              [
                -7.562519073486328,
                57.696231842041016
              ]
            ]
          ],
          [
            [
              [
                -7.06976318359375,
                57.97305679321289
              ],
              [
                -7.281157493591309,
                58.180992126464844
              ],
              [
                -6.854404926300049,
                58.31977081298828
              ],
              [
                -6.764688491821289,
                58.31977081298828
              ],
              [
                -6.785952091217041,
                58.45867156982422
              ],
              [
                -6.25730562210083,
                58.528167724609375
              ],
              [
                -6.205919742584229,
                58.180992126464844
              ],
              [
                -6.385126113891602,
                58.180992126464844
              ],
              [
                -6.52281665802002,
                57.903804779052734
              ],
              [
                -7.12709903717041,
                57.7653923034668
              ],
              [
                -7.06976318359375,
                57.97305679321289
              ]
            ]
          ],
          [
            [
              [
                -2.809081315994263,
                59.015533447265625
              ],
              [
                -2.792584657669067,
                58.876129150390625
              ],
              [
                -2.972933053970337,
                58.876129150390625
              ],
              [
                -3.063107252120972,
                58.876129150390625
              ],
              [
                -3.415184020996094,
                58.80647277832031
              ],
              [
                -3.531404256820679,
                59.015533447265625
              ],
              [
                -3.441113948822021,
                59.015533447265625
              ],
              [
                -3.376785039901733,
                59.22488784790039
              ],
              [
                -3.195853710174561,
                59.22488784790039
              ],
              [
                -3.088408470153809,
                59.08528518676758
              ],
              [
                -2.809081315994263,
                59.015533447265625
              ]
            ]
          ],
          [
            [
              [
                -2.644851207733154,
                59.15507125854492
              ],
              [
                -2.825665473937988,
                59.15507125854492
              ],
              [
                -2.842337846755981,
                59.294734954833984
              ],
              [
                -2.578956842422485,
                59.36461639404297
              ],
              [
                -2.562593460083008,
                59.22488784790039
              ],
              [
                -2.653059244155884,
                59.22488784790039
              ],
              [
                -2.644851207733154,
                59.15507125854492
              ]
            ]
          ],
          [
            [
              [
                22.05367088317871,
                -31.793325424194336
              ],
              [
                22.211917877197266,
                -31.921865463256836
              ],
              [
                22.43788719177246,
                -31.857595443725586
              ],
              [
                22.34728240966797,
                -31.53624725341797
              ],
              [
                22.488298416137695,
                -31.2791748046875
              ],
              [
                22.93062973022461,
                -30.95783805847168
              ],
              [
                23.161666870117188,
                -31.022106170654297
              ],
              [
                23.249557495117188,
                -31.2791748046875
              ],
              [
                23.861690521240234,
                -31.343442916870117
              ],
              [
                24.159889221191406,
                -31.214908599853516
              ],
              [
                24.223360061645508,
                -30.95783805847168
              ],
              [
                24.59084129333496,
                -30.700767517089844
              ],
              [
                24.818775177001953,
                -30.700767517089844
              ],
              [
                25.13255500793457,
                -30.893569946289062
              ],
              [
                25.357280731201172,
                -30.829303741455078
              ],
              [
                25.364004135131836,
                -30.95783805847168
              ],
              [
                25.671627044677734,
                -31.022106170654297
              ],
              [
                25.70338249206543,
                -31.60051727294922
              ],
              [
                25.96169090270996,
                -32.114681243896484
              ],
              [
                25.911972045898438,
                -32.56460952758789
              ],
              [
                25.988445281982422,
                -32.56460952758789
              ],
              [
                26.007997512817383,
                -32.88601303100586
              ],
              [
                26.32232093811035,
                -33.014583587646484
              ],
              [
                26.854354858398438,
                -32.95029830932617
              ],
              [
                26.862709045410156,
                -33.07887268066406
              ],
              [
                27.27178382873535,
                -33.46461868286133
              ],
              [
                26.602413177490234,
                -33.78611755371094
              ],
              [
                25.68050765991211,
                -33.78611755371094
              ],
              [
                25.534900665283203,
                -33.91472625732422
              ],
              [
                25.623991012573242,
                -34.1076545715332
              ],
              [
                24.923879623413086,
                -33.979034423828125
              ],
              [
                24.55475616455078,
                -34.23628616333008
              ],
              [
                24.24691390991211,
                -34.23628616333008
              ],
              [
                23.77424430847168,
                -34.04334259033203
              ],
              [
                23.312828063964844,
                -34.04334259033203
              ],
              [
                23.2429141998291,
                -34.17197036743164
              ],
              [
                22.16250991821289,
                -34.1076545715332
              ],
              [
                21.86113166809082,
                -34.23628616333008
              ],
              [
                21.793655395507812,
                -34.42924118041992
              ],
              [
                21.642757415771484,
                -34.49356460571289
              ],
              [
                20.792402267456055,
                -34.42924118041992
              ],
              [
                20.25885009765625,
                -34.557891845703125
              ],
              [
                19.96156883239746,
                -34.815216064453125
              ],
              [
                19.421598434448242,
                -34.815216064453125
              ],
              [
                19.339284896850586,
                -34.68655014038086
              ],
              [
                19.185089111328125,
                -34.68655014038086
              ],
              [
                19.177505493164062,
                -34.49356460571289
              ],
              [
                18.6358585357666,
                -34.42924118041992
              ],
              [
                18.547183990478516,
                -34.1076545715332
              ],
              [
                18.39561653137207,
                -34.17197036743164
              ],
              [
                18.40249252319336,
                -34.36492156982422
              ],
              [
                18.171493530273438,
                -34.36492156982422
              ],
              [
                18.221874237060547,
                -33.59321212768555
              ],
              [
                17.906478881835938,
                -33.336029052734375
              ],
              [
                17.821664810180664,
                -33.07887268066406
              ],
              [
                17.668426513671875,
                -33.07887268066406
              ],
              [
                17.73320960998535,
                -32.69316864013672
              ],
              [
                18.04127311706543,
                -32.757450103759766
              ],
              [
                18.11372184753418,
                -32.62888717651367
              ],
              [
                18.105669021606445,
                -32.37178039550781
              ],
              [
                18.182086944580078,
                -32.37178039550781
              ],
              [
                18.091903686523438,
                -31.921865463256836
              ],
              [
                17.061403274536133,
                -30.379423141479492
              ],
              [
                16.978160858154297,
                -30.058069229125977
              ],
              [
                17.587873458862305,
                -30.186613082885742
              ],
              [
                17.747800827026367,
                -30.50796127319336
              ],
              [
                18.57753562927246,
                -30.315153121948242
              ],
              [
                19.040546417236328,
                -30.57223129272461
              ],
              [
                19.116493225097656,
                -30.57223129272461
              ],
              [
                19.274429321289062,
                -30.76503562927246
              ],
              [
                19.969396591186523,
                -31.08637237548828
              ],
              [
                20.054553985595703,
                -31.343442916870117
              ],
              [
                20.89212417602539,
                -31.343442916870117
              ],
              [
                21.201807022094727,
                -31.47197914123535
              ],
              [
                21.206966400146484,
                -31.60051727294922
              ],
              [
                22.05367088317871,
                -31.793325424194336
              ]
            ]
          ],
          [
            [
              [
                55.58690643310547,
                -20.864938735961914
              ],
              [
                55.59175109863281,
                -20.92922592163086
              ],
              [
                55.769493103027344,
                -21.31494140625
              ],
              [
                55.63078308105469,
                -21.443513870239258
              ],
              [
                55.40795135498047,
                -21.443513870239258
              ],
              [
                55.0963249206543,
                -21.250656127929688
              ],
              [
                55.07707595825195,
                -20.993511199951172
              ],
              [
                55.21589660644531,
                -20.864938735961914
              ],
              [
                55.58690643310547,
                -20.864938735961914
              ]
            ]
          ],
          [
            [
              [
                57.69823455810547,
                -20.350648880004883
              ],
              [
                57.62409973144531,
                -20.350648880004883
              ],
              [
                57.56508255004883,
                -20.543508529663086
              ],
              [
                57.194278717041016,
                -20.543508529663086
              ],
              [
                57.179283142089844,
                -20.350648880004883
              ],
              [
                57.44566345214844,
                -19.96493148803711
              ],
              [
                57.67298126220703,
                -20.029216766357422
              ],
              [
                57.69823455810547,
                -20.350648880004883
              ]
            ]
          ],
          [
            [
              [
                55.426307678222656,
                -4.600193977355957
              ],
              [
                55.42900085449219,
                -4.728769302368164
              ],
              [
                55.430362701416016,
                -4.793056964874268
              ],
              [
                55.20771789550781,
                -4.600193977355957
              ],
              [
                55.426307678222656,
                -4.600193977355957
              ]
            ]
          ],
          [
            [
              [
                101.40697479248047,
                -2.607277393341064
              ],
              [
                101.71772766113281,
                -3.250153541564941
              ],
              [
                102.30885314941406,
                -3.507303953170776
              ],
              [
                102.461181640625,
                -3.700166940689087
              ],
              [
                102.6796875,
                -3.700166940689087
              ],
              [
                102.985107421875,
                -4.085892677307129
              ],
              [
                103.58037567138672,
                -4.407330989837646
              ],
              [
                104.08780670166016,
                -4.343043327331543
              ],
              [
                104.29882049560547,
                -4.150180339813232
              ],
              [
                104.37166595458984,
                -4.150180339813232
              ],
              [
                104.94951629638672,
                -4.021605014801025
              ],
              [
                105.01514434814453,
                -3.828742265701294
              ],
              [
                105.30180358886719,
                -3.700166940689087
              ],
              [
                105.75579833984375,
                -4.150180339813232
              ],
              [
                105.7583236694336,
                -4.214468002319336
              ],
              [
                105.85237121582031,
                -4.728769302368164
              ],
              [
                105.77951049804688,
                -4.728769302368164
              ],
              [
                105.80241394042969,
                -5.243070125579834
              ],
              [
                105.72953033447266,
                -5.243070125579834
              ],
              [
                105.75737762451172,
                -5.821659088134766
              ],
              [
                105.39286041259766,
                -5.821659088134766
              ],
              [
                105.23445892333984,
                -5.564508438110352
              ],
              [
                105.17095947265625,
                -5.757371425628662
              ],
              [
                104.80644989013672,
                -5.757371425628662
              ],
              [
                104.5055160522461,
                -5.564508438110352
              ],
              [
                104.59733581542969,
                -5.950234413146973
              ],
              [
                104.302490234375,
                -5.885946750640869
              ],
              [
                104.14104461669922,
                -5.564508438110352
              ],
              [
                103.9952621459961,
                -5.564508438110352
              ],
              [
                103.76461029052734,
                -5.307357788085938
              ],
              [
                103.7587890625,
                -5.17878246307373
              ],
              [
                103.23188781738281,
                -4.793056964874268
              ],
              [
                103.08615112304688,
                -4.793056964874268
              ],
              [
                102.18140411376953,
                -4.021605014801025
              ],
              [
                102.09700012207031,
                -3.700166940689087
              ],
              [
                101.42642211914062,
                -3.250153541564941
              ],
              [
                101.26883697509766,
                -2.864427804946899
              ],
              [
                100.89729309082031,
                -2.607277393341064
              ],
              [
                100.74459838867188,
                -2.350126981735229
              ],
              [
                100.73310089111328,
                -1.900113701820374
              ],
              [
                100.28319549560547,
                -1.321525454521179
              ],
              [
                100.2014389038086,
                -0.871512532234192
              ],
              [
                99.68407440185547,
                -0.421499729156494
              ],
              [
                99.60628509521484,
                -0.100062072277069
              ],
              [
                99.45955657958984,
                0.028512962162495
              ],
              [
                99.2281494140625,
                0.092800483107567
              ],
              [
                99.15918731689453,
                0.221375524997711
              ],
              [
                98.94086456298828,
                0.221375524997711
              ],
              [
                98.94670104980469,
                0.414238125085831
              ],
              [
                99.09029388427734,
                0.349950581789017
              ],
              [
                99.31257629394531,
                0.478525668382645
              ],
              [
                99.38139343261719,
                0.349950581789017
              ],
              [
                99.67054748535156,
                0.285663068294525
              ],
              [
                99.97310638427734,
                -0.292924642562866
              ],
              [
                100.5629653930664,
                -0.742937445640564
              ],
              [
                100.56781005859375,
                -1.00008761882782
              ],
              [
                100.56907653808594,
                -1.064375281333923
              ],
              [
                100.64851379394531,
                -1.385813117027283
              ],
              [
                100.86969757080078,
                -1.514388203620911
              ],
              [
                101.09866333007812,
                -1.964401364326477
              ],
              [
                101.18143463134766,
                -2.350126981735229
              ],
              [
                101.11036682128906,
                -2.414414644241333
              ],
              [
                101.40697479248047,
                -2.607277393341064
              ]
            ]
          ],
          [
            [
              [
                105.77001953125,
                -2.414414644241333
              ],
              [
                105.61727142333984,
                -2.157264232635498
              ],
              [
                105.10765838623047,
                -2.157264232635498
              ],
              [
                104.95699310302734,
                -1.964401364326477
              ],
              [
                105.24491882324219,
                -1.83582615852356
              ],
              [
                105.23716735839844,
                -1.514388203620911
              ],
              [
                105.60416412353516,
                -1.642963409423828
              ],
              [
                105.60112762451172,
                -1.514388203620911
              ],
              [
                105.96508026123047,
                -1.514388203620911
              ],
              [
                106.20686340332031,
                -2.414414644241333
              ],
              [
                106.72217559814453,
                -2.607277393341064
              ],
              [
                106.72411346435547,
                -2.671565055847168
              ],
              [
                106.5804443359375,
                -2.735852479934692
              ],
              [
                106.58443450927734,
                -2.864427804946899
              ],
              [
                106.80288696289062,
                -2.864427804946899
              ],
              [
                106.80907440185547,
                -3.05729079246521
              ],
              [
                106.44921112060547,
                -3.185865879058838
              ],
              [
                105.78146362304688,
                -2.800140142440796
              ],
              [
                105.77001953125,
                -2.414414644241333
              ]
            ]
          ],
          [
            [
              [
                102.28040313720703,
                2.085714817047119
              ],
              [
                101.92146301269531,
                2.214290142059326
              ],
              [
                101.92403411865234,
                2.27857780456543
              ],
              [
                102.43366241455078,
                2.27857780456543
              ],
              [
                102.43109130859375,
                2.214290142059326
              ],
              [
                102.4988021850586,
                2.085714817047119
              ],
              [
                102.35320281982422,
                2.085714817047119
              ],
              [
                102.28040313720703,
                2.085714817047119
              ]
            ]
          ],
          [
            [
              [
                -1.210243463516235,
                5.10723352432251
              ],
              [
                -1.208254337310791,
                5.364383697509766
              ],
              [
                -1.062479972839355,
                5.364383697509766
              ],
              [
                -1.063974022865295,
                5.171521186828613
              ],
              [
                -1.064486622810364,
                5.10723352432251
              ],
              [
                -1.210243463516235,
                5.10723352432251
              ]
            ]
          ],
          [
            [
              [
                100.45165252685547,
                5.042945861816406
              ],
              [
                100.37877655029297,
                5.042945861816406
              ],
              [
                100.37530517578125,
                4.978658199310303
              ],
              [
                100.30242919921875,
                4.978658199310303
              ],
              [
                100.25794982910156,
                5.492959022521973
              ],
              [
                100.26160430908203,
                5.557246685028076
              ],
              [
                100.54951477050781,
                5.492959022521973
              ],
              [
                100.53154754638672,
                5.171521186828613
              ],
              [
                100.52803039550781,
                5.10723352432251
              ],
              [
                100.45514678955078,
                5.10723352432251
              ],
              [
                100.45165252685547,
                5.042945861816406
              ]
            ]
          ],
          [
            [
              [
                -0.916217625141144,
                5.428671360015869
              ],
              [
                -0.770438730716705,
                5.428671360015869
              ],
              [
                -0.771937787532806,
                5.235808849334717
              ],
              [
                -0.772451758384705,
                5.171521186828613
              ],
              [
                -0.918212890625,
                5.171521186828613
              ],
              [
                -0.916217625141144,
                5.428671360015869
              ]
            ]
          ],
          [
            [
              [
                -0.477899223566055,
                5.557246685028076
              ],
              [
                -0.406495332717896,
                5.364383697509766
              ],
              [
                -0.625661015510559,
                5.300096035003662
              ],
              [
                -0.624170005321503,
                5.492959022521973
              ],
              [
                -0.623687207698822,
                5.557246685028076
              ],
              [
                -0.477899223566055,
                5.557246685028076
              ]
            ]
          ],
          [
            [
              [
                81.33750915527344,
                6.135835647583008
              ],
              [
                80.6685791015625,
                5.878684997558594
              ],
              [
                80.23114776611328,
                5.878684997558594
              ],
              [
                79.95211029052734,
                6.135835647583008
              ],
              [
                79.75935363769531,
                6.650136470794678
              ],
              [
                79.74190521240234,
                7.678738594055176
              ],
              [
                79.60686492919922,
                7.871601104736328
              ],
              [
                79.61796569824219,
                8.06446361541748
              ],
              [
                79.76396942138672,
                8.06446361541748
              ],
              [
                79.8062515258789,
                8.771627426147461
              ],
              [
                80.04952239990234,
                9.157352447509766
              ],
              [
                79.99295806884766,
                9.41450309753418
              ],
              [
                80.0786361694336,
                9.607365608215332
              ],
              [
                79.86360931396484,
                9.671652793884277
              ],
              [
                79.87643432617188,
                9.86451530456543
              ],
              [
                80.45260620117188,
                9.735940933227539
              ],
              [
                80.52141571044922,
                9.671652793884277
              ],
              [
                80.4398193359375,
                9.543078422546387
              ],
              [
                80.72791290283203,
                9.478790283203125
              ],
              [
                80.7195053100586,
                9.350214958190918
              ],
              [
                80.86146545410156,
                9.285927772521973
              ],
              [
                81.25503540039062,
                8.578764915466309
              ],
              [
                81.25108337402344,
                8.514476776123047
              ],
              [
                81.39713287353516,
                8.514476776123047
              ],
              [
                81.44681549072266,
                8.128751754760742
              ],
              [
                81.65440368652344,
                7.935888767242432
              ],
              [
                81.77438354492188,
                7.485875606536865
              ],
              [
                81.91669464111328,
                7.421587944030762
              ],
              [
                81.87792205810547,
                6.714424133300781
              ],
              [
                81.33750915527344,
                6.135835647583008
              ]
            ]
          ],
          [
            [
              [
                76.26221466064453,
                9.350214958190918
              ],
              [
                76.20915222167969,
                9.671652793884277
              ],
              [
                76.3553237915039,
                9.671652793884277
              ],
              [
                76.36347961425781,
                9.800228118896484
              ],
              [
                76.22138977050781,
                9.86451530456543
              ],
              [
                76.22550964355469,
                9.928803443908691
              ],
              [
                76.22964477539062,
                9.993090629577637
              ],
              [
                75.97093200683594,
                10.507390975952148
              ],
              [
                75.9752426147461,
                10.571678161621094
              ],
              [
                75.90209197998047,
                10.571678161621094
              ],
              [
                75.72676849365234,
                11.214552879333496
              ],
              [
                75.58491516113281,
                11.278841018676758
              ],
              [
                75.3384780883789,
                11.92171573638916
              ],
              [
                75.06465148925781,
                12.178865432739258
              ],
              [
                74.74769592285156,
                12.821741104125977
              ],
              [
                74.66364288330078,
                13.593193054199219
              ],
              [
                74.30680084228516,
                14.55750846862793
              ],
              [
                74.3125991821289,
                14.621796607971191
              ],
              [
                74.55064392089844,
                14.81466007232666
              ],
              [
                74.51935577392578,
                15.26467514038086
              ],
              [
                74.59904479980469,
                15.328963279724121
              ],
              [
                74.88087463378906,
                15.200387001037598
              ],
              [
                75.1445541381836,
                14.878947257995605
              ],
              [
                75.18253326416016,
                14.493220329284668
              ],
              [
                75.02981567382812,
                14.428933143615723
              ],
              [
                74.83769989013672,
                13.914630889892578
              ],
              [
                75.1772689819336,
                13.593193054199219
              ],
              [
                75.79195404052734,
                13.914630889892578
              ],
              [
                76.19335174560547,
                14.300357818603516
              ],
              [
                76.05229187011719,
                14.364645004272461
              ],
              [
                76.0699462890625,
                14.55750846862793
              ],
              [
                75.9964828491211,
                14.55750846862793
              ],
              [
                76.02650451660156,
                14.878947257995605
              ],
              [
                76.19193267822266,
                15.07181167602539
              ],
              [
                75.74470520019531,
                15.007523536682129
              ],
              [
                75.60997009277344,
                15.136098861694336
              ],
              [
                75.72749328613281,
                15.586114883422852
              ],
              [
                75.65392303466797,
                15.586114883422852
              ],
              [
                75.6731948852539,
                15.77897834777832
              ],
              [
                76.13436126708984,
                15.971842765808105
              ],
              [
                76.08726501464844,
                16.228994369506836
              ],
              [
                76.32837677001953,
                16.421857833862305
              ],
              [
                76.53761291503906,
                17.000450134277344
              ],
              [
                76.56563568115234,
                17.257600784301758
              ],
              [
                76.43927764892578,
                17.450464248657227
              ],
              [
                76.82241821289062,
                17.57904052734375
              ],
              [
                76.77728271484375,
                17.836191177368164
              ],
              [
                76.93213653564453,
                17.90047836303711
              ],
              [
                76.94660186767578,
                18.029054641723633
              ],
              [
                76.39185333251953,
                18.350492477416992
              ],
              [
                76.34693145751953,
                18.607641220092773
              ],
              [
                76.14690399169922,
                18.800504684448242
              ],
              [
                75.9990234375,
                18.800504684448242
              ],
              [
                75.74840545654297,
                18.543354034423828
              ],
              [
                75.78645324707031,
                18.2219181060791
              ],
              [
                75.5648422241211,
                18.2219181060791
              ],
              [
                75.5052261352539,
                18.350492477416992
              ],
              [
                75.07610321044922,
                18.479066848754883
              ],
              [
                74.9709701538086,
                18.864791870117188
              ],
              [
                75.1999740600586,
                18.929079055786133
              ],
              [
                75.17616271972656,
                19.379087448120117
              ],
              [
                75.1021499633789,
                19.379087448120117
              ],
              [
                75.23356628417969,
                19.893383026123047
              ],
              [
                74.74345397949219,
                20.150527954101562
              ],
              [
                74.84602355957031,
                20.40767478942871
              ],
              [
                75.08988189697266,
                20.60053253173828
              ],
              [
                75.62347412109375,
                20.72910499572754
              ],
              [
                75.80807495117188,
                21.050535202026367
              ],
              [
                76.18651580810547,
                21.114822387695312
              ],
              [
                76.74315643310547,
                21.43625259399414
              ],
              [
                77.27058410644531,
                21.500539779663086
              ],
              [
                77.8489990234375,
                20.72910499572754
              ],
              [
                78.2124252319336,
                20.664819717407227
              ],
              [
                78.19744110107422,
                20.53624725341797
              ],
              [
                78.76806640625,
                20.343387603759766
              ],
              [
                78.88609313964844,
                20.08624267578125
              ],
              [
                79.19010162353516,
                20.150527954101562
              ],
              [
                79.44075012207031,
                19.764808654785156
              ],
              [
                79.80338287353516,
                19.700523376464844
              ],
              [
                80.00244140625,
                19.507661819458008
              ],
              [
                79.90534210205078,
                19.314802169799805
              ],
              [
                79.93324279785156,
                18.929079055786133
              ],
              [
                80.13973999023438,
                18.800504684448242
              ],
              [
                80.43550872802734,
                18.800504684448242
              ],
              [
                80.75882720947266,
                18.414779663085938
              ],
              [
                81.03894805908203,
                18.286205291748047
              ],
              [
                81.08970642089844,
                18.093341827392578
              ],
              [
                81.31127166748047,
                18.093341827392578
              ],
              [
                81.4744644165039,
                18.2219181060791
              ],
              [
                81.75859832763672,
                18.736217498779297
              ],
              [
                81.90646362304688,
                18.736217498779297
              ],
              [
                82.0859146118164,
                18.993366241455078
              ],
              [
                82.04084014892578,
                19.8290958404541
              ],
              [
                81.90060424804688,
                19.893383026123047
              ],
              [
                81.9164047241211,
                20.021955490112305
              ],
              [
                82.21278381347656,
                20.021955490112305
              ],
              [
                82.33712005615234,
                19.8290958404541
              ],
              [
                82.48526000976562,
                19.8290958404541
              ],
              [
                82.46932220458984,
                19.700523376464844
              ],
              [
                82.66751098632812,
                19.507661819458008
              ],
              [
                83.1197280883789,
                19.571949005126953
              ],
              [
                83.72703552246094,
                20.279102325439453
              ],
              [
                84.16365814208984,
                20.214815139770508
              ],
              [
                84.35335540771484,
                19.95766830444336
              ],
              [
                84.74839782714844,
                20.150527954101562
              ],
              [
                84.18807983398438,
                20.40767478942871
              ],
              [
                84.2043685913086,
                20.53624725341797
              ],
              [
                84.3608627319336,
                20.60053253173828
              ],
              [
                84.30303192138672,
                20.72910499572754
              ],
              [
                84.61619567871094,
                20.857677459716797
              ],
              [
                84.63265991210938,
                20.986249923706055
              ],
              [
                85.1688003540039,
                21.114822387695312
              ],
              [
                85.17841339111328,
                21.7576847076416
              ],
              [
                85.40987396240234,
                21.821969985961914
              ],
              [
                85.5098648071289,
                22.014829635620117
              ],
              [
                85.9387435913086,
                21.88625717163086
              ],
              [
                86.67790985107422,
                22.400548934936523
              ],
              [
                86.54686737060547,
                22.529123306274414
              ],
              [
                86.59183502197266,
                22.85055923461914
              ],
              [
                86.2939682006836,
                22.85055923461914
              ],
              [
                85.74351501464844,
                23.171995162963867
              ],
              [
                85.41830444335938,
                22.97913360595703
              ],
              [
                85.1948471069336,
                22.97913360595703
              ],
              [
                84.51158142089844,
                22.33626365661621
              ],
              [
                84.20545196533203,
                22.271976470947266
              ],
              [
                83.99935913085938,
                22.400548934936523
              ],
              [
                84.21771240234375,
                22.914846420288086
              ],
              [
                84.00309753417969,
                22.97913360595703
              ],
              [
                83.9912338256836,
                23.429147720336914
              ],
              [
                83.65495300292969,
                23.68630027770996
              ],
              [
                83.6734390258789,
                23.814878463745117
              ],
              [
                83.28201293945312,
                24.200613021850586
              ],
              [
                82.88986206054688,
                24.07203483581543
              ],
              [
                82.843505859375,
                24.264904022216797
              ],
              [
                82.93730926513672,
                24.393482208251953
              ],
              [
                82.86260986328125,
                24.393482208251953
              ],
              [
                82.90145874023438,
                24.650644302368164
              ],
              [
                82.44331359863281,
                24.586353302001953
              ],
              [
                82.3880844116211,
                24.714935302734375
              ],
              [
                82.1638412475586,
                24.714935302734375
              ],
              [
                81.84944152832031,
                25.100683212280273
              ],
              [
                81.69982147216797,
                25.100683212280273
              ],
              [
                81.5364990234375,
                25.48643684387207
              ],
              [
                81.11839294433594,
                25.67931365966797
              ],
              [
                80.60445404052734,
                25.743606567382812
              ],
              [
                80.47557830810547,
                25.8721923828125
              ],
              [
                80.10087585449219,
                25.8721923828125
              ],
              [
                80.11138153076172,
                25.936485290527344
              ],
              [
                79.96147918701172,
                25.936485290527344
              ],
              [
                80.05760192871094,
                26.06507110595703
              ],
              [
                79.9932861328125,
                26.129364013671875
              ],
              [
                79.56471252441406,
                26.257951736450195
              ],
              [
                79.51126861572266,
                26.386537551879883
              ],
              [
                79.36119842529297,
                26.386537551879883
              ],
              [
                79.02949523925781,
                26.643707275390625
              ],
              [
                78.79332733154297,
                26.57941436767578
              ],
              [
                78.30049133300781,
                26.772293090820312
              ],
              [
                78.22538757324219,
                26.772293090820312
              ],
              [
                77.78565216064453,
                26.836584091186523
              ],
              [
                77.52782440185547,
                26.643707275390625
              ],
              [
                77.4527359008789,
                26.643707275390625
              ],
              [
                77.4420394897461,
                26.57941436767578
              ],
              [
                77.3669662475586,
                26.57941436767578
              ],
              [
                77.33236002596296,
                26.57941436767578
              ],
              [
                77.21682739257812,
                26.57941436767578
              ],
              [
                77.0344467163086,
                26.836584091186523
              ],
              [
                76.07931518554688,
                26.96516990661621
              ],
              [
                76.06970977783203,
                27.35091781616211
              ],
              [
                75.94149780273438,
                27.4794979095459
              ],
              [
                75.97526550292969,
                27.6723690032959
              ],
              [
                76.13723754882812,
                27.736658096313477
              ],
              [
                76.2067642211914,
                28.12238883972168
              ],
              [
                75.95248413085938,
                28.379535675048828
              ],
              [
                75.8016128540039,
                28.379535675048828
              ],
              [
                75.76207733154297,
                28.572391510009766
              ],
              [
                75.68659973144531,
                28.572391510009766
              ],
              [
                75.69866180419922,
                28.636676788330078
              ],
              [
                75.71077728271484,
                28.700960159301758
              ],
              [
                75.49474334716797,
                29.150936126708984
              ],
              [
                75.17992401123047,
                29.08665657043457
              ],
              [
                75.05352783203125,
                29.21521759033203
              ],
              [
                74.44856262207031,
                29.21521759033203
              ],
              [
                73.72914123535156,
                29.40805435180664
              ],
              [
                73.69071960449219,
                29.600887298583984
              ],
              [
                73.79155731201172,
                29.729440689086914
              ],
              [
                73.57693481445312,
                29.79371452331543
              ],
              [
                73.52651977539062,
                29.922264099121094
              ],
              [
                73.62789154052734,
                30.050809860229492
              ],
              [
                73.944091796875,
                30.115081787109375
              ],
              [
                73.92049407958984,
                30.372163772583008
              ],
              [
                74.049560546875,
                30.629240036010742
              ],
              [
                74.20147705078125,
                30.629240036010742
              ],
              [
                74.22845458984375,
                30.757776260375977
              ],
              [
                74.78118896484375,
                31.20764923095703
              ],
              [
                75.39004516601562,
                31.20764923095703
              ],
              [
                75.57601928710938,
                31.014846801757812
              ],
              [
                76.48870849609375,
                31.014846801757812
              ],
              [
                76.4745101928711,
                30.950578689575195
              ],
              [
                76.6265869140625,
                30.950578689575195
              ],
              [
                76.73619079589844,
                30.757776260375977
              ],
              [
                77.20634460449219,
                30.822044372558594
              ],
              [
                77.19214630126953,
                30.757776260375977
              ],
              [
                77.26813507080078,
                30.757776260375977
              ],
              [
                77.57745361328125,
                30.436433792114258
              ],
              [
                77.79118347167969,
                30.372163772583008
              ],
              [
                78.14266967773438,
                30.243623733520508
              ],
              [
                77.9357681274414,
                29.986536026000977
              ],
              [
                77.95728302001953,
                29.729440689086914
              ],
              [
                78.19803619384766,
                29.79371452331543
              ],
              [
                78.23332214355469,
                29.600887298583984
              ],
              [
                78.63894653320312,
                29.729440689086914
              ],
              [
                78.68758392333984,
                29.600887298583984
              ],
              [
                78.96344757080078,
                29.472333908081055
              ],
              [
                78.91018676757812,
                29.21521759033203
              ],
              [
                79.04823303222656,
                29.150936126708984
              ],
              [
                79.02201843261719,
                29.022375106811523
              ],
              [
                79.64996337890625,
                28.765243530273438
              ],
              [
                80.0275650024414,
                28.765243530273438
              ],
              [
                80.15263366699219,
                28.636676788330078
              ],
              [
                80.12690734863281,
                28.508106231689453
              ],
              [
                80.64166259765625,
                28.058101654052734
              ],
              [
                81.55880737304688,
                27.736658096313477
              ],
              [
                82.6757583618164,
                27.6723690032959
              ],
              [
                82.93949127197266,
                27.4794979095459
              ],
              [
                83.29095458984375,
                27.35091781616211
              ],
              [
                84.43182373046875,
                27.41520881652832
              ],
              [
                84.75791931152344,
                27.158044815063477
              ],
              [
                84.73326110839844,
                27.029460906982422
              ],
              [
                84.88357543945312,
                27.029460906982422
              ],
              [
                84.9972152709961,
                26.836584091186523
              ],
              [
                85.2734603881836,
                26.70800018310547
              ],
              [
                85.73619079589844,
                26.772293090820312
              ],
              [
                85.78701782226562,
                26.643707275390625
              ],
              [
                86.3125991821289,
                26.643707275390625
              ],
              [
                86.65162658691406,
                26.450830459594727
              ],
              [
                87.11405181884766,
                26.515121459960938
              ],
              [
                87.23990631103516,
                26.386537551879883
              ],
              [
                87.99026489257812,
                26.386537551879883
              ],
              [
                88.16487884521484,
                26.515121459960938
              ],
              [
                88.16495513916016,
                26.900876998901367
              ],
              [
                88.2400894165039,
                26.900876998901367
              ],
              [
                89.11605834960938,
                26.772293090820312
              ],
              [
                89.10334014892578,
                26.70800018310547
              ],
              [
                89.17843627929688,
                26.70800018310547
              ],
              [
                89.8161849975586,
                26.515121459960938
              ],
              [
                89.89125061035156,
                26.515121459960938
              ],
              [
                89.96630859375,
                26.515121459960938
              ],
              [
                90.76657104492188,
                26.386537551879883
              ],
              [
                90.62928771972656,
                26.06507110595703
              ],
              [
                90.7669677734375,
                26.000778198242188
              ],
              [
                91.29171752929688,
                26.000778198242188
              ],
              [
                91.18012237548828,
                25.807899475097656
              ],
              [
                90.94329071044922,
                25.743606567382812
              ],
              [
                90.11917877197266,
                25.743606567382812
              ],
              [
                89.96275329589844,
                25.29355812072754
              ],
              [
                90.31415557861328,
                25.164974212646484
              ],
              [
                92.18464660644531,
                25.164974212646484
              ],
              [
                92.44927978515625,
                24.97209930419922
              ],
              [
                92.11392211914062,
                24.329193115234375
              ],
              [
                92.25250244140625,
                24.264904022216797
              ],
              [
                92.22047424316406,
                24.07203483581543
              ],
              [
                92.29512023925781,
                24.07203483581543
              ],
              [
                92.15785217285156,
                23.68630027770996
              ],
              [
                92.36107635498047,
                23.557723999023438
              ],
              [
                92.38506317138672,
                23.236284255981445
              ],
              [
                92.3005599975586,
                23.171995162963867
              ],
              [
                92.43962860107422,
                23.107707977294922
              ],
              [
                92.33553314208984,
                22.914846420288086
              ],
              [
                92.4100112915039,
                22.914846420288086
              ],
              [
                92.36138916015625,
                22.59341049194336
              ],
              [
                92.47188568115234,
                22.33626365661621
              ],
              [
                92.37796020507812,
                21.693397521972656
              ],
              [
                92.19247436523438,
                21.43625259399414
              ],
              [
                91.83023834228516,
                21.500539779663086
              ],
              [
                91.89482116699219,
                21.950544357299805
              ],
              [
                91.76476287841797,
                22.079116821289062
              ],
              [
                91.79289245605469,
                22.271976470947266
              ],
              [
                91.6724624633789,
                22.46483612060547
              ],
              [
                91.37480926513672,
                22.46483612060547
              ],
              [
                91.49696350097656,
                22.786272048950195
              ],
              [
                91.4225082397461,
                22.786272048950195
              ],
              [
                91.24492645263672,
                22.59341049194336
              ],
              [
                90.93775177001953,
                22.529123306274414
              ],
              [
                90.86321258544922,
                22.014829635620117
              ],
              [
                90.6309814453125,
                21.950544357299805
              ],
              [
                90.64935302734375,
                22.079116821289062
              ],
              [
                90.42626953125,
                22.079116821289062
              ],
              [
                90.23202514648438,
                21.7576847076416
              ],
              [
                89.89663696289062,
                22.014829635620117
              ],
              [
                89.86945343017578,
                21.821969985961914
              ],
              [
                89.71179962158203,
                21.7576847076416
              ],
              [
                89.11725616455078,
                21.7576847076416
              ],
              [
                89.09945678710938,
                21.629112243652344
              ],
              [
                88.72795104980469,
                21.629112243652344
              ],
              [
                88.71597290039062,
                22.079116821289062
              ],
              [
                88.64161682128906,
                22.079116821289062
              ],
              [
                88.51387023925781,
                21.693397521972656
              ],
              [
                88.3652572631836,
                21.693397521972656
              ],
              [
                88.34766387939453,
                21.5648250579834
              ],
              [
                88.133544921875,
                21.629112243652344
              ],
              [
                88.17765045166016,
                21.950544357299805
              ],
              [
                88.10330963134766,
                21.950544357299805
              ],
              [
                87.76203918457031,
                21.629112243652344
              ],
              [
                86.98460388183594,
                21.371967315673828
              ],
              [
                86.88469696044922,
                21.179107666015625
              ],
              [
                86.95893859863281,
                21.179107666015625
              ],
              [
                87.03089904785156,
                20.60053253173828
              ],
              [
                86.7915267944336,
                20.471960067749023
              ],
              [
                86.84036254882812,
                20.279102325439453
              ],
              [
                86.43616485595703,
                20.021955490112305
              ],
              [
                86.41937255859375,
                19.893383026123047
              ],
              [
                85.64532470703125,
                19.6362361907959
              ],
              [
                85.49723052978516,
                19.6362361907959
              ],
              [
                85.52213287353516,
                19.8290958404541
              ],
              [
                85.37399291992188,
                19.8290958404541
              ],
              [
                85.4148941040039,
                19.571949005126953
              ],
              [
                84.74866485595703,
                18.993366241455078
              ],
              [
                84.37962341308594,
                18.414779663085938
              ],
              [
                84.0519027709961,
                18.157629013061523
              ],
              [
                83.66666412353516,
                18.029054641723633
              ],
              [
                83.5611572265625,
                17.77190399169922
              ],
              [
                83.15304565429688,
                17.450464248657227
              ],
              [
                82.4507827758789,
                17.129026412963867
              ],
              [
                82.34681701660156,
                16.87187385559082
              ],
              [
                82.42052459716797,
                16.87187385559082
              ],
              [
                82.3832015991211,
                16.550434112548828
              ],
              [
                82.06647491455078,
                16.35757064819336
              ],
              [
                81.32273864746094,
                16.293283462524414
              ],
              [
                81.11875915527344,
                15.77897834777832
              ],
              [
                80.61058044433594,
                15.843266487121582
              ],
              [
                80.37598419189453,
                15.714691162109375
              ],
              [
                80.0882339477539,
                15.07181167602539
              ],
              [
                80.26371765136719,
                14.621796607971191
              ],
              [
                80.24600982666016,
                13.657480239868164
              ],
              [
                80.16102600097656,
                13.528904914855957
              ],
              [
                80.37535858154297,
                13.464617729187012
              ],
              [
                80.41468048095703,
                13.07889175415039
              ],
              [
                80.21373748779297,
                12.436016082763672
              ],
              [
                79.8844223022461,
                11.986002922058105
              ],
              [
                79.83012390136719,
                11.278841018676758
              ],
              [
                79.9033203125,
                11.278841018676758
              ],
              [
                79.89852905273438,
                11.214552879333496
              ],
              [
                79.67896270751953,
                11.214552879333496
              ],
              [
                79.66477966308594,
                11.021690368652344
              ],
              [
                79.88430786132812,
                11.021690368652344
              ],
              [
                79.8796157836914,
                10.957403182983398
              ],
              [
                79.90264892578125,
                10.250240325927734
              ],
              [
                79.3176498413086,
                10.250240325927734
              ],
              [
                79.29590606689453,
                9.928803443908691
              ],
              [
                78.98654174804688,
                9.671652793884277
              ],
              [
                78.95767211914062,
                9.221640586853027
              ],
              [
                78.58833312988281,
                9.157352447509766
              ],
              [
                78.28418731689453,
                8.964489936828613
              ],
              [
                78.1802749633789,
                8.450189590454102
              ],
              [
                77.57392883300781,
                8.06446361541748
              ],
              [
                77.28192138671875,
                8.06446361541748
              ],
              [
                77.0701904296875,
                8.193038940429688
              ],
              [
                77.0738525390625,
                8.25732707977295
              ],
              [
                77.00083923339844,
                8.25732707977295
              ],
              [
                76.58878326416016,
                8.707340240478516
              ],
              [
                76.33132934570312,
                9.285927772521973
              ],
              [
                76.33528137207031,
                9.350214958190918
              ],
              [
                76.26221466064453,
                9.350214958190918
              ]
            ],
            [
              [
                88.41656494140625,
                22.59341049194336
              ],
              [
                88.32388305664062,
                22.46483612060547
              ],
              [
                88.47270965576172,
                22.46483612060547
              ],
              [
                88.49099731445312,
                22.59341049194336
              ],
              [
                88.41656494140625,
                22.59341049194336
              ]
            ],
            [
              [
                77.3088607788086,
                28.765243530273438
              ],
              [
                77.14537811279297,
                28.700960159301758
              ],
              [
                77.10839080810547,
                28.508106231689453
              ],
              [
                77.18385314941406,
                28.508106231689453
              ],
              [
                77.25931549072266,
                28.508106231689453
              ],
              [
                77.4349594116211,
                28.636676788330078
              ],
              [
                77.3088607788086,
                28.765243530273438
              ]
            ]
          ],
          [
            [
              [
                72.86790466308594,
                19.25051498413086
              ],
              [
                73.08989715576172,
                19.25051498413086
              ],
              [
                72.91421508789062,
                18.993366241455078
              ],
              [
                72.84024810791016,
                18.993366241455078
              ],
              [
                72.84716033935547,
                19.057653427124023
              ],
              [
                72.85407257080078,
                19.12194061279297
              ],
              [
                72.8609848022461,
                19.186227798461914
              ],
              [
                72.86790466308594,
                19.25051498413086
              ]
            ]
          ],
          [
            [
              [
                73.28900909423828,
                20.40767478942871
              ],
              [
                72.99243927001953,
                20.40767478942871
              ],
              [
                72.99935150146484,
                20.471960067749023
              ],
              [
                72.92520141601562,
                20.471960067749023
              ],
              [
                72.91829681396484,
                20.40767478942871
              ],
              [
                72.84415435791016,
                20.40767478942871
              ],
              [
                72.85104370117188,
                20.471960067749023
              ],
              [
                72.89940643310547,
                20.921964645385742
              ],
              [
                72.56289672851562,
                21.24339485168457
              ],
              [
                72.7532730102539,
                21.629112243652344
              ],
              [
                72.76029968261719,
                21.693397521972656
              ],
              [
                72.68598937988281,
                21.693397521972656
              ],
              [
                72.54438781738281,
                21.7576847076416
              ],
              [
                72.52674865722656,
                22.271976470947266
              ],
              [
                72.45236206054688,
                22.271976470947266
              ],
              [
                72.37797546386719,
                22.271976470947266
              ],
              [
                72.37084197998047,
                22.20768928527832
              ],
              [
                72.36372375488281,
                22.143402099609375
              ],
              [
                72.35663604736328,
                22.079116821289062
              ],
              [
                72.34955596923828,
                22.014829635620117
              ],
              [
                72.34249877929688,
                21.950544357299805
              ],
              [
                72.26815795898438,
                21.950544357299805
              ],
              [
                72.19381713867188,
                21.950544357299805
              ],
              [
                72.04512786865234,
                21.950544357299805
              ],
              [
                71.98483276367188,
                22.079116821289062
              ],
              [
                71.53866577148438,
                22.079116821289062
              ],
              [
                71.49238586425781,
                22.33626365661621
              ],
              [
                71.66251373291016,
                22.529123306274414
              ],
              [
                71.81135559082031,
                22.529123306274414
              ],
              [
                71.82573699951172,
                22.657697677612305
              ],
              [
                72.05630493164062,
                22.72198486328125
              ],
              [
                73.01676940917969,
                22.657697677612305
              ],
              [
                73.0912094116211,
                22.657697677612305
              ],
              [
                73.16564178466797,
                22.657697677612305
              ],
              [
                73.1208724975586,
                22.914846420288086
              ],
              [
                72.68145751953125,
                22.97913360595703
              ],
              [
                72.69640350341797,
                23.107707977294922
              ],
              [
                72.23455047607422,
                22.97913360595703
              ],
              [
                72.18983459472656,
                23.236284255981445
              ],
              [
                71.96627044677734,
                23.236284255981445
              ],
              [
                72.0040512084961,
                23.557723999023438
              ],
              [
                72.07862091064453,
                23.557723999023438
              ],
              [
                72.45146179199219,
                23.557723999023438
              ],
              [
                72.50305938720703,
                23.36486053466797
              ],
              [
                72.73432922363281,
                23.429147720336914
              ],
              [
                72.83206176757812,
                23.622013092041016
              ],
              [
                73.5621566772461,
                23.493436813354492
              ],
              [
                73.77023315429688,
                23.36486053466797
              ],
              [
                73.94769287109375,
                22.97913360595703
              ],
              [
                74.02217864990234,
                22.97913360595703
              ],
              [
                74.15594482421875,
                22.85055923461914
              ],
              [
                74.13336181640625,
                22.657697677612305
              ],
              [
                73.902587890625,
                22.59341049194336
              ],
              [
                74.03659057617188,
                22.46483612060547
              ],
              [
                73.87303924560547,
                22.33626365661621
              ],
              [
                73.9037094116211,
                21.950544357299805
              ],
              [
                73.82215881347656,
                21.88625717163086
              ],
              [
                73.9708251953125,
                21.88625717163086
              ],
              [
                74.0235595703125,
                21.693397521972656
              ],
              [
                74.23928833007812,
                21.629112243652344
              ],
              [
                74.21778869628906,
                21.43625259399414
              ],
              [
                73.7297592163086,
                21.050535202026367
              ],
              [
                73.58130645751953,
                21.050535202026367
              ],
              [
                73.4118881225586,
                20.857677459716797
              ],
              [
                73.28900909423828,
                20.40767478942871
              ]
            ]
          ],
          [
            [
              [
                71.87552642822266,
                21.7576847076416
              ],
              [
                72.10546112060547,
                21.821969985961914
              ],
              [
                72.1797866821289,
                21.821969985961914
              ],
              [
                72.3214340209961,
                21.7576847076416
              ],
              [
                72.27970123291016,
                21.371967315673828
              ],
              [
                72.20543670654297,
                21.371967315673828
              ],
              [
                72.19853210449219,
                21.307680130004883
              ],
              [
                71.90836334228516,
                21.371967315673828
              ],
              [
                71.93596649169922,
                21.629112243652344
              ],
              [
                71.86166381835938,
                21.629112243652344
              ],
              [
                71.87552642822266,
                21.7576847076416
              ]
            ]
          ],
          [
            [
              [
                83.75067138671875,
                22.20768928527832
              ],
              [
                83.6762924194336,
                22.20768928527832
              ],
              [
                83.6594467163086,
                22.079116821289062
              ],
              [
                83.50235748291016,
                22.014829635620117
              ],
              [
                83.27930450439453,
                22.014829635620117
              ],
              [
                83.14727020263672,
                22.143402099609375
              ],
              [
                83.1724624633789,
                22.33626365661621
              ],
              [
                83.4870376586914,
                22.46483612060547
              ],
              [
                83.71027374267578,
                22.46483612060547
              ],
              [
                83.75067138671875,
                22.20768928527832
              ]
            ]
          ],
          [
            [
              [
                91.21656036376953,
                22.400548934936523
              ],
              [
                91.2628402709961,
                22.20768928527832
              ],
              [
                91.0304183959961,
                22.143402099609375
              ],
              [
                91.0583724975586,
                22.33626365661621
              ],
              [
                91.0677490234375,
                22.400548934936523
              ],
              [
                91.21656036376953,
                22.400548934936523
              ]
            ]
          ],
          [
            [
              [
                14.568227767944336,
                35.77327346801758
              ],
              [
                14.33681869506836,
                35.837650299072266
              ],
              [
                14.339592933654785,
                36.03080368041992
              ],
              [
                14.417119026184082,
                36.03080368041992
              ],
              [
                14.571182250976562,
                35.9664192199707
              ],
              [
                14.568227767944336,
                35.77327346801758
              ]
            ]
          ],
          [
            [
              [
                -1.203181028366089,
                60.065250396728516
              ],
              [
                -1.674645304679871,
                60.20578384399414
              ],
              [
                -1.63013768196106,
                60.628211975097656
              ],
              [
                -1.36280632019043,
                60.69873809814453
              ],
              [
                -1.347454905509949,
                60.557716369628906
              ],
              [
                -1.255844354629517,
                60.557716369628906
              ],
              [
                -1.278715848922729,
                60.76930236816406
              ],
              [
                -0.827084124088287,
                60.83990478515625
              ],
              [
                -0.805085599422455,
                60.628211975097656
              ],
              [
                -1.164233803749084,
                60.557716369628906
              ],
              [
                -1.050302863121033,
                60.34645080566406
              ],
              [
                -1.141728639602661,
                60.34645080566406
              ],
              [
                -1.203181028366089,
                60.065250396728516
              ]
            ]
          ],
          [
            [
              [
                166.3932647705078,
                -50.719669342041016
              ],
              [
                166.2168426513672,
                -50.786338806152344
              ],
              [
                166.2860870361328,
                -50.919734954833984
              ],
              [
                166.20167541503906,
                -50.919734954833984
              ],
              [
                166.0328826904297,
                -50.919734954833984
              ],
              [
                165.8115692138672,
                -50.653018951416016
              ],
              [
                166.1568145751953,
                -50.586387634277344
              ],
              [
                166.08114624023438,
                -50.519771575927734
              ],
              [
                166.32522583007812,
                -50.586387634277344
              ],
              [
                166.3932647705078,
                -50.719669342041016
              ]
            ]
          ],
          [
            [
              [
                147.28482055664062,
                -43.08898162841797
              ],
              [
                147.38845825195312,
                -43.21918487548828
              ],
              [
                147.27969360351562,
                -43.2843017578125
              ],
              [
                147.19931030273438,
                -43.2843017578125
              ],
              [
                146.94094848632812,
                -42.95881652832031
              ],
              [
                147.0211944580078,
                -42.95881652832031
              ],
              [
                146.94773864746094,
                -42.763633728027344
              ],
              [
                147.1881866455078,
                -42.763633728027344
              ],
              [
                147.44540405273438,
                -43.08898162841797
              ],
              [
                147.28482055664062,
                -43.08898162841797
              ]
            ]
          ],
          [
            [
              [
                147.0063934326172,
                -41.594215393066406
              ],
              [
                146.86033630371094,
                -41.399574279785156
              ],
              [
                147.27597045898438,
                -41.529327392578125
              ],
              [
                147.29434204101562,
                -41.65911102294922
              ],
              [
                147.21469116210938,
                -41.65911102294922
              ],
              [
                147.0063934326172,
                -41.594215393066406
              ]
            ]
          ],
          [
            [
              [
                150.7195587158203,
                -34.557891845703125
              ],
              [
                150.78843688964844,
                -34.815216064453125
              ],
              [
                150.70767211914062,
                -34.94389343261719
              ],
              [
                150.55702209472656,
                -34.815216064453125
              ],
              [
                150.52467346191406,
                -34.62221908569336
              ],
              [
                150.48838806152344,
                -34.557891845703125
              ],
              [
                150.7195587158203,
                -34.557891845703125
              ]
            ]
          ],
          [
            [
              [
                151.20159912109375,
                -34.04334259033203
              ],
              [
                151.04779052734375,
                -34.04334259033203
              ],
              [
                151.078125,
                -34.23628616333008
              ],
              [
                150.92420959472656,
                -34.23628616333008
              ],
              [
                150.8782501220703,
                -34.42924118041992
              ],
              [
                150.65756225585938,
                -34.17197036743164
              ],
              [
                150.73451232910156,
                -34.17197036743164
              ],
              [
                150.63406372070312,
                -33.85042190551758
              ],
              [
                150.59890747070312,
                -33.78611755371094
              ],
              [
                150.72439575195312,
                -33.59321212768555
              ],
              [
                150.9547119140625,
                -33.59321212768555
              ],
              [
                150.9198760986328,
                -33.52891540527344
              ],
              [
                151.26177978515625,
                -33.59321212768555
              ],
              [
                151.1850128173828,
                -33.59321212768555
              ],
              [
                151.28424072265625,
                -33.91472625732422
              ],
              [
                151.20159912109375,
                -34.04334259033203
              ]
            ]
          ],
          [
            [
              [
                152.5181884765625,
                -32.50033187866211
              ],
              [
                152.20298767089844,
                -32.62888717651367
              ],
              [
                152.2366943359375,
                -32.69316864013672
              ],
              [
                152.08367919921875,
                -32.69316864013672
              ],
              [
                151.98300170898438,
                -32.50033187866211
              ],
              [
                152.0594482421875,
                -32.50033187866211
              ],
              [
                152.03614807128906,
                -32.30750274658203
              ],
              [
                152.45138549804688,
                -32.37178039550781
              ],
              [
                152.5181884765625,
                -32.50033187866211
              ]
            ]
          ],
          [
            [
              [
                123.80821228027344,
                -9.357477188110352
              ],
              [
                123.96600341796875,
                -9.486052513122559
              ],
              [
                124.25831604003906,
                -9.486052513122559
              ],
              [
                124.37552642822266,
                -9.1646146774292
              ],
              [
                124.3698501586914,
                -9.100326538085938
              ],
              [
                124.51596069335938,
                -9.100326538085938
              ],
              [
                124.64523315429688,
                -8.907464027404785
              ],
              [
                124.7182846069336,
                -8.907464027404785
              ],
              [
                124.80252838134766,
                -9.036039352416992
              ],
              [
                125.02169036865234,
                -9.036039352416992
              ],
              [
                125.03881072998047,
                -9.228901863098145
              ],
              [
                124.82539367675781,
                -9.29318904876709
              ],
              [
                124.92195892333984,
                -9.550339698791504
              ],
              [
                124.92792510986328,
                -9.61462688446045
              ],
              [
                124.59284210205078,
                -9.936064720153809
              ],
              [
                124.60526275634766,
                -10.064640045166016
              ],
              [
                124.45903015136719,
                -10.064640045166016
              ],
              [
                124.39846801757812,
                -10.193214416503906
              ],
              [
                124.10598754882812,
                -10.193214416503906
              ],
              [
                124.1123046875,
                -10.257502555847168
              ],
              [
                123.83252716064453,
                -10.386076927185059
              ],
              [
                123.17432403564453,
                -10.386076927185059
              ],
              [
                123.22229766845703,
                -10.128927230834961
              ],
              [
                123.5147705078125,
                -10.128927230834961
              ],
              [
                123.41707611083984,
                -9.871777534484863
              ],
              [
                123.73514556884766,
                -9.357477188110352
              ],
              [
                123.80821228027344,
                -9.357477188110352
              ]
            ]
          ],
          [
            [
              [
                118.89667510986328,
                -8.264588356018066
              ],
              [
                119.08328247070312,
                -8.778888702392578
              ],
              [
                118.5041732788086,
                -8.84317684173584
              ],
              [
                118.3855972290039,
                -8.264588356018066
              ],
              [
                118.53654479980469,
                -8.328875541687012
              ],
              [
                118.60955810546875,
                -8.328875541687012
              ],
              [
                118.89667510986328,
                -8.264588356018066
              ]
            ]
          ],
          [
            [
              [
                123.16268920898438,
                -8.650314331054688
              ],
              [
                123.14684295654297,
                -8.457450866699219
              ],
              [
                123.00080108642578,
                -8.457450866699219
              ],
              [
                122.93828582763672,
                -8.586026191711426
              ],
              [
                122.79222869873047,
                -8.586026191711426
              ],
              [
                122.78173828125,
                -8.457450866699219
              ],
              [
                122.92778015136719,
                -8.457450866699219
              ],
              [
                122.91230010986328,
                -8.264588356018066
              ],
              [
                123.20948028564453,
                -8.328875541687012
              ],
              [
                123.21465301513672,
                -8.393163681030273
              ],
              [
                123.27735900878906,
                -8.264588356018066
              ],
              [
                123.78330993652344,
                -8.200301170349121
              ],
              [
                123.72578430175781,
                -8.393163681030273
              ],
              [
                123.51195526123047,
                -8.457450866699219
              ],
              [
                123.52250671386719,
                -8.586026191711426
              ],
              [
                123.16268920898438,
                -8.650314331054688
              ]
            ]
          ],
          [
            [
              [
                124.15867614746094,
                -8.328875541687012
              ],
              [
                124.17443084716797,
                -8.52173900604248
              ],
              [
                123.96067810058594,
                -8.586026191711426
              ],
              [
                123.80403900146484,
                -8.457450866699219
              ],
              [
                123.79879760742188,
                -8.393163681030273
              ],
              [
                124.00233459472656,
                -8.200301170349121
              ],
              [
                124.37252807617188,
                -8.264588356018066
              ],
              [
                124.36225891113281,
                -8.13601303100586
              ],
              [
                125.02445220947266,
                -8.200301170349121
              ],
              [
                124.97238159179688,
                -8.457450866699219
              ],
              [
                124.2474594116211,
                -8.52173900604248
              ],
              [
                124.15867614746094,
                -8.328875541687012
              ]
            ]
          ],
          [
            [
              [
                130.94903564453125,
                -8.328875541687012
              ],
              [
                130.5894775390625,
                -8.393163681030273
              ],
              [
                130.8596954345703,
                -8.13601303100586
              ],
              [
                130.9326934814453,
                -8.13601303100586
              ],
              [
                131.00570678710938,
                -8.13601303100586
              ],
              [
                130.94903564453125,
                -8.328875541687012
              ]
            ]
          ],
          [
            [
              [
                127.65804290771484,
                -8.264588356018066
              ],
              [
                127.64225769042969,
                -8.071725845336914
              ],
              [
                127.78826141357422,
                -8.071725845336914
              ],
              [
                127.87176513671875,
                -8.200301170349121
              ],
              [
                127.8770751953125,
                -8.264588356018066
              ],
              [
                127.65804290771484,
                -8.264588356018066
              ]
            ]
          ],
          [
            [
              [
                129.75930786132812,
                -8.071725845336914
              ],
              [
                129.4620361328125,
                -8.007437705993652
              ],
              [
                129.4413604736328,
                -7.750287532806396
              ],
              [
                129.73841857910156,
                -7.8145751953125
              ],
              [
                129.74359130859375,
                -7.878862857818604
              ],
              [
                129.75930786132812,
                -8.071725845336914
              ]
            ]
          ],
          [
            [
              [
                125.6661148071289,
                -8.007437705993652
              ],
              [
                125.71415710449219,
                -7.685999870300293
              ],
              [
                126.22013854980469,
                -7.621712207794189
              ],
              [
                126.2931137084961,
                -7.621712207794189
              ],
              [
                126.5071792602539,
                -7.557425022125244
              ],
              [
                126.67288970947266,
                -7.8145751953125
              ],
              [
                126.52690887451172,
                -7.8145751953125
              ],
              [
                126.53699493408203,
                -7.943150520324707
              ],
              [
                126.3960952758789,
                -8.007437705993652
              ],
              [
                125.6661148071289,
                -8.007437705993652
              ]
            ]
          ],
          [
            [
              [
                130.9689178466797,
                -7.685999870300293
              ],
              [
                131.16270446777344,
                -7.364562034606934
              ],
              [
                131.15777587890625,
                -7.30027437210083
              ],
              [
                131.36212158203125,
                -7.10741138458252
              ],
              [
                131.58099365234375,
                -7.10741138458252
              ],
              [
                131.5527801513672,
                -7.685999870300293
              ],
              [
                131.2764129638672,
                -7.878862857818604
              ],
              [
                131.21932983398438,
                -8.071725845336914
              ],
              [
                131.00033569335938,
                -8.071725845336914
              ],
              [
                130.9689178466797,
                -7.685999870300293
              ]
            ]
          ],
          [
            [
              [
                130.87083435058594,
                -7.364562034606934
              ],
              [
                131.0167694091797,
                -7.364562034606934
              ],
              [
                131.03173828125,
                -7.557425022125244
              ],
              [
                130.95875549316406,
                -7.557425022125244
              ],
              [
                130.81280517578125,
                -7.557425022125244
              ],
              [
                130.87083435058594,
                -7.364562034606934
              ]
            ]
          ],
          [
            [
              [
                110.89232635498047,
                -6.400247573852539
              ],
              [
                111.05307006835938,
                -6.657398223876953
              ],
              [
                111.48690795898438,
                -6.59311056137085
              ],
              [
                111.64424133300781,
                -6.78597354888916
              ],
              [
                111.93600463867188,
                -6.78597354888916
              ],
              [
                112.16267395019531,
                -6.914548873901367
              ],
              [
                112.5234603881836,
                -6.850261211395264
              ],
              [
                112.53138732910156,
                -6.978836059570312
              ],
              [
                112.74229431152344,
                -6.850261211395264
              ],
              [
                113.90941619873047,
                -6.850261211395264
              ],
              [
                113.99446105957031,
                -7.043123722076416
              ],
              [
                113.84855651855469,
                -7.043123722076416
              ],
              [
                113.78382110595703,
                -7.171699047088623
              ],
              [
                113.28141021728516,
                -7.30027437210083
              ],
              [
                112.69354248046875,
                -7.235986709594727
              ],
              [
                112.71458435058594,
                -7.557425022125244
              ],
              [
                113.09252166748047,
                -7.750287532806396
              ],
              [
                114.255859375,
                -7.685999870300293
              ],
              [
                114.4107437133789,
                -7.8145751953125
              ],
              [
                114.30169677734375,
                -8.328875541687012
              ],
              [
                114.48686981201172,
                -8.84317684173584
              ],
              [
                114.26774597167969,
                -8.84317684173584
              ],
              [
                114.1798095703125,
                -8.650314331054688
              ],
              [
                113.74161529541016,
                -8.650314331054688
              ],
              [
                113.20647430419922,
                -8.328875541687012
              ],
              [
                112.9874267578125,
                -8.328875541687012
              ],
              [
                112.85083770751953,
                -8.457450866699219
              ],
              [
                112.26666259765625,
                -8.457450866699219
              ],
              [
                111.8922119140625,
                -8.328875541687012
              ],
              [
                110.86542510986328,
                -8.264588356018066
              ],
              [
                110.79241180419922,
                -8.264588356018066
              ],
              [
                110.6926498413086,
                -7.878862857818604
              ],
              [
                110.81719207763672,
                -7.557425022125244
              ],
              [
                110.67123413085938,
                -7.557425022125244
              ],
              [
                110.58992004394531,
                -7.428849697113037
              ],
              [
                110.95894622802734,
                -7.493137359619141
              ],
              [
                111.02774810791016,
                -7.428849697113037
              ],
              [
                110.94245910644531,
                -7.235986709594727
              ],
              [
                110.28580474853516,
                -7.235986709594727
              ],
              [
                110.22506713867188,
                -7.428849697113037
              ],
              [
                110.31055450439453,
                -7.621712207794189
              ],
              [
                110.23757934570312,
                -7.621712207794189
              ],
              [
                110.16459655761719,
                -7.621712207794189
              ],
              [
                110.1688232421875,
                -7.685999870300293
              ],
              [
                110.09584045410156,
                -7.685999870300293
              ],
              [
                110.02285766601562,
                -7.685999870300293
              ],
              [
                110.01444244384766,
                -7.557425022125244
              ],
              [
                109.49128723144531,
                -7.364562034606934
              ],
              [
                109.40232849121094,
                -7.10741138458252
              ],
              [
                108.66887664794922,
                -7.043123722076416
              ],
              [
                108.16597747802734,
                -7.171699047088623
              ],
              [
                107.98770904541016,
                -7.8145751953125
              ],
              [
                107.91472625732422,
                -7.8145751953125
              ],
              [
                107.16431427001953,
                -7.493137359619141
              ],
              [
                106.28465270996094,
                -7.428849697113037
              ],
              [
                106.3343734741211,
                -7.043123722076416
              ],
              [
                105.8854751586914,
                -6.850261211395264
              ],
              [
                105.37486267089844,
                -6.850261211395264
              ],
              [
                105.36400604248047,
                -6.657398223876953
              ],
              [
                105.49927520751953,
                -6.464535236358643
              ],
              [
                105.64512634277344,
                -6.464535236358643
              ],
              [
                105.69756317138672,
                -6.078809261322021
              ],
              [
                105.90641784667969,
                -5.885946750640869
              ],
              [
                106.79126739501953,
                -6.078809261322021
              ],
              [
                106.85420227050781,
                -5.885946750640869
              ],
              [
                107.00001525878906,
                -5.885946750640869
              ],
              [
                107.37120056152344,
                -6.014522075653076
              ],
              [
                107.5272445678711,
                -6.207384586334229
              ],
              [
                108.04115295410156,
                -6.271672248840332
              ],
              [
                108.11407470703125,
                -6.271672248840332
              ],
              [
                108.33635711669922,
                -6.335959911346436
              ],
              [
                108.5806655883789,
                -6.78597354888916
              ],
              [
                109.16799926757812,
                -6.850261211395264
              ],
              [
                110.33898162841797,
                -6.914548873901367
              ],
              [
                110.53135681152344,
                -6.464535236358643
              ],
              [
                110.89232635498047,
                -6.400247573852539
              ]
            ]
          ],
          [
            [
              [
                128.3709259033203,
                -7.10741138458252
              ],
              [
                128.5851287841797,
                -7.043123722076416
              ],
              [
                128.5215301513672,
                -7.171699047088623
              ],
              [
                128.52627563476562,
                -7.235986709594727
              ],
              [
                128.38035583496094,
                -7.235986709594727
              ],
              [
                128.3709259033203,
                -7.10741138458252
              ]
            ]
          ],
          [
            [
              [
                134.3113250732422,
                -5.435933113098145
              ],
              [
                134.5299835205078,
                -5.435933113098145
              ],
              [
                134.679931640625,
                -6.59311056137085
              ],
              [
                134.38360595703125,
                -6.528822898864746
              ],
              [
                134.333984375,
                -6.850261211395264
              ],
              [
                133.97402954101562,
                -6.914548873901367
              ],
              [
                133.96925354003906,
                -6.850261211395264
              ],
              [
                133.8730926513672,
                -6.528822898864746
              ],
              [
                133.94601440429688,
                -6.528822898864746
              ],
              [
                133.91937255859375,
                -6.143096923828125
              ],
              [
                134.2067108154297,
                -6.078809261322021
              ],
              [
                134.17750549316406,
                -5.628796100616455
              ],
              [
                134.31927490234375,
                -5.564508438110352
              ],
              [
                134.3113250732422,
                -5.435933113098145
              ]
            ]
          ],
          [
            [
              [
                132.66709899902344,
                -5.950234413146973
              ],
              [
                132.5212860107422,
                -5.950234413146973
              ],
              [
                132.50489807128906,
                -5.693083763122559
              ],
              [
                132.94635009765625,
                -5.757371425628662
              ],
              [
                132.81712341308594,
                -6.014522075653076
              ],
              [
                132.67129516601562,
                -6.014522075653076
              ],
              [
                132.66709899902344,
                -5.950234413146973
              ]
            ]
          ],
          [
            [
              [
                133.00717163085938,
                -5.564508438110352
              ],
              [
                133.01116943359375,
                -5.628796100616455
              ],
              [
                132.85743713378906,
                -5.500220775604248
              ],
              [
                133.0721893310547,
                -5.435933113098145
              ],
              [
                133.00717163085938,
                -5.564508438110352
              ]
            ]
          ],
          [
            [
              [
                121.7742919921875,
                -5.435933113098145
              ],
              [
                121.68406677246094,
                -5.114494800567627
              ],
              [
                121.82645416259766,
                -5.050207138061523
              ],
              [
                121.89933013916016,
                -5.050207138061523
              ],
              [
                121.98941802978516,
                -5.371645450592041
              ],
              [
                121.7742919921875,
                -5.435933113098145
              ]
            ]
          ],
          [
            [
              [
                119.69694519042969,
                -4.728769302368164
              ],
              [
                119.6535873413086,
                -5.307357788085938
              ],
              [
                120.30955505371094,
                -5.307357788085938
              ],
              [
                120.32357025146484,
                -5.564508438110352
              ],
              [
                119.81687927246094,
                -5.628796100616455
              ],
              [
                119.82048034667969,
                -5.693083763122559
              ],
              [
                119.53250885009766,
                -5.757371425628662
              ],
              [
                119.22663879394531,
                -5.500220775604248
              ],
              [
                119.20619201660156,
                -5.114494800567627
              ],
              [
                119.34864807128906,
                -5.050207138061523
              ],
              [
                119.46907806396484,
                -4.535906314849854
              ],
              [
                119.69694519042969,
                -4.728769302368164
              ]
            ]
          ],
          [
            [
              [
                123.03301239013672,
                -4.407330989837646
              ],
              [
                123.12165069580078,
                -4.728769302368164
              ],
              [
                122.91288757324219,
                -4.921631813049316
              ],
              [
                123.0863037109375,
                -5.435933113098145
              ],
              [
                122.79834747314453,
                -5.500220775604248
              ],
              [
                122.80934143066406,
                -5.693083763122559
              ],
              [
                122.441162109375,
                -5.628796100616455
              ],
              [
                122.43388366699219,
                -5.500220775604248
              ],
              [
                122.4302978515625,
                -5.435933113098145
              ],
              [
                122.13874053955078,
                -5.435933113098145
              ],
              [
                122.1776123046875,
                -4.793056964874268
              ],
              [
                122.45948028564453,
                -4.600193977355957
              ],
              [
                122.67807006835938,
                -4.600193977355957
              ],
              [
                122.81444549560547,
                -4.407330989837646
              ],
              [
                123.03301239013672,
                -4.407330989837646
              ]
            ]
          ],
          [
            [
              [
                127.94834899902344,
                -3.57159161567688
              ],
              [
                128.23690795898438,
                -3.507303953170776
              ],
              [
                128.2453155517578,
                -3.700166940689087
              ],
              [
                127.81404876708984,
                -3.828742265701294
              ],
              [
                127.80268096923828,
                -3.57159161567688
              ],
              [
                127.8755111694336,
                -3.57159161567688
              ],
              [
                127.94834899902344,
                -3.57159161567688
              ]
            ]
          ],
          [
            [
              [
                126.65150451660156,
                -3.893029928207397
              ],
              [
                126.43009185791016,
                -3.828742265701294
              ],
              [
                126.35725402832031,
                -3.828742265701294
              ],
              [
                125.90629577636719,
                -3.507303953170776
              ],
              [
                125.890625,
                -3.121578216552734
              ],
              [
                126.83479309082031,
                -3.05729079246521
              ],
              [
                127.05834197998047,
                -3.185865879058838
              ],
              [
                127.21454620361328,
                -3.443016529083252
              ],
              [
                127.15277099609375,
                -3.700166940689087
              ],
              [
                126.65150451660156,
                -3.893029928207397
              ]
            ]
          ],
          [
            [
              [
                128.52822875976562,
                -3.507303953170776
              ],
              [
                128.382568359375,
                -3.507303953170776
              ],
              [
                128.0831298828125,
                -3.314441204071045
              ],
              [
                128.077880859375,
                -3.185865879058838
              ],
              [
                127.9348373413086,
                -3.250153541564941
              ],
              [
                127.8700180053711,
                -3.443016529083252
              ],
              [
                127.72435760498047,
                -3.443016529083252
              ],
              [
                127.71375274658203,
                -3.185865879058838
              ],
              [
                127.7789535522461,
                -2.993003129959106
              ],
              [
                128.28131103515625,
                -2.800140142440796
              ],
              [
                129.664794921875,
                -2.800140142440796
              ],
              [
                129.96353149414062,
                -2.993003129959106
              ],
              [
                130.40045166015625,
                -2.993003129959106
              ],
              [
                130.55125427246094,
                -3.121578216552734
              ],
              [
                130.55923461914062,
                -3.314441204071045
              ],
              [
                130.5619659423828,
                -3.378728866577148
              ],
              [
                130.7860107421875,
                -3.507303953170776
              ],
              [
                130.7306365966797,
                -3.893029928207397
              ],
              [
                129.9148406982422,
                -3.57159161567688
              ],
              [
                129.76084899902344,
                -3.378728866577148
              ],
              [
                128.96246337890625,
                -3.443016529083252
              ],
              [
                128.66574096679688,
                -3.314441204071045
              ],
              [
                128.52822875976562,
                -3.507303953170776
              ]
            ]
          ],
          [
            [
              [
                107.5230941772461,
                -2.607277393341064
              ],
              [
                107.52116394042969,
                -2.542989730834961
              ],
              [
                108.03083801269531,
                -2.542989730834961
              ],
              [
                108.18035888671875,
                -2.671565055847168
              ],
              [
                108.12416076660156,
                -3.185865879058838
              ],
              [
                107.46874237060547,
                -3.185865879058838
              ],
              [
                107.45027923583984,
                -2.607277393341064
              ],
              [
                107.5230941772461,
                -2.607277393341064
              ]
            ]
          ],
          [
            [
              [
                125.79196166992188,
                -2.414414644241333
              ],
              [
                125.70459747314453,
                -1.964401364326477
              ],
              [
                125.55900573730469,
                -1.964401364326477
              ],
              [
                125.4862060546875,
                -1.964401364326477
              ],
              [
                125.26585388183594,
                -1.900113701820374
              ],
              [
                125.26203155517578,
                -1.771538615226746
              ],
              [
                126.13557434082031,
                -1.771538615226746
              ],
              [
                126.06859588623047,
                -1.964401364326477
              ],
              [
                125.9229965209961,
                -1.964401364326477
              ],
              [
                126.01258087158203,
                -2.478702068328857
              ],
              [
                125.79196166992188,
                -2.414414644241333
              ]
            ]
          ],
          [
            [
              [
                130.35968017578125,
                -1.83582615852356
              ],
              [
                130.28688049316406,
                -1.83582615852356
              ],
              [
                130.22227478027344,
                -2.092976570129395
              ],
              [
                129.85826110839844,
                -2.092976570129395
              ],
              [
                129.63572692871094,
                -1.964401364326477
              ],
              [
                129.70254516601562,
                -1.771538615226746
              ],
              [
                130.06268310546875,
                -1.642963409423828
              ],
              [
                130.2810516357422,
                -1.642963409423828
              ],
              [
                130.35968017578125,
                -1.83582615852356
              ]
            ]
          ],
          [
            [
              [
                124.5303955078125,
                -1.642963409423828
              ],
              [
                125.11457824707031,
                -1.707250952720642
              ],
              [
                125.19305419921875,
                -1.900113701820374
              ],
              [
                124.25059509277344,
                -2.028688907623291
              ],
              [
                124.23921966552734,
                -1.642963409423828
              ],
              [
                124.45760345458984,
                -1.642963409423828
              ],
              [
                124.5303955078125,
                -1.642963409423828
              ]
            ]
          ],
          [
            [
              [
                128.0207977294922,
                -1.514388203620911
              ],
              [
                128.02825927734375,
                -1.771538615226746
              ],
              [
                127.30030059814453,
                -1.771538615226746
              ],
              [
                127.21831512451172,
                -1.450100660324097
              ],
              [
                127.65157318115234,
                -1.321525454521179
              ],
              [
                127.65330505371094,
                -1.385813117027283
              ],
              [
                128.0207977294922,
                -1.514388203620911
              ]
            ]
          ],
          [
            [
              [
                124.9589614868164,
                1.249976277351379
              ],
              [
                124.60539245605469,
                1.507126569747925
              ],
              [
                124.75902557373047,
                1.699989318847656
              ],
              [
                125.12300109863281,
                1.699989318847656
              ],
              [
                125.1824722290039,
                1.378551483154297
              ],
              [
                125.10968017578125,
                1.378551483154297
              ],
              [
                124.9589614868164,
                1.249976277351379
              ]
            ]
          ]
        ]
      }
    }
  ]
}