{
  "type": "FeatureCollection",
  "name": "territory-927",
  "features": [
    {
      "type": "Feature",
      "properties": {
        "Name": "(Vichy France)",
        "FromYear": 1943,
        "ToYear": 1943,
        "Area": 11922017.909923436,
        "Type": "POLITY",
        "Wikipedia": "Vichy France",
        "Wikidata": "Q69808",
        "SeshatID": "",
        "Components": "Vichy France;French Africa;French Indochina",
        "MemberOf": ""
      },
      "geometry": {
        "type": "MultiPolygon",
        "coordinates": [
          [
            [
              [
                50.42414474487305,
                -15.593376159667969
              ],
              [
                50.22584915161133,
                -15.979104042053223
              ],
              [
                49.9314079284668,
                -15.979104042053223
              ],
              [
                49.758392333984375,
                -15.529088973999023
              ],
              [
                49.607669830322266,
                -15.464800834655762
              ],
              [
                49.55594253540039,
                -15.850528717041016
              ],
              [
                49.71809005737305,
                -16.10767936706543
              ],
              [
                49.75656509399414,
                -16.750560760498047
              ],
              [
                49.62094497680664,
                -16.943424224853516
              ],
              [
                49.473506927490234,
                -16.943424224853516
              ],
              [
                49.34577941894531,
                -17.264863967895508
              ],
              [
                49.45573043823242,
                -17.84345245361328
              ],
              [
                49.3243293762207,
                -18.100603103637695
              ],
              [
                49.3406867980957,
                -18.35775375366211
              ],
              [
                48.94633865356445,
                -19.129201889038086
              ],
              [
                48.90104293823242,
                -19.57921028137207
              ],
              [
                48.69929885864258,
                -19.900644302368164
              ],
              [
                48.719642639160156,
                -20.222076416015625
              ],
              [
                48.51344680786133,
                -20.47922134399414
              ],
              [
                48.3435173034668,
                -21.31494140625
              ],
              [
                48.07908248901367,
                -21.82923126220703
              ],
              [
                48.09147644042969,
                -22.022090911865234
              ],
              [
                47.9510612487793,
                -22.150665283203125
              ],
              [
                47.77859115600586,
                -22.922107696533203
              ],
              [
                47.7041130065918,
                -22.922107696533203
              ],
              [
                47.72151184082031,
                -23.179258346557617
              ],
              [
                47.4635009765625,
                -23.757850646972656
              ],
              [
                47.4166145324707,
                -24.143585205078125
              ],
              [
                47.21153259277344,
                -24.400745391845703
              ],
              [
                47.16598129272461,
                -24.786487579345703
              ],
              [
                46.966697692871094,
                -25.10794448852539
              ],
              [
                46.67759704589844,
                -25.236528396606445
              ],
              [
                46.07894515991211,
                -25.236528396606445
              ],
              [
                45.510433197021484,
                -25.622283935546875
              ],
              [
                44.986148834228516,
                -25.622283935546875
              ],
              [
                44.66682434082031,
                -25.365114212036133
              ],
              [
                44.29255676269531,
                -25.365114212036133
              ],
              [
                43.81547546386719,
                -24.979360580444336
              ],
              [
                43.713863372802734,
                -24.593616485595703
              ],
              [
                43.47248458862305,
                -24.336454391479492
              ],
              [
                43.43121337890625,
                -23.69356346130371
              ],
              [
                43.564430236816406,
                -23.43640899658203
              ],
              [
                43.411407470703125,
                -23.372121810913086
              ],
              [
                43.39591598510742,
                -23.11496925354004
              ],
              [
                43.161048889160156,
                -22.922107696533203
              ],
              [
                43.03547286987305,
                -22.022090911865234
              ],
              [
                43.31147384643555,
                -21.63637351989746
              ],
              [
                43.297367095947266,
                -21.379228591918945
              ],
              [
                43.4388542175293,
                -21.250656127929688
              ],
              [
                43.6616096496582,
                -21.250656127929688
              ],
              [
                43.71464157104492,
                -20.864938735961914
              ],
              [
                43.91600036621094,
                -20.47922134399414
              ],
              [
                44.3358154296875,
                -20.029216766357422
              ],
              [
                44.25455093383789,
                -19.900644302368164
              ],
              [
                44.29985046386719,
                -19.386350631713867
              ],
              [
                44.144657135009766,
                -19.257776260375977
              ],
              [
                44.11962127685547,
                -18.80776596069336
              ],
              [
                43.87657928466797,
                -18.422040939331055
              ],
              [
                43.75056838989258,
                -17.457727432250977
              ],
              [
                44.36663818359375,
                -16.557695388793945
              ],
              [
                44.27314376831055,
                -16.171968460083008
              ],
              [
                44.7885627746582,
                -16.171968460083008
              ],
              [
                45.0698356628418,
                -15.914815902709961
              ],
              [
                45.2939567565918,
                -15.979104042053223
              ],
              [
                45.51145553588867,
                -15.914815902709961
              ],
              [
                45.50483322143555,
                -15.786240577697754
              ],
              [
                46.16379165649414,
                -15.721952438354492
              ],
              [
                46.157142639160156,
                -15.593376159667969
              ],
              [
                46.44478225708008,
                -15.464800834655762
              ],
              [
                46.58203125,
                -15.271936416625977
              ],
              [
                46.94970703125,
                -15.271936416625977
              ],
              [
                46.93991470336914,
                -15.079072952270508
              ],
              [
                47.22427749633789,
                -14.886209487915039
              ],
              [
                47.214759826660156,
                -14.69334602355957
              ],
              [
                47.4351921081543,
                -14.69334602355957
              ],
              [
                47.515045166015625,
                -14.821921348571777
              ],
              [
                47.5086669921875,
                -14.69334602355957
              ],
              [
                47.65245056152344,
                -14.629057884216309
              ],
              [
                47.563438415527344,
                -14.307619094848633
              ],
              [
                47.8480339050293,
                -14.114755630493164
              ],
              [
                47.74816131591797,
                -13.536166191101074
              ],
              [
                47.89204025268555,
                -13.471879005432129
              ],
              [
                48.197139739990234,
                -13.729029655456543
              ],
              [
                48.188385009765625,
                -13.536166191101074
              ],
              [
                48.61991500854492,
                -13.343303680419922
              ],
              [
                48.81470489501953,
                -12.764715194702148
              ],
              [
                48.65470504760742,
                -12.443277359008789
              ],
              [
                49.01319885253906,
                -12.250414848327637
              ],
              [
                49.00288009643555,
                -11.993265151977539
              ],
              [
                49.29843521118164,
                -12.057552337646484
              ],
              [
                49.544986724853516,
                -12.700428009033203
              ],
              [
                49.770484924316406,
                -12.82900333404541
              ],
              [
                50.01962661743164,
                -13.471879005432129
              ],
              [
                50.03492736816406,
                -13.793316841125488
              ],
              [
                50.038047790527344,
                -13.85760498046875
              ],
              [
                50.111446380615234,
                -13.85760498046875
              ],
              [
                50.15726852416992,
                -14.757633209228516
              ],
              [
                50.398712158203125,
                -15.14336109161377
              ],
              [
                50.42414474487305,
                -15.593376159667969
              ]
            ]
          ],
          [
            [
              [
                49.77631759643555,
                -17.07200050354004
              ],
              [
                49.70258331298828,
                -17.07200050354004
              ],
              [
                49.75656509399414,
                -16.750560760498047
              ],
              [
                49.90395736694336,
                -16.750560760498047
              ],
              [
                49.91581726074219,
                -16.943424224853516
              ],
              [
                49.77631759643555,
                -17.07200050354004
              ]
            ]
          ],
          [
            [
              [
                48.10361099243164,
                -13.279016494750977
              ],
              [
                48.100807189941406,
                -13.214728355407715
              ],
              [
                48.247493743896484,
                -13.214728355407715
              ],
              [
                48.25886535644531,
                -13.471879005432129
              ],
              [
                48.035919189453125,
                -13.407590866088867
              ],
              [
                48.10361099243164,
                -13.279016494750977
              ]
            ]
          ],
          [
            [
              [
                45.086097717285156,
                -13.021865844726562
              ],
              [
                45.01277160644531,
                -13.021865844726562
              ],
              [
                44.9394416809082,
                -13.021865844726562
              ],
              [
                44.92706298828125,
                -12.700428009033203
              ],
              [
                45.1494255065918,
                -12.764715194702148
              ],
              [
                45.086097717285156,
                -13.021865844726562
              ]
            ]
          ],
          [
            [
              [
                43.7426643371582,
                -12.378990173339844
              ],
              [
                43.74495315551758,
                -12.443277359008789
              ],
              [
                43.5228385925293,
                -12.378990173339844
              ],
              [
                43.518333435058594,
                -12.250414848327637
              ],
              [
                43.738128662109375,
                -12.250414848327637
              ],
              [
                43.7426643371582,
                -12.378990173339844
              ]
            ]
          ],
          [
            [
              [
                44.40447235107422,
                -12.443277359008789
              ],
              [
                44.33119201660156,
                -12.443277359008789
              ],
              [
                44.175437927246094,
                -12.186127662658691
              ],
              [
                44.46847915649414,
                -12.186127662658691
              ],
              [
                44.477752685546875,
                -12.443277359008789
              ],
              [
                44.40447235107422,
                -12.443277359008789
              ]
            ]
          ],
          [
            [
              [
                43.341915130615234,
                -11.35038948059082
              ],
              [
                43.3608283996582,
                -11.928977012634277
              ],
              [
                43.21220397949219,
                -11.864689826965332
              ],
              [
                43.13896560668945,
                -11.864689826965332
              ],
              [
                43.05732345581055,
                -11.607540130615234
              ],
              [
                43.13053894042969,
                -11.607540130615234
              ],
              [
                43.122318267822266,
                -11.35038948059082
              ],
              [
                43.341915130615234,
                -11.35038948059082
              ]
            ]
          ],
          [
            [
              [
                -51.70283889770508,
                4.142918586730957
              ],
              [
                -51.989261627197266,
                3.564330101013184
              ],
              [
                -52.35175323486328,
                3.30717945098877
              ],
              [
                -52.49507141113281,
                2.7928786277771
              ],
              [
                -52.858131408691406,
                2.27857780456543
              ],
              [
                -53.29490280151367,
                2.150002479553223
              ],
              [
                -53.513370513916016,
                2.27857780456543
              ],
              [
                -54.02300262451172,
                2.27857780456543
              ],
              [
                -54.31412124633789,
                2.085714817047119
              ],
              [
                -54.60551834106445,
                2.342865228652954
              ],
              [
                -54.46000671386719,
                2.407152891159058
              ],
              [
                -54.24263000488281,
                2.7928786277771
              ],
              [
                -54.244842529296875,
                3.242892026901245
              ],
              [
                -54.10001754760742,
                3.371467113494873
              ],
              [
                -54.10247039794922,
                3.692905426025391
              ],
              [
                -54.32212448120117,
                3.821480512619019
              ],
              [
                -54.47108840942383,
                4.142918586730957
              ],
              [
                -54.482295989990234,
                4.978658199310303
              ],
              [
                -54.41255569458008,
                5.171521186828613
              ],
              [
                -54.124351501464844,
                5.364383697509766
              ],
              [
                -54.058719635009766,
                5.750109672546387
              ],
              [
                -53.98582077026367,
                5.750109672546387
              ],
              [
                -52.88752365112305,
                5.492959022521973
              ],
              [
                -52.58853530883789,
                5.042945861816406
              ],
              [
                -52.14759063720703,
                4.785795211791992
              ],
              [
                -52.07472229003906,
                4.785795211791992
              ],
              [
                -52.000152587890625,
                4.657219886779785
              ],
              [
                -51.781558990478516,
                4.657219886779785
              ],
              [
                -51.703495025634766,
                4.207206249237061
              ],
              [
                -51.70283889770508,
                4.142918586730957
              ]
            ]
          ],
          [
            [
              [
                22.51580810546875,
                14.621796607971191
              ],
              [
                22.57798194885254,
                14.107494354248047
              ],
              [
                22.2054386138916,
                13.850343704223633
              ],
              [
                22.266767501831055,
                13.271754264831543
              ],
              [
                21.894859313964844,
                13.014603614807129
              ],
              [
                21.888460159301758,
                12.69316577911377
              ],
              [
                22.47354507446289,
                12.628878593444824
              ],
              [
                22.465726852416992,
                12.24315357208252
              ],
              [
                22.53510093688965,
                12.050291061401367
              ],
              [
                22.680299758911133,
                11.986002922058105
              ],
              [
                22.598047256469727,
                11.535990715026855
              ],
              [
                22.958913803100586,
                11.278841018676758
              ],
              [
                22.878021240234375,
                10.893115997314453
              ],
              [
                23.451618194580078,
                10.314528465270996
              ],
              [
                23.66318130493164,
                9.928803443908691
              ],
              [
                23.72589874267578,
                9.41450309753418
              ],
              [
                23.50156021118164,
                9.157352447509766
              ],
              [
                23.566953659057617,
                8.771627426147461
              ],
              [
                24.076921463012695,
                8.707340240478516
              ],
              [
                24.22038459777832,
                8.578764915466309
              ],
              [
                24.146059036254883,
                8.514476776123047
              ],
              [
                24.213891983032227,
                8.25732707977295
              ],
              [
                24.723649978637695,
                8.193038940429688
              ],
              [
                24.937376022338867,
                7.935888767242432
              ],
              [
                25.226688385009766,
                7.807313442230225
              ],
              [
                25.218721389770508,
                7.421587944030762
              ],
              [
                25.79710578918457,
                7.164437294006348
              ],
              [
                26.083538055419922,
                6.907287120819092
              ],
              [
                26.08084487915039,
                6.778711795806885
              ],
              [
                26.296966552734375,
                6.650136470794678
              ],
              [
                26.290231704711914,
                6.328698635101318
              ],
              [
                26.504953384399414,
                6.135835647583008
              ],
              [
                26.502262115478516,
                6.007260322570801
              ],
              [
                27.22317886352539,
                5.62153434753418
              ],
              [
                27.215042114257812,
                5.235808849334717
              ],
              [
                26.846609115600586,
                5.042945861816406
              ],
              [
                26.409351348876953,
                5.042945861816406
              ],
              [
                26.26624298095703,
                5.171521186828613
              ],
              [
                25.394269943237305,
                5.300096035003662
              ],
              [
                25.243330001831055,
                5.042945861816406
              ],
              [
                24.949260711669922,
                4.914370536804199
              ],
              [
                24.29593849182129,
                5.042945861816406
              ],
              [
                24.22054100036621,
                4.914370536804199
              ],
              [
                23.33989715576172,
                4.592932224273682
              ],
              [
                22.760662078857422,
                4.785795211791992
              ],
              [
                22.457063674926758,
                4.142918586730957
              ],
              [
                22.310155868530273,
                4.078630924224854
              ],
              [
                21.80381965637207,
                4.271493911743164
              ],
              [
                20.567659378051758,
                4.400069236755371
              ],
              [
                20.139705657958984,
                4.914370536804199
              ],
              [
                19.705862045288086,
                5.10723352432251
              ],
              [
                19.268592834472656,
                5.10723352432251
              ],
              [
                18.824682235717773,
                4.721507549285889
              ],
              [
                18.747371673583984,
                4.464356899261475
              ],
              [
                18.52657699584961,
                4.335781574249268
              ],
              [
                18.579145431518555,
                3.178604364395142
              ],
              [
                18.0556697845459,
                2.407152891159058
              ],
              [
                17.971233367919922,
                1.76427698135376
              ],
              [
                18.0428524017334,
                1.699989318847656
              ],
              [
                17.813817977905273,
                1.121401190757751
              ],
              [
                17.873321533203125,
                0.414238125085831
              ],
              [
                17.64887046813965,
                0.092800483107567
              ],
              [
                17.66450309753418,
                -0.421499729156494
              ],
              [
                17.520097732543945,
                -0.67864990234375
              ],
              [
                17.229829788208008,
                -0.871512532234192
              ],
              [
                17.230398178100586,
                -1.00008761882782
              ],
              [
                16.722021102905273,
                -1.257237911224365
              ],
              [
                16.433595657348633,
                -1.900113701820374
              ],
              [
                16.143207550048828,
                -2.092976570129395
              ],
              [
                16.072528839111328,
                -2.607277393341064
              ],
              [
                16.145339965820312,
                -2.607277393341064
              ],
              [
                16.147998809814453,
                -3.250153541564941
              ],
              [
                15.859294891357422,
                -3.893029928207397
              ],
              [
                15.641023635864258,
                -3.957317352294922
              ],
              [
                15.350887298583984,
                -4.278755664825439
              ],
              [
                15.205182075500488,
                -4.278755664825439
              ],
              [
                14.914715766906738,
                -4.535906314849854
              ],
              [
                14.915185928344727,
                -4.664481639862061
              ],
              [
                14.551765441894531,
                -4.921631813049316
              ],
              [
                14.332929611206055,
                -4.857344150543213
              ],
              [
                14.331172943115234,
                -4.343043327331543
              ],
              [
                13.748747825622559,
                -4.47161865234375
              ],
              [
                13.458487510681152,
                -4.857344150543213
              ],
              [
                13.239876747131348,
                -4.857344150543213
              ],
              [
                13.093583106994629,
                -4.664481639862061
              ],
              [
                12.947854042053223,
                -4.664481639862061
              ],
              [
                12.6556978225708,
                -4.407330989837646
              ],
              [
                11.928659439086914,
                -5.050207138061523
              ],
              [
                11.855782508850098,
                -5.050207138061523
              ],
              [
                11.709745407104492,
                -4.921631813049316
              ],
              [
                11.489850997924805,
                -4.343043327331543
              ],
              [
                10.83321762084961,
                -3.893029928207397
              ],
              [
                10.394654273986816,
                -3.185865879058838
              ],
              [
                9.373335838317871,
                -2.350126981735229
              ],
              [
                9.226644515991211,
                -1.900113701820374
              ],
              [
                9.080726623535156,
                -1.771538615226746
              ],
              [
                9.153019905090332,
                -1.578675746917725
              ],
              [
                8.93447494506836,
                -1.514388203620911
              ],
              [
                8.933778762817383,
                -1.257237911224365
              ],
              [
                8.641728401184082,
                -0.935800075531006
              ],
              [
                8.713746070861816,
                -0.67864990234375
              ],
              [
                8.932085990905762,
                -0.67864990234375
              ],
              [
                9.149606704711914,
                -0.421499729156494
              ],
              [
                9.137816429138184,
                0.285663068294525
              ],
              [
                9.572155952453613,
                0.15708801150322
              ],
              [
                9.141240119934082,
                0.478525668382645
              ],
              [
                9.217402458190918,
                0.671388268470764
              ],
              [
                9.435741424560547,
                0.671388268470764
              ],
              [
                9.440199851989746,
                0.928538501262665
              ],
              [
                9.441303253173828,
                0.992826044559479
              ],
              [
                9.94968032836914,
                0.928538501262665
              ],
              [
                11.116446495056152,
                1.057113647460938
              ],
              [
                11.189230918884277,
                1.057113647460938
              ],
              [
                11.271918296813965,
                1.635701775550842
              ],
              [
                11.20765209197998,
                2.150002479553223
              ],
              [
                9.67983341217041,
                2.214290142059326
              ],
              [
                9.680851936340332,
                2.27857780456543
              ],
              [
                9.687862396240234,
                2.728590965270996
              ],
              [
                9.839350700378418,
                3.114316701889038
              ],
              [
                9.624690055847168,
                3.371467113494873
              ],
              [
                9.6274995803833,
                3.564330101013184
              ],
              [
                9.482758522033691,
                3.628617763519287
              ],
              [
                9.485508918762207,
                3.821480512619019
              ],
              [
                9.632100105285645,
                3.885768175125122
              ],
              [
                9.561065673828125,
                4.01434326171875
              ],
              [
                9.48822021484375,
                4.01434326171875
              ],
              [
                9.421545028686523,
                4.464356899261475
              ],
              [
                9.571562767028809,
                4.785795211791992
              ],
              [
                9.71729850769043,
                4.785795211791992
              ],
              [
                9.865591049194336,
                4.978658199310303
              ],
              [
                9.796062469482422,
                5.235808849334717
              ],
              [
                9.942658424377441,
                5.300096035003662
              ],
              [
                10.093358039855957,
                5.685822010040283
              ],
              [
                10.385770797729492,
                5.750109672546387
              ],
              [
                11.269660949707031,
                6.457273483276367
              ],
              [
                11.415517807006836,
                6.457273483276367
              ],
              [
                11.566218376159668,
                6.842999458312988
              ],
              [
                11.712908744812012,
                6.907287120819092
              ],
              [
                11.866700172424316,
                7.550163269042969
              ],
              [
                12.237802505493164,
                8.06446361541748
              ],
              [
                12.241597175598145,
                8.385902404785156
              ],
              [
                12.610492706298828,
                8.707340240478516
              ],
              [
                12.756562232971191,
                8.707340240478516
              ],
              [
                12.906442642211914,
                9.028778076171875
              ],
              [
                12.91019058227539,
                9.350214958190918
              ],
              [
                13.278571128845215,
                9.607365608215332
              ],
              [
                13.28304386138916,
                9.993090629577637
              ],
              [
                13.579967498779297,
                10.378815650939941
              ],
              [
                13.582919120788574,
                10.635965347290039
              ],
              [
                13.8082857131958,
                11.15026569366455
              ],
              [
                14.617207527160645,
                11.47170352935791
              ],
              [
                14.69894027709961,
                12.178865432739258
              ],
              [
                14.189059257507324,
                12.436016082763672
              ],
              [
                14.123007774353027,
                13.07889175415039
              ],
              [
                13.616464614868164,
                13.721768379211426
              ],
              [
                12.880118370056152,
                13.464617729187012
              ],
              [
                12.436383247375488,
                13.07889175415039
              ],
              [
                12.143057823181152,
                13.07889175415039
              ],
              [
                11.851381301879883,
                13.271754264831543
              ],
              [
                11.192243576049805,
                13.40032958984375
              ],
              [
                10.384861946105957,
                13.336042404174805
              ],
              [
                10.164381980895996,
                13.271754264831543
              ],
              [
                9.574493408203125,
                12.757453918457031
              ],
              [
                8.988409042358398,
                12.821741104125977
              ],
              [
                8.76948070526123,
                13.014603614807129
              ],
              [
                8.40315055847168,
                13.07889175415039
              ],
              [
                8.110910415649414,
                13.336042404174805
              ],
              [
                7.744143486022949,
                13.336042404174805
              ],
              [
                7.229631900787354,
                13.014603614807129
              ],
              [
                6.936327457427979,
                13.014603614807129
              ],
              [
                6.424422264099121,
                13.657480239868164
              ],
              [
                6.130897045135498,
                13.657480239868164
              ],
              [
                5.837568759918213,
                13.850343704223633
              ],
              [
                5.250380516052246,
                13.850343704223633
              ],
              [
                5.103571891784668,
                13.721768379211426
              ],
              [
                4.443127155303955,
                13.657480239868164
              ],
              [
                4.223119735717773,
                13.464617729187012
              ],
              [
                4.223230838775635,
                13.207467079162598
              ],
              [
                4.003312587738037,
                12.757453918457031
              ],
              [
                3.710121631622314,
                12.500303268432617
              ],
              [
                3.709814310073853,
                11.857428550720215
              ],
              [
                3.563173770904541,
                11.664566040039062
              ],
              [
                3.56268310546875,
                11.278841018676758
              ],
              [
                3.781901836395264,
                11.085978507995605
              ],
              [
                3.853660583496094,
                10.507390975952148
              ],
              [
                3.633700609207153,
                10.314528465270996
              ],
              [
                3.632693290710449,
                9.993090629577637
              ],
              [
                3.339632987976074,
                9.800228118896484
              ],
              [
                3.192554473876953,
                9.543078422546387
              ],
              [
                3.117725372314453,
                9.09306526184082
              ],
              [
                2.751929998397827,
                8.964489936828613
              ],
              [
                2.745050668716431,
                7.614450931549072
              ],
              [
                2.818030118942261,
                7.614450931549072
              ],
              [
                2.73602032661438,
                6.328698635101318
              ],
              [
                2.663097143173218,
                6.328698635101318
              ],
              [
                1.422457218170166,
                6.200123310089111
              ],
              [
                1.202747225761414,
                6.071547985076904
              ],
              [
                1.129834055900574,
                6.071547985076904
              ],
              [
                0.550810694694519,
                6.714424133300781
              ],
              [
                0.552698075771332,
                7.035862445831299
              ],
              [
                0.69967246055603,
                7.228724956512451
              ],
              [
                0.554739773273468,
                7.421587944030762
              ],
              [
                0.704814195632935,
                8.385902404785156
              ],
              [
                0.413348734378815,
                8.578764915466309
              ],
              [
                0.561295866966248,
                9.350214958190918
              ],
              [
                0.269204944372177,
                9.478790283203125
              ],
              [
                0.416020572185516,
                10.250240325927734
              ],
              [
                -0.022916218265891,
                10.635965347290039
              ],
              [
                0.049819197505713,
                11.021690368652344
              ],
              [
                -0.316173881292343,
                11.085978507995605
              ],
              [
                -0.535349071025848,
                10.893115997314453
              ],
              [
                -0.8282870054245,
                11.021690368652344
              ],
              [
                -2.803768634796143,
                10.957403182983398
              ],
              [
                -2.875137090682983,
                10.443102836608887
              ],
              [
                -2.728187799453735,
                10.185953140258789
              ],
              [
                -2.726871490478516,
                9.350214958190918
              ],
              [
                -2.653800964355469,
                9.350214958190918
              ],
              [
                -2.726715087890625,
                8.964489936828613
              ],
              [
                -2.507708787918091,
                8.643052101135254
              ],
              [
                -2.508231639862061,
                8.193038940429688
              ],
              [
                -2.874063730239868,
                7.743025779724121
              ],
              [
                -2.87452220916748,
                7.550163269042969
              ],
              [
                -3.020807981491089,
                7.421587944030762
              ],
              [
                -3.241532325744629,
                6.842999458312988
              ],
              [
                -3.171709775924683,
                6.135835647583008
              ],
              [
                -3.026559114456177,
                6.007260322570801
              ],
              [
                -2.955893516540527,
                5.62153434753418
              ],
              [
                -2.738029479980469,
                5.492959022521973
              ],
              [
                -2.739772319793701,
                5.235808849334717
              ],
              [
                -2.959325551986694,
                5.10723352432251
              ],
              [
                -2.960261583328247,
                4.978658199310303
              ],
              [
                -3.033135890960693,
                4.978658199310303
              ],
              [
                -3.177960634231567,
                5.10723352432251
              ],
              [
                -3.688109636306763,
                5.10723352432251
              ],
              [
                -3.978779077529907,
                5.235808849334717
              ],
              [
                -4.634724140167236,
                5.235808849334717
              ],
              [
                -4.708407402038574,
                5.10723352432251
              ],
              [
                -5.2910475730896,
                5.171521186828613
              ],
              [
                -5.291830539703369,
                5.042945861816406
              ],
              [
                -5.87484073638916,
                5.042945861816406
              ],
              [
                -7.48237133026123,
                4.335781574249268
              ],
              [
                -7.555225372314453,
                4.335781574249268
              ],
              [
                -7.62455415725708,
                4.914370536804199
              ],
              [
                -7.403665542602539,
                5.364383697509766
              ],
              [
                -7.402568817138672,
                5.62153434753418
              ],
              [
                -7.983836650848389,
                6.264410972595215
              ],
              [
                -8.566877365112305,
                6.457273483276367
              ],
              [
                -8.274633407592773,
                6.971574783325195
              ],
              [
                -8.420724868774414,
                7.550163269042969
              ],
              [
                -8.71280288696289,
                7.678738594055176
              ],
              [
                -8.858329772949219,
                7.293012619018555
              ],
              [
                -9.223098754882812,
                7.228724956512451
              ],
              [
                -9.44219970703125,
                7.421587944030762
              ],
              [
                -9.370221138000488,
                7.935888767242432
              ],
              [
                -9.517651557922363,
                8.385902404785156
              ],
              [
                -9.664202690124512,
                8.514476776123047
              ],
              [
                -10.24810791015625,
                8.450189590454102
              ],
              [
                -10.685644149780273,
                8.321614265441895
              ],
              [
                -10.540809631347656,
                8.578764915466309
              ],
              [
                -10.542537689208984,
                8.900202751159668
              ],
              [
                -10.689813613891602,
                9.09306526184082
              ],
              [
                -10.692002296447754,
                9.41450309753418
              ],
              [
                -10.838627815246582,
                9.478790283203125
              ],
              [
                -10.913736343383789,
                9.735940933227539
              ],
              [
                -11.281484603881836,
                9.993090629577637
              ],
              [
                -11.939462661743164,
                9.993090629577637
              ],
              [
                -12.084430694580078,
                9.86451530456543
              ],
              [
                -12.449934959411621,
                9.86451530456543
              ],
              [
                -12.882011413574219,
                9.157352447509766
              ],
              [
                -13.319286346435547,
                9.028778076171875
              ],
              [
                -13.31982135772705,
                9.09306526184082
              ],
              [
                -13.32149600982666,
                9.285927772521973
              ],
              [
                -13.467629432678223,
                9.285927772521973
              ],
              [
                -13.76574993133545,
                9.86451530456543
              ],
              [
                -13.911952018737793,
                9.86451530456543
              ],
              [
                -14.060364723205566,
                10.057377815246582
              ],
              [
                -14.575383186340332,
                10.314528465270996
              ],
              [
                -14.6537504196167,
                10.7002534866333
              ],
              [
                -14.800058364868164,
                10.7002534866333
              ],
              [
                -14.803834915161133,
                10.957403182983398
              ],
              [
                -14.877005577087402,
                10.957403182983398
              ],
              [
                -14.950177192687988,
                10.957403182983398
              ],
              [
                -14.809881210327148,
                11.343128204345703
              ],
              [
                -14.593442916870117,
                11.535990715026855
              ],
              [
                -13.863401412963867,
                11.664566040039062
              ],
              [
                -13.720138549804688,
                11.857428550720215
              ],
              [
                -13.721223831176758,
                11.92171573638916
              ],
              [
                -13.8699312210083,
                12.050291061401367
              ],
              [
                -13.873369216918945,
                12.24315357208252
              ],
              [
                -13.582629203796387,
                12.37172794342041
              ],
              [
                -13.587417602539062,
                12.628878593444824
              ],
              [
                -15.346488952636719,
                12.628878593444824
              ],
              [
                -15.562348365783691,
                12.436016082763672
              ],
              [
                -16.22186279296875,
                12.436016082763672
              ],
              [
                -16.65877342224121,
                12.307440757751465
              ],
              [
                -16.73204231262207,
                12.307440757751465
              ],
              [
                -16.821340560913086,
                13.014603614807129
              ],
              [
                -16.748014450073242,
                13.014603614807129
              ],
              [
                -16.749553680419922,
                13.07889175415039
              ],
              [
                -15.871064186096191,
                13.143178939819336
              ],
              [
                -15.725882530212402,
                13.207467079162598
              ],
              [
                -15.728910446166992,
                13.336042404174805
              ],
              [
                -15.362143516540527,
                13.336042404174805
              ],
              [
                -15.146598815917969,
                13.528904914855957
              ],
              [
                -14.926488876342773,
                13.528904914855957
              ],
              [
                -14.25903606414795,
                13.207467079162598
              ],
              [
                -14.039009094238281,
                13.207467079162598
              ],
              [
                -13.749756813049316,
                13.40032958984375
              ],
              [
                -13.825939178466797,
                13.528904914855957
              ],
              [
                -14.264707565307617,
                13.464617729187012
              ],
              [
                -14.782773971557617,
                13.657480239868164
              ],
              [
                -14.859247207641602,
                13.786055564880371
              ],
              [
                -15.226210594177246,
                13.786055564880371
              ],
              [
                -15.515010833740234,
                13.593193054199219
              ],
              [
                -15.88029956817627,
                13.528904914855957
              ],
              [
                -16.542268753051758,
                13.593193054199219
              ],
              [
                -16.54392433166504,
                13.657480239868164
              ],
              [
                -16.62067222595215,
                13.786055564880371
              ],
              [
                -16.767457962036133,
                13.786055564880371
              ],
              [
                -16.7744197845459,
                14.043206214904785
              ],
              [
                -17.007564544677734,
                14.493220329284668
              ],
              [
                -17.23375701904297,
                14.686083793640137
              ],
              [
                -17.454187393188477,
                14.686083793640137
              ],
              [
                -17.386709213256836,
                14.878947257995605
              ],
              [
                -17.023244857788086,
                15.007523536682129
              ],
              [
                -17.02732276916504,
                15.136098861694336
              ],
              [
                -16.81085968017578,
                15.26467514038086
              ],
              [
                -16.602807998657227,
                15.650403022766113
              ],
              [
                -16.48678970336914,
                16.550434112548828
              ],
              [
                -16.01150131225586,
                17.643327713012695
              ],
              [
                -16.137310028076172,
                18.929079055786133
              ],
              [
                -16.523740768432617,
                19.314802169799805
              ],
              [
                -16.52936553955078,
                19.443374633789062
              ],
              [
                -16.381322860717773,
                19.443374633789062
              ],
              [
                -16.46952247619629,
                19.764808654785156
              ],
              [
                -16.250173568725586,
                19.8290958404541
              ],
              [
                -16.258737564086914,
                20.021955490112305
              ],
              [
                -16.18464469909668,
                20.021955490112305
              ],
              [
                -16.196147918701172,
                20.279102325439453
              ],
              [
                -16.356115341186523,
                20.53624725341797
              ],
              [
                -16.655738830566406,
                20.60053253173828
              ],
              [
                -16.825366973876953,
                21.050535202026367
              ],
              [
                -17.044944763183594,
                20.986249923706055
              ],
              [
                -17.060546875,
                21.307680130004883
              ],
              [
                -16.98628807067871,
                21.307680130004883
              ],
              [
                -16.912029266357422,
                21.307680130004883
              ],
              [
                -13.050570487976074,
                21.307680130004883
              ],
              [
                -12.90743637084961,
                21.43625259399414
              ],
              [
                -13.04719352722168,
                22.914846420288086
              ],
              [
                -12.618234634399414,
                23.30057144165039
              ],
              [
                -12.174028396606445,
                23.36486053466797
              ],
              [
                -11.884771347045898,
                23.557723999023438
              ],
              [
                -11.934903144836426,
                26.000778198242188
              ],
              [
                -8.711413383483887,
                26.000778198242188
              ],
              [
                -8.573935508728027,
                26.257951736450195
              ],
              [
                -8.577085494995117,
                26.32224464416504
              ],
              [
                -8.728948593139648,
                27.800947189331055
              ],
              [
                -8.65363597869873,
                27.800947189331055
              ],
              [
                -8.689399719238281,
                28.44382095336914
              ],
              [
                -8.6139497756958,
                28.44382095336914
              ],
              [
                -8.696734428405762,
                28.572391510009766
              ],
              [
                -9.142093658447266,
                28.44382095336914
              ],
              [
                -9.134653091430664,
                28.315250396728516
              ],
              [
                -10.103551864624023,
                28.12238883972168
              ],
              [
                -10.781972885131836,
                28.12238883972168
              ],
              [
                -11.330116271972656,
                28.44382095336914
              ],
              [
                -11.334264755249023,
                28.508106231689453
              ],
              [
                -10.616477012634277,
                29.08665657043457
              ],
              [
                -10.465293884277344,
                29.08665657043457
              ],
              [
                -10.33069133758545,
                29.34377670288086
              ],
              [
                -10.040523529052734,
                29.536611557006836
              ],
              [
                -10.048895835876465,
                29.665164947509766
              ],
              [
                -9.83006763458252,
                29.79371452331543
              ],
              [
                -9.83426570892334,
                29.857990264892578
              ],
              [
                -9.38790225982666,
                29.986536026000977
              ],
              [
                -9.404620170593262,
                30.243623733520508
              ],
              [
                -9.63221263885498,
                30.243623733520508
              ],
              [
                -9.636479377746582,
                30.307893753051758
              ],
              [
                -9.649378776550293,
                30.500701904296875
              ],
              [
                -9.881543159484863,
                30.564971923828125
              ],
              [
                -9.859257698059082,
                31.336183547973633
              ],
              [
                -9.783116340637207,
                31.336183547973633
              ],
              [
                -9.734487533569336,
                31.7217960357666
              ],
              [
                -9.5149564743042,
                31.8503360748291
              ],
              [
                -9.52421760559082,
                31.978878021240234
              ],
              [
                -9.309136390686035,
                32.171695709228516
              ],
              [
                -9.332544326782227,
                32.493072509765625
              ],
              [
                -9.198505401611328,
                32.75019073486328
              ],
              [
                -8.551655769348145,
                33.32876968383789
              ],
              [
                -7.129902839660645,
                33.84315490722656
              ],
              [
                -7.062007427215576,
                33.971771240234375
              ],
              [
                -6.90380334854126,
                33.90746307373047
              ],
              [
                -6.613898754119873,
                34.164703369140625
              ],
              [
                -6.699729919433594,
                34.2933349609375
              ],
              [
                -6.473203659057617,
                34.3576545715332
              ],
              [
                -6.482059955596924,
                34.48630142211914
              ],
              [
                -6.264156818389893,
                34.679283142089844
              ],
              [
                -6.20477819442749,
                34.93662643432617
              ],
              [
                -6.290933609008789,
                35.065311431884766
              ],
              [
                -6.132044315338135,
                35.00096893310547
              ],
              [
                -6.136500358581543,
                35.065311431884766
              ],
              [
                -5.441550254821777,
                35.065311431884766
              ],
              [
                -5.278662204742432,
                34.93662643432617
              ],
              [
                -4.734359741210938,
                34.87228775024414
              ],
              [
                -2.805453538894653,
                34.87228775024414
              ],
              [
                -2.584532737731934,
                35.065311431884766
              ],
              [
                -2.507316112518311,
                35.065311431884766
              ],
              [
                -1.661227107048035,
                35.12965774536133
              ],
              [
                -1.590568661689758,
                35.258358001708984
              ],
              [
                -1.358735799789429,
                35.258358001708984
              ],
              [
                -1.136477708816528,
                35.45143127441406
              ],
              [
                -1.223541498184204,
                35.644527435302734
              ],
              [
                -1.065529465675354,
                35.58015823364258
              ],
              [
                -0.917115688323975,
                35.708900451660156
              ],
              [
                -0.530006587505341,
                35.708900451660156
              ],
              [
                -0.458719998598099,
                35.837650299072266
              ],
              [
                0.083524890244007,
                35.837650299072266
              ],
              [
                0.376142233610153,
                36.2239875793457
              ],
              [
                0.683685302734375,
                36.28839111328125
              ],
              [
                0.678023815155029,
                36.417205810546875
              ],
              [
                0.913757801055908,
                36.3527946472168
              ],
              [
                1.216211557388306,
                36.5460319519043
              ],
              [
                1.529616475105286,
                36.48161697387695
              ],
              [
                2.376901149749756,
                36.67487716674805
              ],
              [
                2.690169095993042,
                36.61045455932617
              ],
              [
                2.841080188751221,
                36.73930740356445
              ],
              [
                3.229894161224365,
                36.73930740356445
              ],
              [
                3.458978891372681,
                36.8681755065918
              ],
              [
                3.850007295608521,
                36.80373764038086
              ],
              [
                4.235154151916504,
                36.932613372802734
              ],
              [
                4.859498500823975,
                36.8681755065918
              ],
              [
                5.097836971282959,
                36.67487716674805
              ],
              [
                5.56428337097168,
                36.67487716674805
              ],
              [
                5.639055728912354,
                36.80373764038086
              ],
              [
                6.105763912200928,
                36.80373764038086
              ],
              [
                6.103042125701904,
                36.932613372802734
              ],
              [
                6.333924293518066,
                37.06150817871094
              ],
              [
                6.804664611816406,
                36.8681755065918
              ],
              [
                7.193697929382324,
                36.8681755065918
              ],
              [
                7.346271514892578,
                37.06150817871094
              ],
              [
                7.502017498016357,
                37.06150817871094
              ],
              [
                7.738344192504883,
                36.8681755065918
              ],
              [
                8.516410827636719,
                36.8681755065918
              ],
              [
                8.903155326843262,
                37.12596130371094
              ],
              [
                9.05947494506836,
                37.06150817871094
              ],
              [
                9.214249610900879,
                37.1904182434082
              ],
              [
                9.292166709899902,
                37.1904182434082
              ],
              [
                9.528290748596191,
                36.80373764038086
              ],
              [
                9.684208869934082,
                36.73930740356445
              ],
              [
                9.684557914733887,
                36.67487716674805
              ],
              [
                9.995521545410156,
                36.67487716674805
              ],
              [
                10.307524681091309,
                36.28839111328125
              ],
              [
                10.540359497070312,
                36.28839111328125
              ],
              [
                10.540467262268066,
                36.2239875793457
              ],
              [
                10.462876319885254,
                36.2239875793457
              ],
              [
                10.541105270385742,
                35.837650299072266
              ],
              [
                10.618568420410156,
                35.837650299072266
              ],
              [
                10.69615650177002,
                35.708900451660156
              ],
              [
                10.850979804992676,
                35.77327346801758
              ],
              [
                10.928420066833496,
                35.58015823364258
              ],
              [
                11.08318042755127,
                35.58015823364258
              ],
              [
                11.083049774169922,
                35.38706970214844
              ],
              [
                11.005731582641602,
                35.38706970214844
              ],
              [
                11.082771301269531,
                35.00096893310547
              ],
              [
                10.85119342803955,
                34.93662643432617
              ],
              [
                10.851213455200195,
                34.80794906616211
              ],
              [
                10.543014526367188,
                34.55062484741211
              ],
              [
                10.158095359802246,
                34.42197799682617
              ],
              [
                10.004497528076172,
                34.2933349609375
              ],
              [
                10.082062721252441,
                34.10039138793945
              ],
              [
                9.928223609924316,
                34.10039138793945
              ],
              [
                9.851304054260254,
                34.10039138793945
              ],
              [
                9.621773719787598,
                33.84315490722656
              ],
              [
                9.701128005981445,
                33.26447677612305
              ],
              [
                11.309968948364258,
                32.557350158691406
              ],
              [
                11.462910652160645,
                32.557350158691406
              ],
              [
                11.538878440856934,
                32.36451721191406
              ],
              [
                11.38591194152832,
                32.30024337768555
              ],
              [
                11.3095121383667,
                32.30024337768555
              ],
              [
                11.233304023742676,
                32.428794860839844
              ],
              [
                11.233207702636719,
                32.36451721191406
              ],
              [
                11.233112335205078,
                32.30024337768555
              ],
              [
                11.003870010375977,
                32.23596954345703
              ],
              [
                10.469846725463867,
                31.7217960357666
              ],
              [
                10.165175437927246,
                31.593257904052734
              ],
              [
                10.318992614746094,
                30.822044372558594
              ],
              [
                9.940349578857422,
                30.372163772583008
              ],
              [
                9.410012245178223,
                30.179353713989258
              ],
              [
                9.410943984985352,
                29.986536026000977
              ],
              [
                9.562827110290527,
                29.922264099121094
              ],
              [
                9.86794662475586,
                29.34377670288086
              ],
              [
                9.869053840637207,
                29.022375106811523
              ],
              [
                9.94463062286377,
                29.022375106811523
              ],
              [
                9.872198104858398,
                28.12238883972168
              ],
              [
                10.023558616638184,
                27.92952537536621
              ],
              [
                9.873793601989746,
                27.6723690032959
              ],
              [
                9.952367782592773,
                26.70800018310547
              ],
              [
                9.428544998168945,
                26.32224464416504
              ],
              [
                9.429776191711426,
                26.06507110595703
              ],
              [
                10.106834411621094,
                25.357851028442383
              ],
              [
                10.108100891113281,
                24.97209930419922
              ],
              [
                10.258833885192871,
                24.586353302001953
              ],
              [
                10.483336448669434,
                24.457773208618164
              ],
              [
                11.006176948547363,
                24.522062301635742
              ],
              [
                11.37983512878418,
                24.393482208251953
              ],
              [
                11.753276824951172,
                24.07203483581543
              ],
              [
                12.12596607208252,
                23.429147720336914
              ],
              [
                13.467179298400879,
                23.236284255981445
              ],
              [
                14.209542274475098,
                22.657697677612305
              ],
              [
                15.03004264831543,
                22.914846420288086
              ],
              [
                15.85341739654541,
                23.429147720336914
              ],
              [
                16.151613235473633,
                23.429147720336914
              ],
              [
                17.708938598632812,
                22.72198486328125
              ],
              [
                17.781892776489258,
                22.59341049194336
              ],
              [
                18.226879119873047,
                22.46483612060547
              ],
              [
                18.2996768951416,
                22.33626365661621
              ],
              [
                18.892210006713867,
                22.143402099609375
              ],
              [
                18.964805603027344,
                22.014829635620117
              ],
              [
                19.704429626464844,
                21.7576847076416
              ],
              [
                19.776775360107422,
                21.629112243652344
              ],
              [
                20.73607635498047,
                21.24339485168457
              ],
              [
                20.808090209960938,
                21.114822387695312
              ],
              [
                21.25114631652832,
                20.986249923706055
              ],
              [
                21.690279006958008,
                20.664819717407227
              ],
              [
                22.865962982177734,
                20.150527954101562
              ],
              [
                22.937223434448242,
                20.021955490112305
              ],
              [
                23.378820419311523,
                19.893383026123047
              ],
              [
                23.449888229370117,
                19.764808654785156
              ],
              [
                24.037635803222656,
                19.571949005126953
              ],
              [
                24.089113235473633,
                15.843266487121582
              ],
              [
                23.938671112060547,
                15.714691162109375
              ],
              [
                23.35001564025879,
                15.714691162109375
              ],
              [
                23.052614212036133,
                15.586114883422852
              ],
              [
                23.045000076293945,
                15.26467514038086
              ],
              [
                22.74348258972168,
                14.943235397338867
              ],
              [
                22.664186477661133,
                14.686083793640137
              ],
              [
                22.51580810546875,
                14.621796607971191
              ]
            ],
            [
              [
                8.904301643371582,
                36.9970588684082
              ],
              [
                8.826451301574707,
                36.9970588684082
              ],
              [
                8.827044486999512,
                36.932613372802734
              ],
              [
                8.904873847961426,
                36.932613372802734
              ],
              [
                8.904301643371582,
                36.9970588684082
              ]
            ]
          ],
          [
            [
              [
                41.830623626708984,
                10.957403182983398
              ],
              [
                41.8602294921875,
                11.728853225708008
              ],
              [
                42.4015998840332,
                12.436016082763672
              ],
              [
                42.76530075073242,
                12.37172794342041
              ],
              [
                42.99604415893555,
                12.628878593444824
              ],
              [
                43.21870422363281,
                12.69316577911377
              ],
              [
                43.2159309387207,
                12.628878593444824
              ],
              [
                43.49530792236328,
                12.307440757751465
              ],
              [
                43.48179626464844,
                11.986002922058105
              ],
              [
                42.81216049194336,
                11.728853225708008
              ],
              [
                42.73379135131836,
                11.6002779006958
              ],
              [
                43.24630355834961,
                11.6002779006958
              ],
              [
                43.24113845825195,
                11.47170352935791
              ],
              [
                43.23857116699219,
                11.407415390014648
              ],
              [
                42.85749435424805,
                11.021690368652344
              ],
              [
                42.34526824951172,
                11.021690368652344
              ],
              [
                42.0477180480957,
                10.893115997314453
              ],
              [
                41.830623626708984,
                10.957403182983398
              ]
            ]
          ],
          [
            [
              [
                -60.78313446044922,
                14.428933143615723
              ],
              [
                -61.08251190185547,
                14.493220329284668
              ],
              [
                -61.08811950683594,
                14.55750846862793
              ],
              [
                -61.19023132324219,
                14.878947257995605
              ],
              [
                -60.96974182128906,
                14.878947257995605
              ],
              [
                -60.811241149902344,
                14.750371932983398
              ],
              [
                -60.78313446044922,
                14.428933143615723
              ]
            ]
          ],
          [
            [
              [
                -61.769195556640625,
                16.293283462524414
              ],
              [
                -61.48125457763672,
                16.35757064819336
              ],
              [
                -61.494632720947266,
                16.486146926879883
              ],
              [
                -61.3473014831543,
                16.486146926879883
              ],
              [
                -61.18003463745117,
                16.293283462524414
              ],
              [
                -61.17345428466797,
                16.228994369506836
              ],
              [
                -61.461429595947266,
                16.16470718383789
              ],
              [
                -61.58265686035156,
                15.907554626464844
              ],
              [
                -61.73633575439453,
                15.971842765808105
              ],
              [
                -61.769195556640625,
                16.293283462524414
              ]
            ]
          ],
          [
            [
              [
                -62.94948959350586,
                18.286205291748047
              ],
              [
                -62.926856994628906,
                18.093341827392578
              ],
              [
                -63.08210372924805,
                18.157629013061523
              ],
              [
                -63.02336883544922,
                18.286205291748047
              ],
              [
                -62.94948959350586,
                18.286205291748047
              ]
            ]
          ],
          [
            [
              [
                70.2652359008789,
                -49.65542984008789
              ],
              [
                70.15489959716797,
                -49.788211822509766
              ],
              [
                69.81999969482422,
                -49.788211822509766
              ],
              [
                69.76334381103516,
                -49.65542984008789
              ],
              [
                69.09416198730469,
                -49.65542984008789
              ],
              [
                69.06646728515625,
                -49.788211822509766
              ],
              [
                68.81529235839844,
                -49.788211822509766
              ],
              [
                68.6535415649414,
                -48.99253845214844
              ],
              [
                68.82008361816406,
                -48.99253845214844
              ],
              [
                68.73973083496094,
                -48.79399490356445
              ],
              [
                68.9625015258789,
                -48.72784423828125
              ],
              [
                69.2093734741211,
                -48.92634201049805
              ],
              [
                69.56951904296875,
                -48.99253845214844
              ],
              [
                69.59589385986328,
                -49.25749588012695
              ],
              [
                70.42990112304688,
                -49.058753967285156
              ],
              [
                70.56975555419922,
                -49.390071868896484
              ],
              [
                70.18035888671875,
                -49.45638656616211
              ],
              [
                70.0968246459961,
                -49.45638656616211
              ],
              [
                69.81829071044922,
                -49.390071868896484
              ],
              [
                69.95783233642578,
                -49.52272033691406
              ],
              [
                70.20854949951172,
                -49.52272033691406
              ],
              [
                70.2652359008789,
                -49.65542984008789
              ]
            ]
          ],
          [
            [
              [
                167.6221923828125,
                -21.379228591918945
              ],
              [
                167.6964569091797,
                -21.379228591918945
              ],
              [
                167.77072143554688,
                -21.379228591918945
              ],
              [
                168.01112365722656,
                -21.443513870239258
              ],
              [
                168.0076446533203,
                -21.700658798217773
              ],
              [
                167.6926727294922,
                -21.63637351989746
              ],
              [
                167.6221923828125,
                -21.379228591918945
              ]
            ]
          ],
          [
            [
              [
                166.8672332763672,
                -22.40781021118164
              ],
              [
                166.0869903564453,
                -22.279237747192383
              ],
              [
                165.84886169433594,
                -21.957805633544922
              ],
              [
                165.00042724609375,
                -21.572086334228516
              ],
              [
                164.0933074951172,
                -20.672080993652344
              ],
              [
                163.88504028320312,
                -20.15778923034668
              ],
              [
                164.4373779296875,
                -20.28636360168457
              ],
              [
                164.74398803710938,
                -20.6077938079834
              ],
              [
                165.1657257080078,
                -20.8006534576416
              ],
              [
                165.41668701171875,
                -21.186368942260742
              ],
              [
                165.7828369140625,
                -21.443513870239258
              ],
              [
                165.85711669921875,
                -21.443513870239258
              ],
              [
                166.39044189453125,
                -21.76494598388672
              ],
              [
                166.51795959472656,
                -21.957805633544922
              ],
              [
                166.85113525390625,
                -22.08637809753418
              ],
              [
                166.8672332763672,
                -22.40781021118164
              ]
            ]
          ],
          [
            [
              [
                55.0963249206543,
                -21.250656127929688
              ],
              [
                55.07707595825195,
                -20.993511199951172
              ],
              [
                55.21589660644531,
                -20.864938735961914
              ],
              [
                55.58690643310547,
                -20.864938735961914
              ],
              [
                55.59175109863281,
                -20.92922592163086
              ],
              [
                55.769493103027344,
                -21.31494140625
              ],
              [
                55.63078308105469,
                -21.443513870239258
              ],
              [
                55.40795135498047,
                -21.443513870239258
              ],
              [
                55.0963249206543,
                -21.250656127929688
              ]
            ]
          ],
          [
            [
              [
                167.2603759765625,
                -20.864938735961914
              ],
              [
                167.32962036132812,
                -21.12208366394043
              ],
              [
                167.12428283691406,
                -21.186368942260742
              ],
              [
                167.05003356933594,
                -21.186368942260742
              ],
              [
                166.90660095214844,
                -20.92922592163086
              ],
              [
                166.9120330810547,
                -20.672080993652344
              ],
              [
                167.0603790283203,
                -20.672080993652344
              ],
              [
                167.2603759765625,
                -20.864938735961914
              ]
            ]
          ],
          [
            [
              [
                103.81444549560547,
                10.250240325927734
              ],
              [
                103.90501403808594,
                10.443102836608887
              ],
              [
                103.9781494140625,
                10.443102836608887
              ],
              [
                104.12442779541016,
                10.443102836608887
              ],
              [
                104.0897445678711,
                10.057377815246582
              ],
              [
                103.94351959228516,
                10.057377815246582
              ],
              [
                103.81444549560547,
                10.250240325927734
              ]
            ]
          ],
          [
            [
              [
                79.88430786132812,
                11.021690368652344
              ],
              [
                79.87494659423828,
                10.893115997314453
              ],
              [
                79.72860717773438,
                10.893115997314453
              ],
              [
                79.8111343383789,
                11.021690368652344
              ],
              [
                79.88430786132812,
                11.021690368652344
              ]
            ]
          ],
          [
            [
              [
                75.5254135131836,
                11.47170352935791
              ],
              [
                75.530029296875,
                11.535990715026855
              ],
              [
                75.53466796875,
                11.6002779006958
              ],
              [
                75.60787963867188,
                11.6002779006958
              ],
              [
                75.68109893798828,
                11.6002779006958
              ],
              [
                75.67645263671875,
                11.535990715026855
              ],
              [
                75.60324096679688,
                11.535990715026855
              ],
              [
                75.59862518310547,
                11.47170352935791
              ],
              [
                75.5254135131836,
                11.47170352935791
              ]
            ]
          ],
          [
            [
              [
                108.58203125,
                11.15026569366455
              ],
              [
                108.56910705566406,
                11.021690368652344
              ],
              [
                108.11732482910156,
                10.893115997314453
              ],
              [
                108.02532958984375,
                10.7002534866333
              ],
              [
                107.33641815185547,
                10.378815650939941
              ],
              [
                107.04991149902344,
                10.443102836608887
              ],
              [
                107.07432556152344,
                10.7002534866333
              ],
              [
                107.00117492675781,
                10.7002534866333
              ],
              [
                106.98281860351562,
                10.507390975952148
              ],
              [
                106.75736236572266,
                10.443102836608887
              ],
              [
                106.81851196289062,
                10.314528465270996
              ],
              [
                106.66631317138672,
                10.250240325927734
              ],
              [
                106.80664825439453,
                10.185953140258789
              ],
              [
                106.79491424560547,
                10.057377815246582
              ],
              [
                106.64287567138672,
                9.993090629577637
              ],
              [
                106.69871520996094,
                9.800228118896484
              ],
              [
                106.55252075195312,
                9.800228118896484
              ],
              [
                106.60304260253906,
                9.543078422546387
              ],
              [
                106.2320785522461,
                9.478790283203125
              ],
              [
                106.14253997802734,
                9.285927772521973
              ],
              [
                105.62030029296875,
                9.157352447509766
              ],
              [
                105.13510131835938,
                8.578764915466309
              ],
              [
                104.7649154663086,
                8.514476776123047
              ],
              [
                104.7020034790039,
                8.643052101135254
              ],
              [
                104.8582992553711,
                8.771627426147461
              ],
              [
                104.71222686767578,
                8.771627426147461
              ],
              [
                104.7926025390625,
                9.735940933227539
              ],
              [
                105.03448486328125,
                9.993090629577637
              ],
              [
                104.53990173339844,
                10.185953140258789
              ],
              [
                104.4169692993164,
                10.443102836608887
              ],
              [
                104.12442779541016,
                10.443102836608887
              ],
              [
                103.91679382324219,
                10.571678161621094
              ],
              [
                103.54518127441406,
                10.507390975952148
              ],
              [
                103.48978424072266,
                10.7002534866333
              ],
              [
                103.64208221435547,
                10.764540672302246
              ],
              [
                103.59931945800781,
                11.085978507995605
              ],
              [
                103.3554458618164,
                10.828827857971191
              ],
              [
                103.06279754638672,
                10.828827857971191
              ],
              [
                103.05123901367188,
                11.47170352935791
              ],
              [
                102.84432220458984,
                11.6002779006958
              ],
              [
                102.8701400756836,
                11.857428550720215
              ],
              [
                102.73677062988281,
                11.986002922058105
              ],
              [
                102.74337005615234,
                12.050291061401367
              ],
              [
                102.84342956542969,
                12.307440757751465
              ],
              [
                102.4069595336914,
                13.014603614807129
              ],
              [
                102.39213562011719,
                13.528904914855957
              ],
              [
                102.70829010009766,
                13.721768379211426
              ],
              [
                102.90162658691406,
                14.107494354248047
              ],
              [
                103.45578002929688,
                14.428933143615723
              ],
              [
                104.9248275756836,
                14.428933143615723
              ],
              [
                104.9818115234375,
                14.300357818603516
              ],
              [
                105.43069458007812,
                14.364645004272461
              ],
              [
                105.611083984375,
                14.621796607971191
              ],
              [
                105.65400695800781,
                14.943235397338867
              ],
              [
                105.51571655273438,
                15.007523536682129
              ],
              [
                105.67894744873047,
                15.650403022766113
              ],
              [
                105.4030532836914,
                15.77897834777832
              ],
              [
                105.43096923828125,
                15.971842765808105
              ],
              [
                105.30252075195312,
                16.100418090820312
              ],
              [
                104.88909149169922,
                16.293283462524414
              ],
              [
                104.77997589111328,
                16.550434112548828
              ],
              [
                104.83367919921875,
                17.38617706298828
              ],
              [
                104.44100189208984,
                17.707616806030273
              ],
              [
                104.46113586425781,
                17.836191177368164
              ],
              [
                104.01504516601562,
                18.286205291748047
              ],
              [
                103.36023712158203,
                18.350492477416992
              ],
              [
                102.92076873779297,
                17.90047836303711
              ],
              [
                102.5516128540039,
                17.90047836303711
              ],
              [
                102.49761199951172,
                18.029054641723633
              ],
              [
                102.0743408203125,
                18.157629013061523
              ],
              [
                101.3119888305664,
                17.514753341674805
              ],
              [
                101.08100891113281,
                17.450464248657227
              ],
              [
                101.06524658203125,
                17.836191177368164
              ],
              [
                101.27169799804688,
                18.2219181060791
              ],
              [
                101.13379669189453,
                18.286205291748047
              ],
              [
                101.1832275390625,
                18.607641220092773
              ],
              [
                101.3509521484375,
                18.736217498779297
              ],
              [
                101.4008560180664,
                19.057653427124023
              ],
              [
                101.28290557861328,
                19.25051498413086
              ],
              [
                101.31295013427734,
                19.443374633789062
              ],
              [
                101.18492889404297,
                19.571949005126953
              ],
              [
                100.51858520507812,
                19.571949005126953
              ],
              [
                100.5439224243164,
                20.214815139770508
              ],
              [
                100.1288833618164,
                20.40767478942871
              ],
              [
                100.24270629882812,
                20.664819717407227
              ],
              [
                100.6435546875,
                20.857677459716797
              ],
              [
                100.69373321533203,
                21.179107666015625
              ],
              [
                101.09536743164062,
                21.371967315673828
              ],
              [
                101.10553741455078,
                21.43625259399414
              ],
              [
                101.17981719970703,
                21.43625259399414
              ],
              [
                101.25408935546875,
                21.43625259399414
              ],
              [
                101.243896484375,
                21.371967315673828
              ],
              [
                101.3619155883789,
                21.179107666015625
              ],
              [
                101.80736541748047,
                21.179107666015625
              ],
              [
                101.87920379638672,
                21.629112243652344
              ],
              [
                101.64425659179688,
                22.014829635620117
              ],
              [
                101.71820831298828,
                22.46483612060547
              ],
              [
                102.15396881103516,
                22.400548934936523
              ],
              [
                102.58016967773438,
                22.72198486328125
              ],
              [
                102.86701202392578,
                22.657697677612305
              ],
              [
                102.91966247558594,
                22.529123306274414
              ],
              [
                103.21734619140625,
                22.529123306274414
              ],
              [
                103.32465362548828,
                22.72198486328125
              ],
              [
                103.77134704589844,
                22.72198486328125
              ],
              [
                103.88714599609375,
                22.529123306274414
              ],
              [
                104.0359878540039,
                22.529123306274414
              ],
              [
                104.15472412109375,
                22.786272048950195
              ],
              [
                104.51583099365234,
                22.72198486328125
              ],
              [
                104.83610534667969,
                22.85055923461914
              ],
              [
                104.95609283447266,
                23.107707977294922
              ],
              [
                105.21431732177734,
                23.30057144165039
              ],
              [
                105.43790435791016,
                23.30057144165039
              ],
              [
                105.75257110595703,
                22.97913360595703
              ],
              [
                106.19947814941406,
                22.97913360595703
              ],
              [
                106.32543182373047,
                22.85055923461914
              ],
              [
                106.70928955078125,
                22.914846420288086
              ],
              [
                106.77223205566406,
                22.85055923461914
              ],
              [
                106.61822509765625,
                22.400548934936523
              ],
              [
                105.49848937988281,
                21.500539779663086
              ],
              [
                105.36039733886719,
                21.114822387695312
              ],
              [
                105.63613891601562,
                20.986249923706055
              ],
              [
                105.60444641113281,
                20.793392181396484
              ],
              [
                105.72119903564453,
                20.60053253173828
              ],
              [
                106.14505767822266,
                20.471960067749023
              ],
              [
                106.67474365234375,
                20.53624725341797
              ],
              [
                106.66411590576172,
                20.471960067749023
              ],
              [
                106.53694915771484,
                20.150527954101562
              ],
              [
                105.9654769897461,
                19.8290958404541
              ],
              [
                105.73389434814453,
                18.864791870117188
              ],
              [
                106.05134582519531,
                18.543354034423828
              ],
              [
                106.030517578125,
                18.414779663085938
              ],
              [
                106.17830657958984,
                18.414779663085938
              ],
              [
                106.29487609863281,
                18.2219181060791
              ],
              [
                106.56956481933594,
                18.093341827392578
              ],
              [
                106.51790618896484,
                17.77190399169922
              ],
              [
                106.7720947265625,
                17.514753341674805
              ],
              [
                106.75170135498047,
                17.38617706298828
              ],
              [
                107.10018157958984,
                17.257600784301758
              ],
              [
                107.3345718383789,
                16.87187385559082
              ],
              [
                107.48199462890625,
                16.87187385559082
              ],
              [
                107.67310333251953,
                16.67901039123535
              ],
              [
                107.65324401855469,
                16.550434112548828
              ],
              [
                107.86437225341797,
                16.486146926879883
              ],
              [
                107.84467315673828,
                16.35757064819336
              ],
              [
                108.1392822265625,
                16.35757064819336
              ],
              [
                108.33081817626953,
                16.16470718383789
              ],
              [
                108.36572265625,
                15.907554626464844
              ],
              [
                108.69552612304688,
                15.650403022766113
              ],
              [
                108.67666625976562,
                15.52182674407959
              ],
              [
                109.01643371582031,
                15.328963279724121
              ],
              [
                108.97062683105469,
                15.007523536682129
              ],
              [
                109.15530395507812,
                14.750371932983398
              ],
              [
                109.17644500732422,
                14.364645004272461
              ],
              [
                109.3543701171875,
                14.043206214904785
              ],
              [
                109.33059692382812,
                13.271754264831543
              ],
              [
                109.51193237304688,
                12.950316429138184
              ],
              [
                109.46688079833984,
                12.564591407775879
              ],
              [
                109.32029724121094,
                12.564591407775879
              ],
              [
                109.22508239746094,
                12.37172794342041
              ],
              [
                109.24159240722656,
                11.857428550720215
              ],
              [
                109.23467254638672,
                11.793140411376953
              ],
              [
                109.2141342163086,
                11.6002779006958
              ],
              [
                108.72840118408203,
                11.15026569366455
              ],
              [
                108.58203125,
                11.15026569366455
              ]
            ]
          ],
          [
            [
              [
                79.87935638427734,
                11.92171573638916
              ],
              [
                79.86930084228516,
                11.793140411376953
              ],
              [
                79.72283935546875,
                11.793140411376953
              ],
              [
                79.80611419677734,
                11.92171573638916
              ],
              [
                79.87935638427734,
                11.92171573638916
              ]
            ]
          ],
          [
            [
              [
                82.42052459716797,
                16.87187385559082
              ],
              [
                82.40552520751953,
                16.743297576904297
              ],
              [
                82.25813293457031,
                16.743297576904297
              ],
              [
                82.34681701660156,
                16.87187385559082
              ],
              [
                82.42052459716797,
                16.87187385559082
              ]
            ]
          ],
          [
            [
              [
                110.56793975830078,
                21.179107666015625
              ],
              [
                110.49369049072266,
                21.179107666015625
              ],
              [
                110.41944885253906,
                21.179107666015625
              ],
              [
                110.40829467773438,
                21.114822387695312
              ],
              [
                110.19672393798828,
                21.179107666015625
              ],
              [
                110.33821105957031,
                21.5648250579834
              ],
              [
                110.6353759765625,
                21.5648250579834
              ],
              [
                110.8243637084961,
                21.371967315673828
              ],
              [
                110.8131103515625,
                21.307680130004883
              ],
              [
                110.73885345458984,
                21.307680130004883
              ],
              [
                110.72762298583984,
                21.24339485168457
              ],
              [
                110.71642303466797,
                21.179107666015625
              ],
              [
                110.64218139648438,
                21.179107666015625
              ],
              [
                110.56793975830078,
                21.179107666015625
              ]
            ]
          ],
          [
            [
              [
                88.49099731445312,
                22.59341049194336
              ],
              [
                88.34213256835938,
                22.59341049194336
              ],
              [
                88.4442138671875,
                22.786272048950195
              ],
              [
                88.51866912841797,
                22.786272048950195
              ],
              [
                88.49099731445312,
                22.59341049194336
              ]
            ]
          ],
          [
            [
              [
                117.30525970458984,
                39.57893371582031
              ],
              [
                117.42859649658203,
                39.51427459716797
              ],
              [
                117.36046600341797,
                39.38497543334961
              ],
              [
                117.05682373046875,
                39.25570297241211
              ],
              [
                117.04558563232422,
                39.38497543334961
              ],
              [
                117.2264633178711,
                39.57893371582031
              ],
              [
                117.30525970458984,
                39.57893371582031
              ]
            ]
          ]
        ]
      }
    }
  ]
}